Date,ABN.AS,ACGBY,ANZGY,BAC,BACHY,BCS,BK,BMO,BNPQY,BNS,C,CICHY,CM,CMWAY,CRARY,DB,DBSDY,DNKEY,GS,HDB,HSBC,IDCBY,ING,JPM,MFG,MS,MUFG,NABZY,NRDBY,RY,SAN,SCBFF,SCGLY,SMFG,STT,TD,UBS,UNCFF,WEBNF,WFC
2019-01-03,0.008246437831872953,-0.006466399045042246,0.0005921972330425134,-0.01615525386760228,-0.008478807003304297,-0.003955158472185544,,-0.001669214642251634,-0.007648887683173285,0.0003977716869556426,-0.018286601303372958,-0.011827001352000122,0.0019884350152597407,-0.010944631486155341,-0.0038095973679637173,-0.013505377241400825,-0.022508835619327584,0.0010158344365966585,-0.014756939341806647,-0.018006288514479076,-0.011069027370901447,-0.013634893543278131,0.003748994878750215,-0.014313614299408231,0.006535935719933104,-0.01798199391699238,-0.012170407144645227,-0.005956143555929985,0.003539694854730357,-0.004216797116924452,0.008830034132668082,0.0,0.0,-0.012012233321657188,-0.03307663365568975,-0.005786238760300631,-0.012830923340401205,-0.049139045225973454,0.0,-0.007913707232503007
2019-01-04,0.029512034525764726,0.024715300788081627,0.030897271045480942,0.040691631119615816,0.023376451852190942,0.040134938644520855,,0.021787387382967455,0.05063811175061616,0.017144513621214996,0.04773834356245997,0.0344649220192309,0.017590516921760037,0.037117821264261525,0.055673184955411605,0.051787640180507855,0.02769865975887058,0.04564302582289328,0.03215964121477641,0.017137705008373735,0.028768658468142166,0.028492013798937503,0.04927999376667674,0.03620204547754059,0.04770383004062467,0.0400148714545912,0.04976144422006502,0.034061035669041825,0.047162348781244826,0.024326692438540208,0.036681430430517414,0.0,0.04681034507731821,0.051519926328535026,0.037135286893221923,0.01568562663679246,0.03567554176396841,0.0,0.0,0.029202189314994347
2019-01-07,0.008407444061897761,-0.007259765820762799,0.00914310700987447,-0.0007821128963497755,-0.002776479300290679,0.010101040547860221,,0.004005061703317303,0.005566282942076071,0.010109274200167162,0.00866905767985033,-0.006067964511968235,0.012671693856010344,0.003272074335740902,0.0018034230705680145,0.020906443477540868,0.019365654368503564,0.0038718724359643702,0.005525713811767552,-0.005129718385346016,-0.01354982697105945,-0.0028129249133908496,0.007098567257373392,0.0006947576951643374,-0.021978910306974818,0.009878462622662088,-0.007797227835288148,0.008050531444393763,0.0033651944195720617,0.004115020587784275,0.012632093707169955,0.03963541259396464,0.004562828536249602,-0.0014357235520795154,0.012385953459345272,0.0029505609400915997,0.010073827421440128,0.09264249991029169,0.06799865419377278,-0.006486256203244366
2019-01-08,-0.0013965231489627811,0.00635507997377862,0.0073672427868273225,-0.0019583656617532816,0.0027764793002905365,0.006261727137168299,,0.011626859853845163,0.002558502958011281,0.008857891388982887,-0.0027010720768179757,0.0048572941762549575,0.004486916499131854,-0.00038444607942750595,0.008968650550306118,0.004587382468944654,0.0014088780300082707,-0.010684846262391773,-0.0036992684168525975,0.00734788974731673,0.0026761955161628327,-0.0028209706809539264,0.009678831538006362,-0.0018872532177524656,0.003169598788589809,-0.006252967368159324,0.01167316084705406,0.010256462546966107,0.0022370204828390623,-0.00014133293956672508,0.006256394944947419,0.01669914782332183,0.0015162947674182128,0.004301073241855675,0.004299022475347777,0.003921200643918375,0.002310187543895205,-0.010910653292876198,0.0,-0.0021011378103346946
2019-01-09,0.0009311593664293076,0.017048515476646892,0.020677060460769673,0.009752458472460082,0.00736652735024635,0.0,,0.01582399926259465,0.005097758742147744,0.022745731852054803,0.0164526997074073,0.016817248185769733,0.01812554809390028,0.0034542218129729597,0.003564986844117946,-0.020810082065268052,0.0173117257683916,-0.016740913575467364,0.006252821281300108,-0.008804854238257933,0.0067795798676207825,0.028543450501424077,-0.007912261972590637,-0.0016919229142267542,0.006309135044522943,0.00697191403484509,-0.0038759330117659188,0.00902940740275781,0.007790945053556023,0.025728530925957987,0.002076942465394744,0.0025445653685525135,0.0,0.001429566063111738,0.022871292356261723,0.019083423485805773,-0.0030817282498969375,0.022529093128628025,0.0,0.0054540570738931295
2019-01-10,0.00972449522717734,-0.012533762395546197,0.006615278448424334,-0.0011650618064829507,0.0,0.012407040134351982,,0.005744690867762234,0.008018733289030435,0.007654408464789335,0.0010634057615489195,0.0071215027596932415,0.003385766963184969,0.0,0.0053238702208086245,0.005824079239122362,0.010874904895521174,-0.014000120836443284,-0.0026666781250370007,-0.002140094731166794,0.0021695060911763094,0.0006862909509383848,-0.0008828946867549077,-9.972352776518513e-05,0.003139743837745226,-0.0019182252077719693,0.01541450046320474,0.010061684379562553,0.005527889378317239,0.007015528425867193,0.012371257770195848,-0.0025445653685524762,0.007547177142076938,0.012775237053961329,-0.004051333377483671,0.007147804609691294,0.010744609843721683,-0.01580078516882053,0.023128790723716618,-0.001046500491202541
2019-01-11,0.006430949890397262,0.0,0.0,0.011592002277311452,-0.0018363600929406237,0.0,,0.0012881433735628571,-0.0037902913771610874,0.0,0.004419904825709717,-0.005931201577487872,0.006364325260759691,-0.005570883452917974,-0.003545952631273979,-0.005824079239122324,0.006414028599150667,0.006024250097942942,0.005269894564606284,-0.0003897911508431223,-0.0026523212092780936,-0.0013726218247102884,-0.0008836748786608152,-0.0047926666368094065,0.0,0.0019182252077718349,0.005719835767411111,-0.004459316030091011,-0.003313164858593748,-0.002195737767131391,0.004089871732711215,-0.01282058007614949,0.0,0.00842699914901177,0.007489490186960394,-0.0017342038485104667,0.006088324904041499,0.03459987766714417,0.0,0.0025101743913502838
2019-01-14,0.002286802145187832,-0.004514753081100656,0.0010982915515626134,0.012977262219388863,-0.004606435650258774,0.01832684760471978,,-0.0014313479409328892,0.014244125067386865,-0.0027937305771746296,0.03875237086619273,-0.011367169789250155,-0.004737946413135282,0.0011550450789141436,0.0035459526312741183,0.002333703658876962,-0.0012247057745568364,0.0019998599681084078,0.010066122686645697,-0.017494047668068616,-0.01067948367133889,-0.011744533635966847,0.007926003455870623,0.010256454382412053,-0.0031397438377451523,0.017573477405530852,0.0,0.0,0.00220992961881595,0.0012359547397373342,-0.0020429372987763148,0.0,0.013443117688929144,0.0013975981153198974,0.0214075329185843,-0.003090096650711355,0.006051481405971554,0.0,0.0,0.011423356008433827
2019-01-15,0.008642196822532457,0.006314874582259036,0.007109604878020667,0.0068026260226473016,-0.0018482405567903388,-0.004854276217045451,,0.01110971242673192,-0.007935133313891254,0.006321020057170527,0.04073390941814818,0.004203150336624966,0.005732847102380201,0.009575094257159805,0.0035335652915391533,0.005810672657935948,0.0069223491488011974,-0.022223183234767425,0.006636548358323257,0.013882592904730692,0.005839390765451007,0.0034685648807417737,0.0008765729662160235,0.007304350209435048,0.012500176473862009,0.009372207799090539,0.0018991690705120227,0.002232293206178039,-0.005534108038642251,0.006019019305082332,-0.004098252786850605,0.007711942132629742,-0.005952474027805285,-0.0013975981153199109,0.002917484329201255,0.011156088913227582,-0.00302111566357172,-0.06178917892472037,0.0,-0.015610291015632518
2019-01-16,0.02106291962694807,0.026621053840074422,0.010840379156014242,0.06911865380959303,0.013780650638816568,0.015691317128848498,,0.01322656441123778,0.025663858643402697,0.01032455611135749,0.013109947895121779,0.0047817109960129455,0.01112222473588741,-0.001717021066879884,0.031252617794032066,0.07369404661194695,0.008351112644121075,0.0030595323036795947,0.09115309208276695,-0.0006844443942159925,0.007733211370818057,0.010334087977002086,0.028511855544209083,0.008031999019165749,0.0,0.036858847916748504,-0.0038022462821719867,0.0,0.0033241784198263006,0.006932095453104306,0.010214464043647188,0.013986328301057959,0.020680128830109945,0.0,0.02602028560225024,0.018947394632930468,0.023917439654889468,0.03303974107051209,0.0,0.026292835883753436
2019-01-17,-0.0022196581623636588,0.002623439610572129,0.009122518726824359,0.018802604486018195,0.008178101859943106,0.002392183933673079,,0.007936135758424183,-0.026502659894964767,0.010581930906875465,0.0044925027668627745,0.007130156857565777,0.0053923549746279125,0.007418108858004969,-0.015504223100538322,-0.04064256754871505,-0.005245312482653172,-0.006128535617472117,0.010147129464021016,0.006534281966145708,-0.0012046370568262875,0.002737836827757193,-0.011996763496158537,0.00408926302336755,-0.0031104460562682776,-0.04505479983930842,0.0038022462821720965,0.005558545460136599,0.00220992961881595,0.004729057302570803,-0.010214464043647236,0.0,-0.04791317622885226,0.005578780596711045,0.008196661168235817,0.008782712154466594,-0.0036996011831035005,0.0,0.0,0.005908147664003538
2019-01-18,0.01412191863640844,0.006962447361602341,0.00532770733015634,0.01063666599673804,0.004514780434417967,0.02361386663386584,,0.011581118421433105,0.01747131703633949,0.00253780966035825,0.010351110486300686,0.01118646829596311,0.010820276345025982,0.005857350634210192,0.012079431411630703,0.024364417151908565,0.008727097334535366,-0.011334673497471161,0.01718050926695726,0.0046553234554787765,0.010310834793945317,0.014252232816502165,0.028888859153352306,0.01609604659508884,0.006211247230002581,0.026909464341715275,0.005676642111634805,0.003320312252744364,0.004405459275765217,0.0018853922715990228,0.020326070741341802,0.02493894491623537,-0.003072187233561778,0.006930044104409147,0.00351244522500608,0.01404032623277185,0.008856045083109878,0.006644483129926833,0.0,0.01571981977770044
2019-01-21,-0.005272350791636535,,,,,,,,,,,,,,,,,,,,,,,,,,,,,,,,,,,,,,,
2019-01-22,-0.012857605980921904,,,,,,,,,,,,,,,,,,,,,,,,,,,,,,,,,,,,,,,
2019-01-23,0.0013377752191245382,0.013303892890882798,0.007109604878020667,-0.005861421538140662,0.0027210755800768914,0.011820551199517889,,0.0,0.00847824866592007,-0.005080850340963715,0.004516664007188796,0.01240063377623806,-0.005369255877382709,0.008365005707959795,0.01588753855916295,0.02234729554316765,-0.008105171621687963,-0.015831612817920827,-0.003953756689896979,-0.01532477197468998,0.006263674375128172,0.013587193956089342,0.011824879988806061,-0.0025290012737987835,-0.00312991669304784,-0.006149669846034121,0.0,0.0034147244772868195,0.007662718087616349,-0.0035923798173449254,0.012220199966406586,0.024662157770563485,-0.00952395066562967,0.006958979745907246,0.003252615256411011,-0.0018468596466421896,0.008464893328161091,0.03856326364941263,0.0,0.0052011247524210045
2019-01-24,-0.008503310859030574,0.015734646876531276,0.0032644780434706836,0.005517586058261117,0.009914528411853618,-0.003531473420775232,,0.002346038746814837,-0.007201589977262894,0.001454350964553739,0.009292203799901174,0.0058511891010226726,0.005856146005284178,-0.00038767256537779616,-0.005267991679050612,-0.02121812610503982,0.005596647277650945,-0.02041977365219126,0.0045604867162238145,-0.0112215218110813,-0.005538768688034932,0.0073950806074526325,-0.01097541485484467,0.0005844003822574674,0.01863405948489325,-0.0023753731061995,0.013220120821542475,-0.0011368192512754263,0.003266174120508042,0.0022974086064370064,-0.0020263781147563838,-0.0073352317455416555,0.0031848090266079336,0.012405440966186105,0.007035359719215369,0.006082421121707581,0.0015313764191202948,0.0,0.0,-0.0027972365340949478
2019-01-25,0.0022447810500258953,0.029904183704776075,0.020963016536131165,0.01704764668335634,0.028295402948657677,0.016374689749153848,,0.012875530453725028,0.04408192094502491,0.0103007380563248,0.020674447022476134,0.020214328186854418,0.013293440245805163,0.011560941640911562,0.029490506426267667,0.0419951996261255,0.007090613143025233,0.03520362432421366,0.014753934250380728,-0.0011089941301783276,0.01080826891970445,0.01923770653777562,0.030102558654832412,0.006306605056553935,0.0030722223467204574,0.02187567352497547,0.0037453798296125176,0.016920914350239902,0.0054201255945103945,0.010874921050933406,0.018090775776582337,0.009768221981951795,0.040504130864750756,0.008185567974486259,0.01833884015253125,0.011691852131641792,0.002292724426460238,0.021960804127055363,0.0,0.0029968734346415248
2019-01-28,-0.008556642260182244,-0.01441321602316974,-0.0074749288541165705,0.001689135555080295,-0.006999164474940454,-0.01755462440496012,,-0.007376383517324749,-0.008170065668678606,0.0010781940765276724,-0.0026590994676358366,0.0005716456829157677,0.0003599181746893535,-0.005763715341566331,-0.012037952719423303,0.0032415269008760858,-0.002357734837136977,-0.02225842500280041,-0.005093807547968907,-0.00993413068873482,-0.005749784866300796,-0.011897120757601999,-0.0008238411941532043,0.0047279264469732105,-0.012345849195497033,-0.007707792995830022,-0.005623246511281491,-0.006734333716661195,-0.0010816579788939938,0.0014675775614955756,-0.008000122356774417,0.002427085159009469,-0.012288994406879897,-0.0013596622464588982,-0.015398727320238819,0.002720483219790982,-0.004590524925825401,-0.0203174850126725,0.0,-0.006203312278047747
2019-01-29,-0.004987405078292709,0.005959944215585654,-0.016207417722007695,-0.008133174299183145,0.004380233380986326,-0.001181548745178319,,0.002464702151497522,-0.006584479367179184,0.007158271913437664,-0.010073941245706782,0.009101347225624291,0.005385598991419444,-0.010459189557184364,-0.008688203382759685,-0.0043244762784151345,-0.015252671125428876,-0.0032205591204953125,0.0038974052890495435,-0.017055882694156338,0.010991802031208468,0.005305125701274306,-0.00827839816878487,0.0027880146972013423,0.006191936857730193,-0.0037582758996789483,-0.0018814967361652226,-0.015891217525124356,-0.01636695594177562,0.002796145899012942,-0.006041995096051991,-0.027028569802575744,-0.009317006760500884,0.002717342250906551,-0.012661928648990555,0.007938092255817692,-0.002303382106491472,-0.004113631104000582,-0.01365022869120846,0.0006020202892663258
2019-01-30,0.0013626185138872668,0.0,0.010295231152536501,-0.010947640278228593,0.004361202766391105,0.0023614834009845105,,0.01506654255289083,0.006174254345209832,0.010289276800015635,0.015852353640261108,0.0123804728468427,0.010449084902936612,0.011999541548646422,0.010416808553687701,0.006479631174453977,0.01051979281954065,0.012820637195774228,0.009827236903738311,-0.007906881497832011,0.009460717228320054,0.015748266095393277,0.008278398168784906,0.0023012026740525703,0.009216725035495008,0.014121092070046085,0.011236147534430542,0.012507308189222476,0.013115041983582376,0.011501213321280143,-0.015504441117445394,0.02824007387885641,0.006220938996415193,0.00810820444764265,0.005506515108600333,0.0076972569660773114,0.014498610261641688,-0.0008247607613026056,0.0,0.004802878909034283
2019-01-31,-0.014171622337424425,0.005924839863057905,-0.020147698327697014,-0.020855891213883544,0.007802409270614263,-0.014251869597355922,,-0.003805063978083741,-0.03168238722100221,0.004929579164837664,0.0037299774282400435,0.007799678522764916,0.001534240872684075,-0.019033641081448994,-0.02094327024553683,-0.045137044871436625,-0.00433460101487433,-0.02254527739669218,-0.022323601591413476,0.025573731233305162,-0.008273377444399934,0.0045470398935533955,-0.02166774589974731,-0.008753701714935844,-0.03105847125342785,-0.011517426499496122,0.001860398058870506,-0.013652089689059198,-0.003262817319796677,0.0013135017313176459,-0.012578791585925855,0.0,-0.03310003231976527,0.0013450323846807928,-0.0016911899075256777,0.004092646160406405,-0.018349313073046523,0.0,0.0,-0.014815007685376604
2019-02-01,-0.012508902529359087,-0.009326161628500456,-0.0038579864003072894,-0.003166293861444265,-0.01303792196163791,-0.010824081884762632,,0.0020477602583297855,-0.006373635922308124,-0.009351702940968872,-0.005325844491415714,-0.01003926184753925,0.002826845219484193,-0.00609686948207898,-0.010638376179809205,-0.003384005989731577,-0.0036501726088210566,0.04666791331233172,-0.007451743496087417,0.00851582650936502,-0.010019289340459033,-0.009114747137213313,-0.003375366729757371,0.003664484343681703,-0.009508695253084818,-0.011412462683828051,-0.02446038020866921,-0.00920604926290415,-0.0032733015754544408,0.004714840908261628,-0.017021806451445094,-0.003638589235290051,-0.029270272642656112,-0.024490969879696897,0.0038008916762048107,0.0012426494625218023,-0.006968638825732775,-0.07537810078516213,-0.03013634405427144,0.0
2019-02-04,-0.017874626091313534,-0.009413888321951773,0.018600372461651388,0.017464405512170607,0.002621074103948106,0.004825148172252065,,0.005574530511725275,-0.018064871188395625,0.004245841763760464,0.006106920719542898,-0.003931312772268417,-0.0014123920209181315,0.01488186358672463,-0.01617282530996397,-0.005665816333933318,0.008403228897228754,-0.012512983080452242,0.005985824694013826,0.0,0.006214410672930486,-0.003931882029926587,-0.0067857308529967325,0.0035558798315721554,0.0,0.015187931260671727,0.011363834615368272,0.013777562428274917,0.0010923896409845847,0.0024791300325074975,-0.0021479329667925414,0.004848760749175083,-0.025063983549274978,0.00275098176207955,-0.0009838060544503091,0.004071187135367223,-0.003112709668944804,-0.02705308627101023,0.0,0.003062284031506421
2019-02-05,0.01460585615231091,0.01535878591850212,0.053810143325175544,-0.0034682959497069283,0.01644340392971721,0.003603438701255973,,0.004059703173016704,0.024861934323573302,0.002292089166873173,-0.0039105713094516655,0.015079852107688783,0.005871116030532625,0.022675922574634234,0.019731683566960076,0.011299460082320556,0.014675554458191629,0.009399551004481619,0.0014659188020735615,0.007843146802098216,0.008777128258144024,0.00915049200378223,0.016040835673290402,-0.0044223983550738385,0.0,-0.00023533114397170638,-0.0037736469813605075,0.03142787605288367,0.003269635780980886,0.00481058343995158,0.012820632811164403,-0.02572113160268106,0.0050632828324440205,-0.005509690819933291,-0.002675657822045363,0.002822275357843293,0.014700435000047071,0.0,0.08261098072595381,0.004271315868967734
2019-02-06,0.022202575813813397,-0.0059448975965502564,-0.030242115179817803,-0.0017387488594022135,-0.012089940082451942,0.0,,-0.005416303941947063,0.005909598438183198,-0.004058983210453722,0.0012531582873165806,-0.010027985688862472,-0.004576579402577066,-0.01724854307516712,0.017605979614662308,0.005602333998190676,-0.009112129069803332,-0.007303094766249089,-0.007044746913041128,0.004198093973420651,-0.0056847622916559115,-0.008493932075805134,0.050623122372172875,-0.00048179384125162375,0.003179594306312621,-0.0016502260150039127,0.0,-0.02801315157559682,0.005426007431478965,-0.0036384414000204764,-0.002125484730145872,0.02813635797585958,0.006711519453776493,0.0013802366767466671,-0.009493757787365869,-0.0028222753578431917,-0.0023069245939472357,0.0,-0.024822926166015696,-0.0010155597574899589
2019-02-07,-0.017536199926350103,-0.0128591548929528,0.002115418688549069,-0.017202684694048856,-0.009602791164514967,-0.02304524033342457,,-0.0069488795768069146,-0.022559074321730727,-0.005319293261899017,-0.01704862104896153,-0.014096708961174672,-0.018878433634951456,0.010002109083681921,-0.024736190763730043,-0.0681951789695992,-0.006540287930712787,-0.024378754059727052,-0.018219980478077036,0.0032859069095760025,-0.006672872145979016,-0.013875342791696,-0.016051638664852142,-0.013196478183760123,-0.012779824300812696,-0.02146533663134165,-0.011406946189758897,-0.028820246929044325,-0.01856958385972823,-0.006923172577436332,-0.0302398854662939,-0.01703220910430525,-0.06744136526487389,-0.019499139450905187,-0.00685686688526674,-0.009406482758295536,-0.017081063288951096,0.0516588951339545,0.0,-0.02343352882317368
2019-02-08,-0.011707060554312792,-0.007795790673535026,0.006318954756929613,0.0017690536226420191,0.0,-0.0024569140064330704,,-0.0010944857875067253,-0.025284658961982957,-0.00213556605750663,-0.012818535225561785,-0.002843327386841167,0.0027530236419629848,0.01236354914468211,-0.03643397146849553,-0.020544492151907585,0.0008374523968269641,-0.02169259616392963,-0.007277590634293764,-0.002986816510037128,-0.0016754965719601228,0.005308541405007696,-0.013029586728814546,-0.010012868254054704,-0.016207765973293542,-0.016284327974837705,-0.007677500032955709,0.01739170349938994,-0.005527889378317269,-0.00301917922412001,-0.006600623340398611,-0.017326926025021748,-0.029040042198121133,-0.0070572725226045255,-0.011534409654356806,0.0035597796720021535,-0.007072689239935343,0.0,0.0,-0.008983525996501138
2019-02-11,0.016814968709252802,0.0034723951327254306,-0.014807094899285009,0.004232842789438977,-0.004395709228161483,-0.009888777478022978,,-0.002466679960562437,0.009666245062280157,-0.002675911859595468,-0.006471496765685286,0.00567859317938963,-0.003952504600573374,-0.01140689021942684,-0.003717393630440791,0.015748360175780917,-0.0020946555134183434,-0.0032950139706081306,-0.0017756210566159424,0.002589089372253805,-0.0016777469354144036,-0.003978813953508535,0.004906280827122819,-0.004746599501993328,0.009756165047589088,-0.014811190192100967,0.0038461179992266233,-0.011560744432077903,-0.00890888006201795,-0.00725750554192804,-0.0022099033846391873,0.007462685616009683,0.0018398592958423646,0.0014154729054813243,-0.002468263596151265,-0.0116168037162465,0.0007881752350622048,0.00864307233287802,0.0,0.0
2019-02-12,0.014256350578773455,0.006047547641725609,0.007430916740889703,0.009807561388763852,0.00527246445822398,0.009888777478023011,,0.014034044582731194,0.015188063693478424,0.006587688471086478,0.017058675745005906,0.0005660533935839615,0.017487099843012888,0.0005733826663856309,0.02573680554490369,0.026098798557939347,0.012363975600992479,0.021763674981089904,0.016380976019222955,0.014219609667863876,0.010026115653353432,0.0046403785904132345,0.008123305901691873,0.01690617077093784,0.006451600925704307,0.023107963906505186,0.019011975204848458,-0.0011633500828944978,0.01553859079750992,0.007651749093213028,0.004414933862982342,0.006176653961159246,0.01459880380491334,0.015438895644570268,0.010412480357804734,0.012682528250529911,0.010192299748314987,0.03633687309458658,0.0,0.028957343363782046
2019-02-13,-0.0803092566189718,0.00943002843178163,-0.0015879705626309407,0.00034842903527528923,-0.0008767552300625734,-0.0036968415136241933,,-0.00013545175227555996,0.0042973053372782465,-0.001065268577406186,0.005886565140962135,0.0005657331584012573,-0.0040177750068923265,-0.004981145901228753,-0.0018165268076542097,0.0,0.013847968075979957,-0.009735073612552079,0.0010277107215098898,-0.005900297970688722,0.005448653615873707,-0.0019861124245506255,-0.003241336611616514,0.004764515036924049,0.0,0.0009714031060848923,-0.009460757403708253,-0.002331159414908861,-0.004414986215768436,-0.0002628336092621567,-0.002205030478343055,0.002460194925063346,-0.01276238376051166,0.0013917626423022797,-0.00028801771452437744,0.002127498267099578,0.006995624840260039,0.012371361406621697,0.0,-0.0006116426256798365
2019-02-14,-0.010444966767422726,-0.005132713867518242,-0.005310362980055628,-0.01086024798517906,0.0017528876897812697,-0.006191935964398817,,-0.007470343980325283,-0.02079808224360145,-0.006237300258768264,-0.009883730481117356,-0.0022649466306387824,-0.002608079421438165,-0.014313395521291794,-0.005469684184521727,-0.023697722814518346,0.00027240196591948624,-0.0054496558171068,-0.011156565318740043,-0.011506836394278666,0.0009443075876072617,-0.0013263045416495975,-0.010608158480721913,-0.006520681543452344,0.0,-0.01147619497396235,-0.007633741203702319,-0.0023364495695085124,-0.010005669573279533,-0.0036877319169021923,-0.0022099033846391873,-0.01734887433393603,-0.016651448945343265,-0.008379920679061823,-0.01201586245038056,-0.005149652952571587,-0.01797609982363711,0.0,-0.026552872716242987,-0.010252313369875114
2019-02-15,0.024204832407473308,0.003424757977155765,0.02575690178435093,0.025044976041001633,-0.01322195022197144,0.01724171149551828,,0.010442772048427681,0.04075205665797997,0.00942980621591849,0.02920706779125213,-0.006255299865808967,0.0133251663068369,0.01911204062351272,0.04818063724217779,0.053688441121793606,0.0001361325523788633,0.02162257982252138,0.030537382468660924,-0.0004989698172312368,0.010097623824200107,-0.007994561556142686,0.02511273183313164,0.030102820276356572,0.01594942308940251,0.030712336445117748,0.013320851626050019,0.015090283761500442,0.024283776555476963,0.01050042101354037,0.026202004973325328,0.02591149760226745,0.022141281390991103,0.018068673841324663,0.028712764014148878,0.013088700433577492,0.021069842042399853,0.012220077586455184,0.0,0.014323667451447688
2019-02-18,0.014053762975914295,,,,,,,,,,,,,,,,,,,,,,,,,,,,,,,,,,,,,,,
2019-02-19,0.005758322937973837,,,,,,,,,,,,,,,,,,,,,,,,,,,,,,,,,,,,,,,
2019-02-20,-0.008167501569298753,0.003389723060867987,0.0,0.009565993951025455,0.00789142045391804,0.010784797462202747,,0.011101664206874948,0.0082917682939904,0.013326325196704474,0.004030414603967681,-0.0017060688320788453,0.01172030994325112,0.001554141335640061,0.011794620731511133,0.014986002826145732,-0.0028070400963792295,-0.0020832706192158035,-0.00035230081138400404,0.013233243504174135,0.014584594995036209,0.0006625451932192979,0.006339207285881804,0.00483712397501218,-0.003169598788589779,0.006148275161039767,-0.0018745398880404263,-0.003422669223147057,-0.01832931867817085,0.012250979135790792,0.006389928789911323,0.012422553198220701,0.00528645197903478,0.0013615134451740517,0.012116443433734567,0.010942333195406625,-0.036252961126278724,0.0,0.0,0.008669873096301557
2019-02-21,-0.01850085061351316,0.005904917889960422,0.0045882721726925755,-0.004088233156700726,-0.00789142045391816,-0.0023866230676391526,,-0.009220478097142425,-0.02975272717115265,-0.005414392119823147,-0.004962751107529763,-0.00170889282401475,-0.005320973558587748,0.004454167794476041,-0.015189997572263188,-0.00919558245610912,-0.02315475546374216,-0.05244653856718038,-0.01134317303325353,0.004305922381884862,-0.006594131383870134,-0.0013254255135733092,-0.019944846554946858,-0.002083521690040508,-0.00636933068883745,-0.010903206328228212,-0.00753301039919477,-0.003434270340384743,-0.0547930197054673,-0.00927085520569014,-0.01067269984437189,-0.016179688332259145,-0.01594382411742549,-0.010944022899213847,-0.0008307560963225072,-0.0019019672115136235,-0.010488430436560503,0.018452098092824866,0.03930526647191112,-0.005031440128037556
2019-02-22,0.008806280796190847,0.01253665861489219,0.012636037909529683,-0.007195600316010027,0.0017590547981058803,-0.025409804442847825,,0.008554965566684915,0.012679686115098957,0.0043687055781501715,-0.002802466443932483,0.007949996548333718,0.007855667649982636,0.01610163701922888,0.008467296825407913,-0.001155391904476179,0.009272125687631777,0.002195498343159202,-0.0018350348816188282,0.0015973385661960091,-0.0024532934261550566,0.006609319251392987,0.013605639269065039,-0.004466298666770495,-0.003200110011239441,-0.004059704911496493,-0.0037879413518357758,0.006856939563531848,0.013698951248425835,0.001163439290908312,0.004282771054460657,0.009987735850043861,0.014184815432847326,0.0,0.003043182287510413,0.003972739324976803,0.0008108447384497698,0.0,0.0,-0.01095572906526332
2019-02-25,0.008729557635653895,0.015657467329792153,0.004510234357708474,0.006512431100736507,0.04215693496162983,0.013390494464164685,,0.0018617427533876255,0.018311005216127624,-0.002968762919696261,0.006061924528674269,0.027888055447239414,0.0003450724708104977,0.004364112673630451,0.016722830721796447,0.01377762580772973,0.01321316578129574,0.0313030962837523,0.013430098752248576,0.01613019122443318,-0.0029522422330063368,0.034955267326542874,0.011067235274838667,0.01042163351051541,0.003200110011239585,0.009525997787401022,-0.0018991690705119123,0.005678949122703267,0.007905324831119918,0.002581027296364085,0.01273903539698454,0.0037197977249000492,0.027779684748698887,-0.004135076955106464,0.000966482706969263,0.0008615428850184792,0.009677585698110868,0.02589413858115302,0.0,0.01297106376994646
2019-02-26,-0.006783034334033569,-0.01316888600318457,-0.0005004347831186618,0.0006831692152736171,-0.005067691300406753,0.044924858261790115,,0.024021605340702763,0.008213625324075902,-0.02964078256689645,-0.006373769477537725,-0.005515720677703398,-0.007041441274927225,0.00018905406751667497,0.009901182819063723,0.01695912186763227,-0.0005357181459277105,0.010570769737647976,0.0012578651289211812,-0.01036050854650256,0.004179326276642925,-0.013448905839006377,0.014051989075233678,-0.007663495005433352,0.0,0.005200796016437152,-0.0038096847008737915,0.002262140737416044,-0.005640131105740173,0.004500797861307266,0.002107504717686467,0.0012369776942006971,-0.010327414831668491,-0.002766340591554092,0.0024807135742597446,0.003953795580541383,0.011966448964316029,0.010785782995178914,0.0,-0.0014103544809477722
2019-02-27,0.013040568894900512,-0.010828980110387949,-0.004512148209727961,0.008160362290279392,-0.01966695701840629,0.030736597560938977,,0.01506123092869235,0.02384438077271825,-0.0036093822740078225,0.004357386412322972,-0.010005510381862866,0.010257458766110698,-0.0026534628031905936,0.0259333905950106,0.021076709505858608,-0.004971275870651785,0.03715616052830682,1.8234323076566524e-07,-0.00477258868284813,0.009036865239930003,-0.00841703983702812,0.016147935895003584,-0.0012357449473323913,-0.006410493611975168,0.003530746790509851,-0.0019101510665374226,0.0022572617914138216,0.02788792622136503,0.006776911877524693,0.008386005703209793,-0.009938036303402127,0.037355982028559234,-0.0027738751820146706,-0.002895120431716903,0.007690140692023175,0.0031670291429100753,0.0,0.0,0.006231859239670706
2019-02-28,0.022771380161116735,0.0008372112354235066,0.0,-0.010263487536316618,0.0017255926250150672,-0.005871915068024597,,-0.004225311333591525,0.021727158491448757,0.004509670891282618,-0.0065431819822114835,-0.007289034189858409,-0.02755207446721538,-0.0024702168065700576,0.012718681117159689,0.01416917624594131,-0.011241044162886175,0.0010125871521849078,-0.007092533296409106,0.007743563025175364,-0.007320816416116133,0.0006499544505420824,0.008355521403516539,-0.007636414393822725,0.0,-0.01372127823896625,-0.0019139054362912226,0.006741674416535311,0.0021976882872496444,-0.0037024607469319398,0.014507810311070665,0.011173213366516813,0.0115990915660706,-0.008368163057404435,-0.00789961372708371,-0.023425142802733948,0.0015799594365999146,0.03241894166814459,0.0,-0.00020042870987107872
2019-03-01,-0.008005736127550128,0.0016722545758741298,-0.0005025313025711012,0.00787807341401149,0.003442206594454856,-0.011614413641064894,,-0.004629604941289356,-0.003131105131248708,-0.016880451083808517,0.007629625563731953,0.0,-0.007571986991484361,0.004176935341386224,-0.0047506566741983116,0.005396681796915044,0.008138692109486657,0.0,0.007596949730844623,-0.0067472151879718395,-0.005402600264335639,-0.0032541072807525224,0.0022667743198335854,0.0006704230527376372,0.0,0.012310430054257368,-0.0019174765974378657,-0.0033651559472842344,0.001097084912304672,-0.004744035582654681,0.0,-0.028805943694569028,0.006568143266298898,0.0,0.012857017361301881,-0.015455207109274786,0.003152054530838706,0.008862885316312366,0.0,0.00280216747256339
2019-03-04,-0.0023669080889451425,0.00666112585180994,-0.013667736403595834,-0.009599203904455305,0.006849281777074277,0.004662092185686708,,0.0014169175419764882,-0.004321368829115307,0.0010980276074513298,-0.011230957885846217,0.010078429272711135,0.006157255288544905,-0.011049727656046693,-0.011173148360243475,-0.009735107393235685,0.013819540651168844,-0.010172960508087315,-0.011264091444314516,0.0,0.0017221007955721132,0.0006517509833905002,-0.007575982511462516,-0.0023007615498206574,0.0,-0.011834441555413279,-0.0019213585552906218,0.0,-0.0482968190767951,-0.000899709103914364,-0.014507810311070686,0.03495965635307408,-0.003278571001546069,-0.005618098534695378,-0.018158287223925918,-0.0010623386595440092,-0.00631417535702732,0.0,0.0,0.0015978259335004586
2019-03-05,-0.013358877035154414,0.02053459969354698,0.0015279108669866894,0.0017211304904436724,0.012717567322268945,0.010410440253157663,,-0.0002574054787501273,-0.006715469900780715,-0.007893730339480915,-0.012946378934521009,0.014929580916487547,-0.0020090207163675957,0.005730415103917877,-0.004827095057764474,-0.0043573295762659595,0.0014644416744884683,-0.009245144301279791,0.00010201357010503779,0.019130486632159743,0.007835240906843767,0.009079177225574827,-0.030890350447517187,-0.0007681282583285614,-0.0032204717880155863,-0.00238369668757657,0.005752740589019588,0.006718875916933042,0.017114119655875712,0.00012850616157916416,0.002085281165029716,0.0254407485585143,-0.004938370992237529,0.008415250779868176,0.0005592363971874812,-0.0028390760933713053,-0.01114668458334395,0.0,0.0,-0.004399993406063956
2019-03-06,0.008608410784928746,-0.01474233354139569,-0.002547792990238574,-0.008287536051730701,-0.009310332936056433,-0.008087765794814104,,-0.003999384373940317,-0.0011897920889782814,-0.0031380932600691917,-0.00669638331395045,-0.011592491460009891,-0.007240624563749405,0.0024733167239121678,-0.008097192809153289,0.0010912206079889497,-0.0069426593194162394,0.006172916721966984,-0.0064496775009829635,0.005843731394209004,-0.0007317316388426706,-0.0058273906103873336,-0.03430722827811802,-0.003753165405754422,-0.022839580534518664,-0.006704692463856112,-0.005752740589019701,0.00334280846262944,-0.012521722275325595,-0.006710770064474477,0.012422529146041045,-0.020544642991367927,0.0016487987274847052,-0.008415250779868209,-0.014504283873842365,-0.008923878840327103,-0.010462904481708063,-0.013323678946582844,0.0,-0.0014041269042822525
2019-03-07,-0.02068883858929625,-0.013289135680775969,-0.013871445276271896,-0.010106199294145888,-0.011116082429684452,-0.02347537522980721,,-0.005963835144720745,-0.04255964945323273,-0.006491607995971911,-0.009806001292686127,-0.013978657243518948,-0.006454085558266532,-0.010121661959446986,-0.04149991233632613,-0.05722270695808818,-0.011182462093994485,-0.021773837536733585,-0.010166991168464272,-0.0022363108309017806,-0.0024439105341803567,-0.009787872974181768,-0.02882055001256623,-0.0072571240843627,-0.006622505130488726,-0.010871012284002198,-0.021380620793015996,-0.0022270228239128385,-0.018497607550262172,-0.00727753009689844,-0.05064370668308728,0.012361186517913732,-0.055899405885603444,-0.024234947610351148,-0.03053227135898553,-0.006835702400411318,-0.028725641170473968,-0.03642289221304509,0.0,-0.0028140890378477094
2019-03-08,-0.039668249156442396,-0.019418068494841328,-0.017745596882150584,0.0034965495786323936,-0.021730519595888932,-0.015559782134784456,,-0.0029954435216101244,-0.008315962328890035,0.002972810304540317,0.0025811417771161318,-0.01589112788706288,0.00047939442436847516,-0.013526544914290064,0.0016937496723400335,-0.0023119905524310045,-0.002305769303022403,-0.0031497220563580035,0.012731708249931367,0.011900027357845362,0.0,-0.025233751652621657,-0.017699459948940212,0.000388117902393839,0.0,0.004604418793294129,-0.0059115391193995045,-0.010084532480412581,0.011601078396548474,0.000652042651778116,-0.0043385120502068145,-0.02487688179805005,-0.014035380920513277,-0.0028901939559872313,-0.004102954859777598,0.007731858409127438,-0.006683533021182501,0.0,-0.009016323672569855,0.002412547530269931
2019-03-11,0.016554355113056394,0.009333799854676562,0.005775813941928639,0.010071258302872711,0.01828527625716642,0.016746980143919284,,0.0014336555568451453,0.019843421724301875,0.004812098207737083,0.004020463870934734,0.015328034347365975,0.006332057921728617,0.010836041622806245,0.03164273772065058,0.05406707788307581,0.014158114465059404,0.006289471348772509,0.00373170575507438,0.021596233531302963,0.0034196656941491007,0.016672591701439338,0.029327422100979123,0.012924878062367874,0.006622505130488797,0.011777417856065517,-0.003960257765236192,0.01008453248041257,0.020548723785448236,0.002603668059036407,0.012959091549882038,0.015000240473814886,0.03983229538040793,0.008645642275025608,0.00862636089869212,0.0046461688902056705,0.01414931548655358,-0.013224522837753354,0.0,-0.0008034738304167634
2019-03-12,-0.010000109124200681,0.003372917531325737,-0.009468790872179604,0.0,0.009446181699636813,0.009444974039715807,,-0.0056160086841461005,-0.00286922268820909,0.0064415315352004295,0.007992209738434354,0.013986208011153474,-0.0009535401885702862,-0.0030841300992170183,-0.0016405538674749206,-0.02892304543408446,0.0040083901811470216,0.009360529531330127,0.003362606742033611,0.015502743382860363,0.0014618498751683472,0.013140820134810228,-0.0024803055584563635,-0.00297528060171351,0.003294835500241138,0.004291863349137662,0.013793429968178698,-0.002232293206178075,0.0,-0.0001301521673826146,0.0064174558491101475,-0.0012414337066072034,0.0033897091489491827,0.004294915752887951,0.004502546897907197,0.0033815539414053047,0.000825836219026534,0.0,0.0,-0.0022131444714567866
2019-03-13,0.009004524057211385,0.0033613058230661922,0.0047456026442952645,0.012021429713934599,-0.003424737486270504,0.017472850177990957,,0.006267156738656192,0.015478684224707048,0.004575807094332182,0.013285043300534411,-0.006689079860083643,0.003925979986301867,0.004238183821663779,0.01467009282189162,0.022322479015508215,-0.013560109065490562,0.010298683661844726,0.0031477186890022223,0.023174954667116082,0.0012169595429898355,-0.008521875235700435,0.01886085537889785,0.0033584456480765736,0.009820121389455903,0.009000244386549871,0.00195486310371696,0.0,0.005633776612719125,0.0055754370250239,0.027341319382871238,-0.00748148058887292,0.018441468047640346,0.01136375986440629,0.012243696563002915,0.005139796508603806,0.01149445586185472,0.0,0.0,0.005423266535238212
2019-03-14,0.010896681331147707,-0.010118210786039182,-0.01751180953181877,0.005787058069028689,-0.007748455582184532,0.004608381803228046,,0.0025996889340673237,0.0,-0.0021935340530701737,0.007201073796398657,-0.007860720184977832,-0.0007125469087581194,-0.019802665050290352,-0.008123504516015947,-0.016694986460272086,-0.002164977527232329,0.0232923265804517,0.0011149090876959224,9.03916960377189e-05,0.00048614751122185394,-0.0019769507815362193,0.00405337465170245,0.009059280139828384,-0.006535935719933044,0.006580773108036818,-0.003913858277195892,-0.01010680512974068,0.011173319685557619,-0.002978322181853749,0.004140774625782059,0.008722914295480059,0.003316848927478429,-0.0014134013515947673,0.006279764784366509,-0.004961928440671366,0.0024460091847467347,0.0,0.0,0.0085770457262204
2019-03-15,0.007362053292010928,0.007598274106217245,0.002139026335968626,-0.005446024579067136,0.010318178597218152,0.008013899464011416,,0.007759027395335012,0.012053305979997276,0.002558740411679154,0.016705559317376526,0.007860720184977764,0.005569146975250962,0.007617873299456073,0.009740446468644515,-0.0033726560036321453,0.01318819137705523,0.009960017014295372,0.003992589357261592,0.013757523849206829,0.00654161773974659,0.005919165833608908,0.01843750185970316,0.011421333089958848,0.013029430227065987,0.014880696941471755,0.013632156020532839,0.010106805129740685,0.00774772964872683,0.006849737265313823,0.01842427813227252,0.013555476199962089,0.016420559121581583,0.009852323560308376,-0.00270680819247305,0.005315261436472839,-0.004079977952996722,0.0,0.0,0.006137898189548552
2019-03-18,0.014081287220470112,-0.003369801087770675,0.0021346087041560825,0.017591980635625986,0.003415892443725779,0.0,,0.004242081697207734,0.02289894150910239,0.007456831450703048,0.01128746135049525,0.001118138092815648,0.006595040676838375,-0.00722573405939888,0.028664193975771506,0.04190250773884023,0.0058650564721309,0.013779718459701879,0.02101255087887599,0.013746706423244812,0.0028937976555089865,0.003926734998287606,-0.010379240380131919,0.00598829407278494,0.0,0.016026108199887444,-0.0019360387217450445,-0.0033575479829082247,0.01748665719160685,0.004882267660964914,0.01609679828788792,-0.001224974237714976,0.02889456743067704,0.00836816305740449,0.010218476589601873,0.009146912177427913,0.022636622726244917,0.0,0.0,0.020901332682770384
2019-03-19,-0.009203216679765742,0.0025284319445263615,-0.0048089957376733624,-0.005717070435359762,0.006796907731931122,0.007949981329875164,,-0.0017974455242718986,-0.007050813022291885,0.0005432407727330061,-0.004560499090102808,0.0027893950828525825,-0.00035174236739087596,-0.008266323147056632,-0.004720501039996049,-0.022939218185404158,-0.0021286037178091413,0.019221620919655392,-0.006689958018497907,-0.00911383698174033,-0.003618626364101259,0.0019576003773162853,-0.0032155165271302057,-0.0036450381666485905,0.0032311291376888964,-0.0018189146182429452,0.00579710614022804,-0.006749257146832485,-0.010893274932751296,-0.0014104106381675164,0.005970288822526721,-0.021053416257727203,-0.006349307943147827,0.0027738751820145786,-0.009363149658358324,-0.0015771197351541024,0.0047845428865342,0.0,-0.011251169440749838,-0.006205240841236996
2019-03-20,-0.01322581824929475,-0.0016850023508543442,0.0037422609547770867,-0.03465811799194632,-0.00764987602186211,-0.027524584052492865,,-0.006575161602010185,-0.012260366543080829,-0.008182811196567401,-0.020473376322797294,-0.0016727749576477633,-0.009438728844902418,-0.005548732346244991,-0.009508766732291033,-0.03028847025110085,0.0001328775233584766,-0.015472346541302716,-0.034395668590654856,0.01306965439767044,-0.00411671609107779,-0.002610952152500544,-0.015416332344130888,-0.02157910426049711,-0.009724623644821696,-0.021154936941543644,-0.009680665225692865,0.004504436780269157,0.001094879679267715,-0.006180434008933196,-0.01197643618668036,-0.007537533882856936,-0.01767107529532638,-0.0027738751820146706,-0.02745426109879407,-0.0042177016425130765,-0.020088985275912095,0.0,-0.00920177826936963,-0.01984130333638136
2019-03-21,-0.01565438806345439,-0.012728213672315507,0.008501597581848453,-0.016191620606375613,-0.007708848043472071,-0.0271085483251469,,-0.010271457446219174,-0.02661442518189856,-0.010830862807010927,-0.006083673913114668,-0.010659297580280391,-0.009169805064022554,0.00850873735990316,-0.019293289947513052,-0.040679551736321935,0.0015970422744395426,-0.009399479839200838,0.0013373298553453067,-0.0012290226875087678,-0.0034031799942882703,-0.0019628261167479876,0.0,-0.01591242490979231,0.0064934945071328225,0.002321060054785324,-0.0019474499866178937,0.003365155947284291,0.001093289068160595,-0.010124873883258405,-0.018237542275513646,0.00251869305223605,-0.02129474331378453,0.0027738751820145786,-0.002640254007674891,-0.013296882283215926,-0.0065147083344033055,0.0,0.002172939310498921,-0.010772611628826388
2019-03-22,-0.023566442235361116,-0.005137318325764458,-0.01653806456740955,-0.042405417420661354,-0.015598153940076675,-0.024185098626896096,,-0.019797213205834933,-0.04428453601982272,-0.019381688580863792,-0.04692972342115163,-0.024551818374675075,-0.026794012945620813,-0.011494073525514233,-0.0448208177240822,-0.026443893572226963,-0.01811304155119333,-0.031985731957442205,-0.029307943324317506,-0.013441963151925994,-0.01595285631103796,-0.025200177642457203,-0.03409887436142758,-0.03069884689752416,0.0,-0.03323800573281485,-0.017699543021404855,-0.01126107694536514,-0.02433740592099621,-0.008121117025925271,-0.05032486960504883,-0.013932879790682941,-0.04920430268713506,-0.01816948325857788,-0.04629608578263077,-0.016556268532138874,-0.029852826361582027,0.0,0.0,-0.03158003683220201
2019-03-25,-0.024135086978025175,-0.0043006611380553015,-0.010273116617710045,-0.006313815596357764,-0.004376254187935135,-0.004907771952115644,,0.003858197616063954,-0.00042747432241733345,-0.006418663706968012,-0.010716598550545136,0.004613774563724353,0.0007368789862092498,0.001991051244667785,-0.005106314515654772,-0.0048839731500249185,0.002029008240228397,0.00108276667933084,-0.0023846388153821773,-0.0013364167617744979,0.00024717171318303256,-0.0033635626941167416,0.0025349187939980823,-0.008354616965911235,0.009661984526440034,-0.011329572486095764,-0.005970258201262317,0.001131672102566901,-0.003365194419572039,0.0010514072066643686,0.0,-0.007682579093562963,-0.003484310897727676,0.0,-0.0018481874459403893,0.0,-0.002528575869178629,0.007023009009695992,0.0,-0.004772378341797004
2019-03-26,0.007588744521300155,0.0025827135920109367,0.0027138786888339286,0.01369120810295483,-0.0052772476508471736,-0.0012308837502555783,,0.0023873888381159046,-0.0021388745950484183,-0.0007579519923002652,0.014644559599072182,-0.0034580784904853766,-0.003197624011157226,0.0035742246059329223,0.005106314515654779,0.013373946522137454,0.0012152707229293196,-0.003251823548869014,0.01149807712957269,0.024481536320693376,0.0037032864654738106,-0.0006741570077866385,0.003369865155004491,0.009957192354766324,0.0,0.0151569698672027,0.007952449569340124,0.007887326609109818,0.0,0.008113267166809558,-0.010811158583089602,0.0,0.0069565235149964665,0.015395608076563217,0.019838738540869115,-0.0009076816024992474,0.005889779209946126,-0.022013663573103824,0.0,0.019157769040998487
2019-03-27,0.0355947642732775,-0.0008602570621916997,-0.005980360813865783,-0.006636888103640431,-0.0061918148813429495,0.013455850624449154,,-0.0030516835521075796,0.020348225042323868,0.00018959461152320202,-0.008036374077595552,-0.006371519643765336,-0.006811811741696419,-0.0055652758506008265,0.035032700561065604,0.02150622538271769,-0.006634567420378738,-0.006536113505414273,-0.003467154792840024,-0.006458153595944548,0.001723794254139168,-0.01084750018941732,0.02163138735086632,-0.003408594793377181,-0.006430855388751175,-0.012252287407276508,0.003952532657974849,-0.003372948638358818,0.0033651944195720617,-0.007981878025782397,0.015102865037863749,0.0,0.010344993998966006,0.0,-0.01002284443403573,-0.011875452600053524,0.008354276409301106,0.0,-0.021942638145777772,-0.004908422085428104
2019-03-28,0.0005029328749601922,-0.001722456529819227,0.004352842191736157,0.011037356340210514,0.011469062532190086,-0.025847532449307518,,-0.004661355252035264,-0.0054701905019338155,0.005480566844392023,0.020373977587432184,0.005793745689568017,0.0003770465309866097,0.0009960700420125462,-0.021541866661479493,-0.0324352721132768,0.007848363052830848,-0.029952357793712737,0.006033368309279182,-0.0050913736732292,-0.0034504242425239698,0.009498033233790122,-0.00909471400215431,0.01128376624064915,-0.003231129137688837,0.01344575786003654,-0.013902912486283246,0.0056150268720472395,-0.03417205107172881,-0.004608659444988906,-0.012931159743243987,0.0,-0.013817206616234819,-0.013986261592099826,0.011381925060814743,-0.0007354049201204623,-0.002499088410036373,0.01499065456340786,0.0,0.0065398533460771105
2019-03-29,0.010754073759723735,-0.006052988217786471,0.005413942928488008,0.009468570676967242,-0.007926168519548556,-0.0024969609147602687,,-0.0012021900417993306,0.0037902913771611715,0.004137744790800322,0.003864867748090344,-0.0110368228753238,-0.006932027992122664,-0.0007969331992626002,0.003344545185972128,-0.008583671132327164,0.0065829509707451325,-0.0022547296550385273,0.004228200181830675,0.019866540968106673,0.0017266299883848877,-0.008816632972744478,0.008271369751446355,0.00515009132042855,-0.009756165047589136,0.006418676741651803,-0.010050385818040929,0.01002805106850182,-0.019547836953855053,-0.0029074847621779615,0.004328992621734754,-0.0077420583641051085,0.0017377276104581963,-0.009907963902653163,0.00015203677190944232,-0.0007362316784857395,0.00995847592548137,0.00935315895803811,0.0,-0.01581003081902912
2019-04-01,0.00990109626415846,0.02399448772829956,0.01234271618167902,0.033853310569672695,0.03390151500847441,0.03801825299664793,,0.018407717726823872,0.02613718825856566,0.014000298192608262,0.03381589720123307,0.024806317395042788,0.021519740891209248,0.01620911557610564,0.032843802382552655,0.05160116066132758,0.01988668819173662,0.03765674358485812,0.024439390735167536,-0.005276666327555021,0.028663726360996126,0.030193407473668676,0.02922287144474993,0.03313088839252643,0.022618259585268644,0.03102986026027729,0.0259236708712035,0.005527818749644041,0.015464380345950726,0.018360987623274788,0.03605899167089852,0.03562731162077454,0.03580931603205815,0.023894225494753077,0.026688267460275545,0.021847073742873615,0.023665006362209102,0.05067235917959717,0.0,0.010089669331216154
2019-04-02,-0.002466137360540506,-0.002543575831107641,0.000533299209296003,0.011496236371786213,0.0017079096825577853,0.00958064024374629,,0.004059137870773129,0.007750393548301616,-0.006202454142225425,0.0009317572202392248,-0.0034245246572084742,0.002719216348872684,-0.0068864771092585,0.0096463558204904,-0.005865135261137741,0.009667124354304672,0.0043382809181763664,0.0038559476887001123,0.002511911759784603,0.009295503952705323,-0.00996362280475155,0.003992003491971911,0.004766717447152643,0.0,0.0038984029191856356,0.005888333375246828,-0.0011031071078010746,0.0063733023168410915,0.0036320475765030335,-0.004175167831142785,0.03560832572783923,-0.005037775098056143,0.006920452450315347,-0.005637916140868434,0.0021585909313948516,0.0008061680590362521,-0.01860859758421483,0.031124370592161915,-0.0123688439031055
2019-04-03,0.019560424562684416,-0.007669359969116073,0.0015978976978823134,-0.0010398043341317243,0.007649876021862136,0.023558476945695364,,0.0006533598536835263,0.01452218083427029,0.003763869486764072,0.009885549522377012,0.003994399729150305,0.0017268423785678604,0.008649605680390802,0.014297337115284924,0.010532548628556798,0.031228459948513664,0.017167886369964427,0.016869277049199105,-0.002338612250026635,0.00944541866817675,0.006653502801372738,0.014240753330940294,0.001995380743983169,0.00953892947742736,0.015440478168982363,0.00195486310371696,-0.004424711641842989,0.017632790553303586,0.0024573306531760876,0.01453794213565517,0.020299145866138384,0.01005040787824532,0.002754840278359817,0.012126716871421084,0.0037664740621742997,0.009623261105863888,0.020818500108093538,0.009630990280150947,0.013392834831848086
2019-04-04,0.007718221486806695,0.015280485505346305,-0.006942838559391707,0.010691872180262582,0.011784701589801463,-0.00349851697774343,,0.0001306612942907089,0.007182590347805938,0.00300047561921161,0.01161384748602926,0.014136474911310282,0.008100011330992933,-0.010230463422246835,0.006289188752068179,-0.010532548628556664,-0.0013871104954934182,0.0010633535812797285,0.006797550303279544,-0.010635533479620592,-0.005892982497856314,0.005290986862478032,0.005483779885657502,0.009613864688908649,0.003159502158182415,0.012316848960683238,0.0,-0.0033315226362236466,0.031943684215301714,0.0003873838086153834,0.010256487695971686,-0.010695277416047807,0.003327777336951277,0.004118117171186584,0.008926445537197325,0.0025031859933535255,0.004776924723853268,0.0,0.0,0.006324389914850265
2019-04-05,0.0047938863609431155,0.006716986481133417,-0.00915213694011287,-0.002404336128531879,0.0,-0.012933808644294628,,-0.002222213067233573,-0.005981845607207691,-0.0018741645998317316,-0.004110398968757676,0.006157349332942593,-0.00036649657693701553,-0.00019760096951890107,-0.006289188752068138,-0.0178046060772279,0.0037783355427561238,-0.014989634788007022,0.0007416207444122153,0.0015764422975279183,0.004246358904687154,0.00984590083189654,-0.007843373398950583,-0.002371095958846226,-0.0031595021581823433,-0.0006680721868734576,0.0038986999361271674,-0.005577221587664271,-0.007281609554346606,-0.0011626663593325651,0.0020388187331846328,0.0011940645805533553,-0.011696215985135618,-0.0027435033063597366,-0.0010201224779851359,-0.00035733336595123615,-0.0023854100338211843,-0.016320735404271702,0.0,-0.007963222033745667
2019-04-08,-0.006236372123639404,-0.0008372112354235031,-0.005422976767459395,0.0030898726145535066,-0.000837119607695298,-0.0011842427889451597,,0.004700056860432234,0.0,0.0037451316264429904,0.007901403560932264,-0.0016754879621207774,0.004757826875819866,-0.003566336929588545,-0.004743145138023613,-0.0035993880148538823,-0.0013837952714254795,0.005379139612161108,0.0007902066884535547,-0.00026268852114997524,0.0018816247778049538,-0.007868950050360273,0.008624337807559664,0.0032235547017010944,-0.003169598788589779,0.001780570441371508,-0.005853563039844079,-0.006734333716661195,0.006071568502725046,0.003741825163172677,0.004065149218996405,-0.002389427105266615,-0.0016819692300607688,-0.0041294541431867214,0.008422852788999765,0.006055349758576931,-0.002391514690032073,0.0,0.0,0.0020481920107504287
2019-04-09,0.01528207969249517,-0.011794533937329208,-0.013687479168759755,-0.0096451852151775,-0.0016764836238995896,-0.007134336154022052,,-0.004046298275348607,0.0027959891798648045,-0.003182503031502956,-0.013255226086842493,-0.00841999044087748,-0.004024318533108015,-0.011981117959383166,0.0031644891398983693,-0.009661897178047876,-0.001259652707953736,-0.009703511454729167,-0.009524483962612346,-0.0016644523222388255,0.0016435307208443456,-0.014589085167652387,-0.006264744294266594,-0.00741025670930705,-0.00636933068883745,-0.016137189461136053,-0.011811238600100834,-0.009049761382303342,-0.007290358359814276,-0.003612752224700859,-0.010193814632644193,0.014251920655429934,0.006711519453776493,-0.013889061377866847,-0.010466785720328388,-0.007632595521297427,-0.000798444219199593,0.0014947080659139524,0.0,-0.015255191513892118
2019-04-10,-0.012878616221565787,-0.014511576932005553,0.009327823487281419,0.006211307764901665,-0.00842469769525273,0.007134336154022019,,0.0014377931878592218,-0.006001107091279695,0.0037431317641670385,0.004896008468921721,-0.0073550184544134015,0.0012210816932356756,0.012972940811642191,0.006299157038121395,-0.0036473896392864467,0.004903541000993413,-0.0032555142388456327,0.011694560607434554,-0.009071369717159305,-0.0021140578261562622,-0.006030318333056002,-0.0015720201025919266,0.004471551664221068,-0.003200110011239441,0.0042837591266719054,-0.001982191368077872,0.009049761382303362,-0.0012202771186485978,0.0034837595140868056,0.006128665413647923,-0.009478826666828378,-0.011774802286220526,-0.001399554129853012,0.008294957787522482,0.0007225081668144321,-0.0040016104841101964,0.0,0.0,-0.00729711285100558
2019-04-11,0.008128149971340084,-0.011241057244535979,-0.004378745534694751,0.0,-0.0016935183269030304,0.00943412229839766,,0.0011747976162500803,0.011173255328910905,-0.0035556935857400714,0.005934699540156787,-0.006837727115991561,-0.00183234459964908,-0.00556778264060938,0.014029757702375146,0.021687615809474075,-0.0069218845979576995,0.01830954404359247,-0.0007391606359664858,-0.0009735794548821858,0.0011751994874608326,-0.009453035252667358,0.01638701771415262,0.008413578777082719,-0.006430855388751175,0.007843186716459859,-0.013986352848224273,-0.0056460500733179686,0.008510635478463008,0.00025777619923355064,0.02016194750688406,0.0176998338360906,0.020101213119873756,-0.015526062437348493,0.007508241919776719,-0.004161847364041598,0.01984991910616755,0.0,0.0,-0.001046638529452481
2019-04-12,0.009478545950511673,0.0017377047566001186,0.02170455025321444,0.03714133243156221,0.009279058336819608,0.017452448227264505,,0.010252258230243585,0.03815189215792579,0.008958621258140422,0.0226515190792222,0.014192745570404931,0.009006939402338779,0.023841075872379415,0.0364785600593035,0.025883711378539002,0.011052193111946416,0.025291130457740545,0.024400298629587484,0.004506383485439613,0.010510331896887864,0.02147752504783735,0.04020282865934404,0.045813744778224655,0.00643085538875122,0.041321876130400594,0.012000224592570474,0.011261076945365106,0.0168072074749522,0.010758204396759834,0.0158417325310354,0.02312233345552301,0.0438026678791095,0.012720923331647264,0.021487941899516697,0.012612995165910853,0.010168185439408634,0.03881853312704828,0.0,-0.026532540049172253
2019-04-15,0.013121209876512089,-0.004349652733247919,0.00588717074914398,-0.010998062732616472,-0.012674582308520133,0.008041379588488917,,-0.0009039029425721381,0.007989219565640786,0.0009284164661919593,-0.0005933578179640511,-0.01190821260632743,-0.000121213667124573,0.0065982626268756665,0.020680040765402728,0.00347842981760571,-0.005008293783758131,0.002078945065107275,-0.03890136490791191,0.006239694901565884,-0.003490984646269111,-0.015390211480394307,0.0037104536932186815,-0.0114857240065495,0.0,-0.013150693430594194,-0.005982060204576925,0.0,0.0023782598489246486,0.0001273891176615212,0.0,-0.00803209283966816,-0.001588661181071911,-0.0028129594289941938,-0.01289430857222803,0.0021460196674356726,0.00543277059039427,0.02202562491303506,-0.012322914372510645,0.006004971375221418
2019-04-16,0.004644701923257662,0.018998855339462224,0.009559306630295158,0.001339311930391122,0.025190321813011517,0.001143339662067817,,0.0055415271241415626,0.021740062281907693,0.008318705178316028,0.028240876055629603,0.03805717365502541,0.006281724574884556,0.005593698708374204,0.014514012348801224,0.026272244219803075,0.00899749642666016,0.01749932505500553,0.009607996250985129,0.011238645171213826,0.010206425562051709,0.02923789734436051,0.011782030520640493,0.010496055987340656,0.003200110011239585,0.02019350886560156,0.009950379828308327,0.004469505608365381,0.004739328132940951,0.007865906234691397,0.005876729493224573,0.008032092839668168,0.01889812969737008,0.00701765266454824,0.022422043043999723,0.009424983932671414,0.015361108853641359,0.02086309614556059,0.0,0.01864079593736758
2019-04-17,0.009684206244366627,0.004268038203673503,0.013648501622379659,0.005007658835676653,0.0033112661917118606,0.012493330043585918,,0.012262255107266841,0.02018782111810379,0.004775223364822855,0.01489340480924578,-0.002749602382506865,0.0007224465060947856,0.010713539931845123,0.0,0.006741540831345995,0.010765597776131116,-0.005115225120570644,0.02958183193511909,8.655592338479208e-05,0.0029956184860710183,0.007827885550001,-0.0014650232153832423,0.02839591765528996,0.006369330688837413,0.026030069742500335,0.013766101703817896,0.01658408818012106,-0.005927702393506364,0.008055598263628668,0.01934293977727633,-0.013809346158163205,0.027694176369031133,0.018018515521053637,-0.029434650989688057,0.0024747811221149598,0.01587940675081375,0.013670715818072523,0.023969232748770462,-0.0021011180914732447
2019-04-18,0.004121846037680242,-0.0051238779921834446,-0.0010433634914435931,0.0,0.002476188526986188,-0.012493330043585982,,0.0008882876377543624,-0.0010907328976928388,0.0014646308624113222,-0.009712654668895057,-0.0033093027500301344,-0.0016865424776699768,0.0015214319778722016,0.00287780952710225,-0.01694009674821865,-0.006916255124403467,-0.0010260239994809496,-0.009617881102000079,0.004149466024922773,-0.004843840617924782,-0.0032541072807525224,-0.0073583517099617924,-0.00737649557167974,0.006329100946772124,-0.014821000609430805,0.0,0.0010957067524116526,-0.0023808961009963315,0.003003776867765481,-0.015444142595286862,0.010374846377858496,-0.013751119061684929,0.004112403261550805,0.004728064842464175,-0.0014131778313173184,-0.0052651363611069275,-0.03172672975797375,0.0,0.0006309355813457962
2019-04-22,,-0.006872723921779293,-0.0020897079946802766,0.0006656811723927658,-0.007447243037296245,-0.005730442898686,,0.0016475210369857436,-0.0010918182559641854,-0.005135822842841155,-0.008359723478126498,-0.014468919055957553,-0.0012058672376441806,0.0,-0.002877809527102236,-0.0034225502888976206,0.0007430872421891566,0.0040982521220263406,-0.00638218841293276,-0.00709894993731362,-0.0006937173588618995,-0.01114401425247616,-0.0066691092885141886,0.0012332279803194987,-0.012698431635609615,-0.005483137758251084,-0.021718551273157954,-0.0021929098115216613,-0.004779061976467703,0.0021229988705155594,-0.0019473829676123341,0.0,-0.0046260505468452605,-0.00962209408148403,-0.0008577250991029689,-0.00017708198806495924,0.0,0.0,0.0,-0.006748497150168414
2019-04-23,,-0.0008625529789900656,0.008851832739131997,0.0006653139316361343,-0.00332779514446525,-0.012724278466549433,,-0.003678921930320357,-0.01948949426163635,0.0014700137280523747,0.0015906077491415138,0.000560523840496732,-0.00024141220159843457,0.003792740096591056,-0.023324623277324628,-0.02429280964437765,-0.0006194474918817018,-0.013381541520775286,-0.0022511653403540386,-0.008112703072339224,-0.0016207461654372001,-0.001979455923118646,-0.00447105735081466,0.0012317904896576714,0.003189736382524973,0.0012678317064574389,-0.008016094646961902,-0.0021978767675584834,-0.0035993448068190005,0.000996766449135684,-0.013739379118422912,-0.011534237679818095,-0.018721429860227738,0.0013802366767466671,-0.04446489921676543,-0.007454682776945782,-0.01290339991645532,-0.013407681641908155,0.0,0.0019025245337480807
2019-04-24,-0.017666575506541517,-0.010407738650182833,-0.00728428751342509,-0.001663964077395406,-0.016807214378247642,-0.00935695351466964,,-0.007399227855821527,-0.025956029283435614,-0.012750548248548583,-0.005360937752204175,-0.015810730534898863,-0.00787704846089254,-0.004173067791364074,-0.016357206766820735,-0.004694804465857596,-0.012468721356492024,-0.011464382271751405,-0.017792093704669734,0.015901607319081797,-0.007443913011032287,-0.016650485736111054,-0.017326222560644422,-0.0016719728631606312,-0.01929326529704553,0.0006338187853364956,-0.016227576904055102,-0.0022026441436719907,-0.020644278827382106,-0.016999071400043763,-0.026027295408101985,-0.01166870313306024,-0.03526014378200933,-0.016690201460217595,-0.010978505352944591,-0.011647630897199421,0.006092961545644992,-0.029457147306226814,0.005249453836125778,0.0027419553547371237
2019-04-25,0.001874390220418755,-0.006999066758150723,0.0026078022790162942,0.0019963795550542057,-0.0025455262346296636,-0.028607125853738494,,0.0002562533802925676,-0.007267194688251046,0.005194036360712884,-0.0014540251136127963,-0.0034208027734295983,0.0073942417265290775,0.0013298621534483456,-0.0045079472592659256,-0.0178046060772279,0.00125374199172799,-0.012658437191424452,0.004279329094943081,-0.010050403555580347,-0.001635716718662633,-0.0013441311165197237,-0.005781550051181618,0.0005284566602071192,0.009693035302545483,-0.0019016504917939582,-0.00204690397450366,-0.006637043910915524,-0.011104356035161833,0.0,-0.004065149218996294,-0.03099168220850943,0.0,0.0014015859524978591,0.01441247705691454,0.003418455554577561,0.009822454378741286,0.00149361689282885,0.0,0.0006316701321666916
2019-04-26,0.010643486982630767,0.004380065010629576,0.0020809378090981255,0.008936098451688879,0.005929629680528931,0.00842846730917929,,0.005871102053973364,0.003448898546652826,0.009207950451535036,0.011284985320308463,0.005694854153214749,0.008418543020241006,0.006433274167494294,0.010486965354467831,-0.019347748190634756,0.01146295225788055,0.021009139396019227,0.00830704646422602,0.0030431110656073796,0.007223823327606859,0.003356683192758859,0.005544618725688542,0.007541290705537469,0.009600229994499958,0.01260805925317566,0.004090047310184901,0.0011092251612715175,0.020872408580709472,0.006885458597311745,0.010131905416158188,0.04381977664352921,0.0032575340454694,0.016667087888827002,0.000745131676126507,0.007159526114754055,-0.0007521066636397286,0.0,0.0,0.009426997808579364
2019-04-29,0.00480075133833638,0.008703344856894219,0.002595547425310672,0.013743662189251316,0.010084273930093576,0.023697837406423634,,0.007101112216250581,0.020072633285030988,0.003111739138623838,0.021631527630383108,0.007355018454413375,0.00358623715550025,0.0005655645591683762,0.02937068427764509,0.015748360175780917,0.026045577465309416,0.020576898411904798,0.018732199473339102,-0.005658821058447472,0.005325726633524168,0.006014199869942987,0.007083855150905674,0.014311085105323198,0.003179594306312621,0.01811581690658276,0.014184433568373917,-0.015643077940549137,-0.009768052545547598,0.0073425332195639495,0.02285931998358886,0.0,0.03042667498302598,0.004123639875338707,0.018593011852420353,0.01029130207367405,0.01789755144031526,0.0,0.0,0.006442978879857785
2019-04-30,0.004301202190944205,-0.0008670396979868173,-0.0041558988891565295,-0.006193782738463018,-0.0067115142107314375,0.0023392576750615943,,0.007282488109897996,-0.0011254064134708316,0.006194079951624714,-0.004656914200131316,-0.007923001002119723,0.004999349258268152,-0.010421689909250022,-0.010181884677503094,-0.004819313445221876,0.006976104742447764,-0.08608598687404541,-0.004844535435294187,0.0009598882736852224,0.006216238408105105,0.0006660752170792137,0.0007840924321889419,-0.0006029625347102593,-0.003179594306312569,-0.004342782069419713,-0.0020140264237286814,0.0033729486383588616,-0.018576394985636104,0.005158554378362827,-0.002002315637397007,0.055225494255263546,0.0015759347535138186,0.0,-0.010877711455845535,0.005632641242739285,-0.006674170480016252,0.0,0.0,0.0028959799385086804
2019-05-01,,0.0017333282893279404,0.004674128980588882,-0.010519589911295254,0.0,-0.00938990074771859,,-0.0044418660364486115,-0.0052692555940807625,-0.005463571005965765,-0.010521966128086223,-0.0005684881220128003,-0.0024966769824791134,0.006266056820503187,0.0,-0.015824976033064594,-0.004724297939770851,-0.006681685319906905,-0.005795665892296055,0.013428639763216165,-0.008528224261687346,-0.0033345068468844854,-0.011825202024731472,-0.007698725016979535,-0.003189736382524933,-0.014193769250875291,-0.004040367058562611,0.01005029822536463,-0.008788655010149016,-0.006294644233511557,-0.014127231531048652,0.01954468877836181,-0.009493706597643146,-0.004123639875338655,-0.01985305978226297,-0.00563264124273928,-0.011976242827848517,0.02068034975817644,0.0,-0.0037250279660882226
2019-05-02,,-0.010444041725352493,-0.01094043280867699,0.0079000115083828,-0.005909745501312246,0.007050643072656873,,-0.0016546558468793565,0.012375964738065315,-0.008988554821679635,0.005701576676407772,0.003971736462267597,-0.0036967620579145774,-0.006837454456105668,-0.0014630549490365922,0.008552277967124013,-0.007655487041279778,-0.01576582011815436,0.0012692848090113287,0.026160868980923575,0.00623045088621174,-0.0026755712129053377,-0.0007933111293603643,0.0021685082581544583,0.003189736382524973,0.005032888725461996,-0.008130040086082667,-0.0022248443614116893,-0.003790133670425154,-0.0024018185193536924,-0.008163155932338007,-0.010811111042045045,0.007917771844129213,0.0,0.0027102405933384444,-0.0022974077820597915,0.00750210739787427,0.013071949749684196,0.0,0.0014503833054915955
2019-05-03,-0.003889215817898495,0.01562530077573705,0.010422202717244877,0.006861645087611622,0.019287891858763742,0.00816322057984479,,0.007488418144703273,0.007426774170605428,0.007343856867000393,0.010812155597395366,0.014615231064863187,0.005599644485199623,0.008917568777275665,0.011644939626539572,0.0,0.005316167528046197,-0.0034112336485160647,0.012266342655656012,0.005101049504268465,0.027902489436889763,0.012645711481448094,0.0,0.00613317929353539,0.00950869525308467,0.005215379326541682,0.010152212138326613,0.004444675438237303,0.010075616164278057,0.007817565706122492,0.004089907582388341,0.01295905268781561,0.015649814225360485,0.008230482153056102,0.01046964279745309,0.007930049024799012,-0.0037440185135089255,-0.003613851660377093,0.0,0.007220243137286169
2019-05-06,-0.002926962451863599,-0.018253479824372892,0.003105575036208773,-0.007845777505772521,-0.014220200558356969,-0.014035203634894971,,0.00037930151957658035,-0.004449377722747285,-0.0003660908564903957,-0.0036855848829853263,-0.01972454823719687,-0.003570571113944948,-0.0045439634525628325,-0.01164493962653971,-0.013472364480081777,-0.04102290357625116,-0.005711177180383029,-0.0052665505612185404,-0.01225261705083631,-0.02056796650914215,-0.019366180286822948,-0.014388737452099556,-0.008909516993018823,-0.012698431635609615,-0.0073092308430342395,-0.006079034651563488,0.0066298580474460295,-0.0012539398882908256,0.00037652561684044494,-0.012320370122891427,-0.026088428661416967,-0.020392992168799425,-0.009608954534163081,-0.009417868990044443,-0.002460518372883202,-0.006428343228477376,0.0,-0.005249453836125708,-0.004532242464039617
2019-05-07,-0.019235927152844896,-0.023071088314794482,-0.01352777775345357,-0.018215436051455803,-0.039524068263690024,-0.025046189788994384,,-0.009525444941949943,-0.029031332463402955,-0.010114840734471085,-0.03247739758866545,-0.03828779783388626,-0.009103023244401745,-0.014911197462661705,-0.02370476274630756,-0.036413287589561395,-0.00025676670664236725,-0.03615536247790487,-0.018579638663895268,-0.009075872931542791,-0.014722908191813005,-0.03220564709467922,-0.031073819103362647,-0.016470016283574234,-0.006410493611975168,-0.021182934938514197,-0.014329833760278854,-0.011074533485683257,-0.03187004138980454,-0.009461004872041613,-0.03148221339836322,0.0,-0.043731496743482645,-0.008310280781155846,-0.024170851741810117,-0.013641871992581715,-0.02744320388283416,-0.07986173719984435,-0.0036908413539223513,-0.026361318693125083
2019-05-08,-0.013789749825383984,-0.0017969600127940152,0.010422202717244877,-0.0040187781552230364,-0.004391921496045565,-0.002418238998833468,,-0.00204411242384205,0.0011471423879077713,-0.006862978569534202,0.0008800114462703987,-0.007121502759693288,-0.0018066543468625547,0.007674570117818841,0.004487776929941495,0.006373454144300517,-0.0037332199068849593,-0.008348189499527064,-0.008325573651603786,-0.015456245722088553,-0.007210514541770112,-0.0027893858987368286,0.0,-0.005313967283574266,0.006410493611975102,-0.0038611193689481018,-0.006204765204997258,0.005552820094547783,-0.01830125974947988,-0.00380926874888743,0.00212982372154756,-0.02227237502429954,0.0,0.0,-0.007723300094608741,-0.006801198106683722,0.004083281630069232,0.007812450112326129,0.0,-0.0036107351227928457
2019-05-09,-0.024534931469514062,-0.021819148664090075,-0.0005184987931152477,-0.0030248328233108087,-0.014184510872165218,-0.006071712624632366,,-0.006929322437626776,-0.01734494327554712,-0.002982122352402006,-0.008686361422276958,-0.02594415208819346,-0.004106602928207748,0.002481627961744445,-0.03030546506376496,-0.011501554995892735,0.00514563357473108,-0.018127645378005222,0.003378395838825186,0.0029379032787611916,-0.0014014754173211524,-0.017612382449076543,-0.017595446756001325,-0.0007997504263122377,-0.01935558904481231,-0.0017204517898473208,-0.006243504811471119,-0.0044396672925342846,-0.003965595357221719,0.0019066676639891021,-0.010695148820593692,-0.005646644048258858,-0.008312786837686192,-0.011188858669749405,0.000775235272687256,-0.003778773665772376,-0.012300403959040127,-0.006245088954197397,0.0,0.004073484654623384
2019-05-10,0.0012927790372606516,0.005499525451876197,-0.0019788271730371895,-0.004385009743490766,-0.0017873504496830764,0.008489951623465714,,-0.0001286903612695791,0.0050416536783097435,0.007068723583465241,0.003984640497922071,0.00609384879136425,-0.00048422142148759245,0.011186119048546089,0.0061349753071856476,0.011501554995892603,0.004608010312416977,0.03710796086202989,0.0020806427179545536,0.010471359337940732,0.001867975854227914,0.0,0.004217503288530029,-8.863521138427098e-05,0.003252060130291717,-0.002370990811540678,-0.01049332813909409,0.011061985529539728,0.01576910327072905,-0.002033899814801661,0.0042917080601780535,-0.01598210448502515,-0.003344472206932563,-0.0028169210759734047,0.004174718076076725,-0.0016239218783877076,0.0008247769823069986,0.0,0.0,0.008733675695355377
2019-05-13,-0.020624596778876455,-0.029686718916267417,-0.026581229567779432,-0.046005360672524434,-0.03180643911527099,-0.036904330062742505,,-0.0174075398278794,-0.030638625311552314,-0.022115249943177595,-0.0532332894354563,-0.0377638624087349,-0.017221785530660175,-0.04709497111641963,-0.042160718033693166,-0.029660426347914156,-0.04639832224976019,-0.026191952407698817,-0.03566934387524756,-0.014275047572535764,-0.018603907368991892,-0.032505467895577955,-0.035121430679955816,-0.027574421208502436,-0.022989522150477375,-0.047733418606512784,-0.025642382613948207,-0.03210804876936792,-0.03583667730611153,-0.01409536434824761,-0.03264696799364395,0.0,-0.0358093160320582,-0.025715795081874954,-0.025472221159925104,-0.011806495238221092,-0.028429907071946238,-0.029402281008215455,0.0,-0.017544400186470466
2019-05-14,0.013883539382159669,0.009372214962478748,0.0010986551968453237,0.013012446007073188,0.020110511941969476,0.01615929896717301,,0.005488528784053829,0.013471003376482844,0.004160479506462285,0.01357626343341977,0.01004406361952739,0.004302720072341178,-0.004952830608792507,0.00477307631627393,0.005221973017865282,0.023272085924521423,-0.020719918973581834,0.006696642884345647,0.0061307530087506635,0.0018997420823760303,0.021068668496167394,0.006084262234484329,0.007917543600366875,0.009917340630729871,-0.0038552231669958716,0.015037995550911317,-0.00470590037938106,0.012088782112678118,0.0032210952110735035,0.0044149345351576635,0.0,0.008642949434094275,0.011510991964801964,-0.006351385628092637,0.003829302820387779,0.0016947849821317145,-0.023664753761431834,-0.004235129993964797,0.0034473276347331307
2019-05-15,0.010609319541233389,0.0,0.0038367372833959723,-0.011597163171241466,0.005414997057306944,0.0061463501477143695,,0.0045512289179942675,-0.004338412518421902,-0.001321794212411159,-0.00599380738694296,-0.0006246626219008253,0.004162095068892599,0.001984037947537176,-0.025724772367791252,-0.0013029207439545568,0.006773575008622498,-0.017391721771195672,0.0006110822992717794,-0.011079681628234323,0.009680419852812656,0.0028715983075960037,-0.020131834547779354,-0.0038143463897525195,0.0,-0.0025024995291229243,-0.01287579954569389,-0.0035440539012443133,-0.0040133417225607405,0.0026973016456379047,0.00439559257174983,-0.0011513191419002722,0.0017199106400171275,0.007127552176049289,-0.015571284970480697,0.0023638662730256716,-0.0016947849821316054,-0.029327741325178427,0.0,-0.014080045746325317
2019-05-16,-0.001803146005015873,0.0,0.015739834873069486,0.010548589149610836,0.006280930115994615,0.0048899207669633035,,0.0018147208031501856,0.011788078024202819,0.0037720771129466897,0.016966227670938888,0.01118704221677427,0.0036577595687651027,0.007897406700364549,0.019355337150414268,-0.0013046937257657034,0.005953919258002387,0.00873376202257332,0.013854677002966952,0.018369728210135366,0.004033667445447233,0.01916983204023178,0.008802722270950102,0.01274824384595962,-0.02666810378704955,0.008618899893895504,-0.015234365620987652,-0.003556658905353658,-0.0013415143340109689,0.003713423599465327,0.013072089052394858,0.022780067675184288,0.005141154177813641,0.004252372399874249,-0.0030786652389854217,0.003625078579617182,0.01682115913243776,0.0,0.050595394844723036,0.0013080906423651249
2019-05-17,-0.005689148642614201,-0.007490578595763087,-0.046289446893289524,-0.006668038495001142,-0.007181146738883736,-0.022195701593588035,,-0.005453871836888316,-0.016939730025275535,-0.0007534851892675908,-0.0138879985434886,-0.013690105702979351,0.00024347476120154514,-0.017857491267021353,-0.016103308790103497,-0.010498769233688539,-0.020040207245551972,-0.0012430198740932552,-0.008623765446665335,-0.0010259768629528618,-0.014790422172084606,-0.012027042271076052,-0.01590127144900888,-0.004863411804113094,-0.006779738366594929,-0.00907489865097083,0.0021907277546887568,-0.02647549238158767,-0.00673392605610641,-0.0023028410353808826,-0.013072089052394818,0.0,-0.015504014251925005,-0.01281160906087352,-0.0201631682311816,-0.00036190780844652914,-0.0025052263297996864,-0.004260768519258832,0.0,-0.004366905893754471
2019-05-20,-0.009118354399449803,-0.005655256201485533,0.07443022977475024,0.0,0.0009002166228890703,-0.010025166427144858,,0.0038984181561774905,-0.008378435335534357,0.0016944405714908897,-0.001692105333487685,-0.005025305434890221,0.0064286473543308485,0.05964664633985553,0.0,-0.019987246190285853,-0.0032011955035446136,0.018484713112240436,-0.0009628437361234724,0.05799446260432996,-0.00457684016897683,0.0070923538956332716,-0.007149489050517412,0.005222891832367095,-0.020619265096863352,-0.00022758939826570266,0.0,0.07288762852684039,-0.012236598928216815,0.002302841035380994,-0.004395592571749829,-0.020478753402936506,-0.026386768616726383,0.0,-0.008982162837294987,0.006494753527980299,0.0033389420875867466,-0.010300486758845486,0.0,-0.005485283525609178
2019-05-21,0.005741112238618089,0.015009707243365625,0.026351640806890706,0.010159546035688628,0.021372248475664473,0.0062776107898269385,,0.011477285820440797,0.016293082568966086,0.006373869123626218,0.017094620800638484,0.008777504905450243,0.010104863909899895,0.02440747925567064,0.019293289947513035,0.0120402517485617,-0.0010696554828668228,0.0036563457554177584,0.009435861895002244,-0.0071289623644090775,0.0062578171765319095,0.007042186058637182,0.013363564107685553,0.0034067226036606337,-0.0034782907955381768,0.01178353808813706,0.01304363786629899,0.015748460442899202,0.01628241562753225,0.00229805390766536,0.006586196512245779,0.0,0.01941789633149172,0.005714409120715744,-0.0015046482361897242,-0.0025206762759557143,0.003327830643502178,0.006021591765486479,0.028244546194434072,0.01917681688859058
2019-05-22,-0.0136233221149314,0.00371758180315128,-0.003064562712287592,-0.006995408008147682,0.013410605135850193,-0.033082038171083156,,-0.006947583927688398,-0.017495520289717435,-0.007314824505849587,-0.021723406715365327,-0.0037521994705601368,-0.045921470887497894,-0.001658076982066363,-0.015737688539655553,-0.024227316048405344,-0.014549467135828303,0.0036429352095289375,-0.0181946040105585,-0.0023605401435302996,0.0004797316192155101,0.002803178842871595,-0.024183953757952743,-0.008178219936429735,-0.01403524193943086,-0.020483231294518383,-0.002162196005217475,-0.001116878087416952,-0.01628241562753226,-0.0003829364088940745,-0.01543557880501977,-0.004608249467291889,-0.005258422163529376,-0.007148074325541798,-0.004360301515872466,-0.009054773771808612,-0.010856014327519805,0.0,0.0,-0.0049767085582327645
2019-05-23,-0.005554924063837221,-0.011194236065238112,-0.020672542359103846,-0.025957038681689464,-0.022451975837579713,-0.01959566253107128,,-0.02457343478685943,-0.016175091586686032,-0.015747931391730845,-0.011823158410746095,-0.006285460918831676,-0.03545872272903549,-0.011683062163659943,-0.03330722622990283,-0.015099755024979747,-0.014901832202182016,-0.004860232302659276,-0.018323564888589366,-0.02734465718575681,0.0026342493859197206,-0.00350514792354802,-0.015532546880970105,-0.019867345891877972,-0.003539945602508331,-0.018098162579898235,-0.013072169615770127,-0.018038858207485527,-0.004112480746436685,-0.02885969294134844,-0.011173413613206064,-0.0233655933047419,0.003846102414771881,-0.010093768754275888,-0.01455914953992343,0.018742489404376103,-0.011824454534635057,-0.04472469568116484,0.0,-0.011782722619849346
2019-05-24,0.012389823719017017,0.0028103669205523218,0.01038968947932219,0.015016278658797863,-0.013333468512432901,0.006574698487076015,,0.02017374002141916,0.028586996924020752,0.004769574549558219,0.007638511098514659,-0.006325013949471922,0.010590222731609953,0.01094539658899769,0.015915521225868635,0.0102190680454005,0.006589627828952875,0.029996264859478698,0.0053509258179553236,0.027426145624368455,0.004534109685972527,0.0,0.012808686952881454,0.009800675802036715,0.01757518754193917,0.005836334778552482,0.01954467188928525,0.01131243450121072,0.006844657063521477,0.01434014552948763,0.008948501078259301,0.012918552045344927,-0.001921144418875852,0.02008667062010126,0.005611854154404272,0.011185295013136072,0.011824454534635112,0.030037424284579523,0.0,0.013299680845484982
2019-05-27,0.009127709449576912,,,,,,,,,,,,,,,,,,,,,,,,,,,,,,,,,,,,,,,
2019-05-28,-0.012013658976945243,,,,,,,,,,,,,,,,,,,,,,,,,,,,,,,,,,,,,,,
2019-05-29,-0.0028942230588345315,-0.0009439643672228826,0.0025886069192691636,-0.0053907513045998836,-0.005825220325872429,0.010512441536737447,,-0.021131950966923996,-0.00043183914243572044,-0.004061000033455666,-0.0012547626352098576,0.0019091841847479146,-0.005877848166304584,-0.0029811767679997067,0.003521322194367994,-0.014347557504007152,-0.0006988683645639862,-0.013309277013586595,-0.002867245239904372,-0.0059846317312331355,0.0,0.00424932873783304,-0.0009169171389376637,-0.0027682893098935958,0.0,0.00047403412207677834,-0.004329077234201426,0.012202024203009513,0.005547958254314092,-0.0109914653247756,0.004524874718280113,-0.019642587482651075,0.01181110602363355,-0.002857162913323603,-0.008283201765028083,-0.014285989902696387,-0.0034364715098294417,-0.02110889590749569,0.0,-0.002415793607020056
2019-05-30,0.008396590951188413,0.013133274149784355,0.0066991153831705225,-0.021490735686751975,0.003887071729760753,-0.014483455095131931,,-0.012570223912674906,-0.008676647893274263,-0.004271430482118045,-0.0015707474096788843,0.005072799306355744,-0.004201065863967189,0.0113184957331321,-0.0017591776419727356,-0.0014461349606849244,-0.004061702111032769,0.0,-0.0036226447194274746,0.00550086221542057,-0.0065182733219075655,0.011243793673468658,-0.004597629830708197,-0.010776806175530595,0.0035906952795502767,-0.008569005554504407,-0.006528846680507312,0.007688029352350301,-0.002770131651992525,-0.00039539216574119003,0.013453059119716476,0.03553404412962551,-0.009833072998939006,0.001429566063111738,-0.025091366794215062,-0.0030624573368565763,-0.004312185949092441,0.0,0.0,-0.009499426458999656
2019-05-31,-0.01024293514623727,0.001862364675795323,-0.007734033281518678,-0.02083390365384578,0.004837894946144217,-0.009327242306296796,,-0.012454593502383444,-0.003929330470736291,-0.01351763899469323,-0.0232198524483829,0.0025267821899365747,-0.0030305512089004506,0.0033154891790876276,-0.005295709704719651,-0.020468513995502337,-0.010582246454287588,-0.009791909429433894,-0.026390115324997257,0.001612166486496398,-0.012673489021619147,-0.0027991460079787615,-0.008329721723238327,-0.010327679120338645,-0.010810903950637038,-0.02763167051811402,0.0021809470233599133,0.0021860809642848898,-0.026705724690652004,-0.010852270758307418,-0.03628520224667095,-0.03203922043467009,-0.001978033024694533,-0.008608357402868397,-0.018470691223793873,-0.014171616161217789,-0.012174056825532886,0.014998045545518437,0.0,-0.015209782414763269
2019-06-03,-0.0034378930324889634,0.0037140543342298283,-0.0031103556830173384,0.003002905580752074,-0.004837894946144322,0.008000139694385037,,0.007135853054022279,-0.0008753246623222224,0.013322766724502132,0.007374076243506347,-0.00252678218993664,0.011937127574347306,0.0014700897539977418,-0.003545894229815909,-0.005925955842490797,0.0014174367698222415,0.004907848598235233,0.003828684293881835,0.015028106480112378,0.0017153739096187977,0.0021002309772852005,0.0037108560202097035,0.0047075944553304355,0.0,0.0009827693640184485,0.0,0.0,0.014144285063720253,0.007027872223834492,0.009195628363340567,-0.011696249408523538,0.0,-0.015977166628065795,0.013483670830150729,0.002923488775565537,0.003493495934162724,0.0,-0.027183879022071433,0.0033752349323251784
2019-06-04,0.03231970800185204,0.0009264753793482437,0.018009537754964278,0.045429050377314976,-0.0029139811553314386,0.037789547141720295,,0.018828548538968592,0.03400365919296849,0.016982399846232805,0.05090986402442178,-0.006345183678732281,0.020520710468648444,0.011683112707925752,0.04514632505341974,0.0492853606818981,0.011687749003065651,0.038420097900453094,0.035868161321717364,0.009632976236035878,0.008533623701474284,0.0,0.03904249685663054,0.030344694579515972,0.007220208671086803,0.04206845271630357,0.017279200729694796,0.015167898149576328,0.015331571278924122,0.01612200073571107,0.027089573883330505,0.015178148849514224,0.0157173039649504,0.020290608278046213,0.02869151899845709,0.017721767018884668,0.02581904746537692,0.0,0.0,0.025722058277120013
2019-06-05,-0.009017105435890934,-0.0009264753793483435,0.0015284235189014985,-0.00035797413408444667,-0.006832519356005933,-0.014166355314855944,,-0.0029561043348634115,-0.005091182434288173,-0.0030661334047755637,-0.001518969798080513,-0.004465726899227973,-0.01233969452076645,0.007413435586724804,-0.01367533307870298,-0.021444755883220222,-0.004771016537015109,-0.008279073824283638,-0.007612764592718575,0.006032221099776674,-0.00121438504486557,-0.0063136408272422215,-0.010743080422707095,0.003547765103662268,-0.007220208671086751,-0.0011775766983036216,-0.00429191757004839,0.00322065598720052,-0.006939770544616864,0.0022081509649809292,-0.008948501078259312,0.0,-0.017699614715784795,-0.0028735835170650087,-0.0344223546621178,0.004471136716361807,-0.001700751976897446,0.0,0.0,0.003932849711908125
2019-06-06,-0.012762220037600507,0.010143052978865252,0.00861850893049437,0.004313449435750151,-0.004909374639052247,-0.007812634119820576,,-0.00013499327485666393,-0.013704585712887404,0.005168469594047881,0.01043489837246126,0.004465726899227841,0.00012936511920620124,0.01021610696575473,-0.012121301063189682,-0.024873318880281752,-0.0030995851812420767,-0.020396730942311543,0.007244251167049716,-0.0022674362213635823,0.000971338402676318,-0.0056458235405592245,-0.0027041558199477843,0.002176748515359408,0.0036164799727381337,0.008915841992776816,0.00214826135281041,0.00853788662356163,0.0069397705446168165,0.0011668505920931751,-0.00224974264247937,0.005777253318495187,-0.003976090481381111,0.00287358351706507,0.009651446767097364,0.006225904894182868,0.0017007519768975313,-0.016777363234224282,0.028730009052429627,0.0013071200450548574
2019-06-07,0.0010478588965714011,0.00640149847342636,0.00904536391826759,-0.012633503868686637,0.011741893995058119,0.0013065364677091972,,0.0024200758118319444,-0.0034558118591109833,0.011769554953046279,-0.011804102937533666,0.005712514708065128,0.006958864697533048,0.002848911121463916,0.0052127603488977175,0.0014805514197665521,0.010247883420765188,0.0036298024304666295,0.0,0.00787547610745158,0.00677681901544503,0.00915824844938955,0.007194557990422431,-0.011023810609849794,0.0036037286983484403,-0.002572848354002371,0.004282616902199376,0.0052994745220415725,0.002762366350142892,0.00645811562469039,0.0,0.0,-0.005994056534728799,0.0028653496897762983,0.007089702151609346,0.00548283023360553,0.0025455148564677782,0.0,0.0,-0.006334960450478507
2019-06-10,0.008344357352973982,0.006469318426268462,0.0005003164583987845,0.019425112414349004,0.004852129751443201,0.005208197056598145,,0.005357183306590989,0.009045825941951741,0.005270187333197894,0.021535534038789085,0.016944218695868943,0.004995722471245053,-0.0016014590510591573,0.013769551625819975,0.019048073497359787,0.0039028004356283395,-0.0012082904909489814,0.022452864122259872,-0.0009324598486471078,0.004331867640164115,0.01530993835808763,0.01864201721759843,0.01075177653025584,-0.007220208671086751,0.013722518577055648,0.004264354278695085,0.0031663384280190476,0.010974120171516026,0.002957131649381545,0.011198243720738571,0.03620299043577841,-0.004016071470465199,-0.0028653496897762527,0.010541106353997156,0.002466062024104125,0.005071873670124041,0.02027400211510387,0.0,0.013928162406887504
2019-06-11,0.0010379902842983521,-0.001926742955068675,0.0004996620562384227,0.0060378955267805946,0.005791483563255902,0.0012979005955134435,,0.00040062562188320394,0.004705877450285134,-0.0005632624681937358,0.011259138880591466,0.00990713829027269,-0.0038407984034460447,0.007805744340709435,0.006814322167174941,0.012977780658622517,0.005134105176346822,0.021531777209005794,0.0031372316537165166,0.011824542972040459,0.002638445714829952,0.01643895266277187,0.007884590017243231,0.003076578801006018,0.0036164799727381337,0.008739931415626099,0.010582162414365605,-0.0010544694868413783,0.009504422611132013,-0.0028284560995164363,0.004444367832320019,-0.012297580602214399,0.0060182251328387195,0.0014336652048261944,-0.03757232578069689,0.002459905662054612,0.005046179623144799,0.019870911205311294,0.0,-0.00021617026118599472
2019-06-12,-0.007028613065805239,-0.010664371127230898,-0.0222343646746788,-0.010322086328281915,-0.016497326401907073,-0.017005060970265537,,-0.00804289146544951,-0.011590640410150335,-0.011143751003842134,-0.0158885725382876,-0.017402490753151496,-0.012909959707023728,-0.021433300499723716,-0.01367533307870298,-0.014430216876790154,-0.004577711811978076,0.005899689948803463,-0.02343227936267986,-0.014471308589416136,-0.012776189304707157,-0.015058535678645226,-0.01849456209536935,-0.012821277313700145,-0.00724636995686284,-0.024337586138174057,-0.014846516693060596,-0.0095389390584068,-0.0013520666883856047,-0.011653220894046934,-0.013392868910579364,-0.03200279150456934,-0.022245646392924655,-0.0071891135238645165,-0.00399991167713834,-0.012716538625788941,-0.01521568062355909,-0.02599791450644715,0.0,-0.029617050096161005
2019-06-13,-0.005763515710026855,-0.005864923431590858,0.0030610923073396963,-0.000357690674846932,-0.002939756625885398,0.0,,0.0008070271713231197,-0.005628741683409435,0.0013283594441222697,0.004033156320165535,0.003129985925240284,0.0025954424020735623,0.0036042707294362793,-0.005176909552762725,-0.0014545488579819903,0.0005560036959111031,0.0023501995818112423,0.006445370338043277,-0.00656922920056242,-0.004132777024544729,0.0027546984446934607,-0.008928855937757283,0.002467958138130325,0.0,0.007713054609165619,-0.004282616902199431,-0.0031999743756304503,-0.004067981549990486,0.006361406516700203,-0.00224974264247937,0.006944485628133455,-0.016495349798923954,-0.0028901939559872313,0.0025474785968233513,0.002130760427694549,-0.0042682180919618815,0.0087412147822336,0.0,0.008425996805537506
2019-06-14,-0.011362234006041295,-0.0039293473780527685,-0.014883266688560258,0.003572775002704112,-0.002948424281964867,-0.00794707765026733,,0.0,-0.0017385939464111843,-0.0015183587443391886,0.005945313078926604,0.0012491359843549807,0.0005179506226711238,-0.013765874650213011,-0.0069443915104270065,-0.011713109038548592,0.000833386235438221,-0.023754133968210637,0.0010961404810499818,0.006647302360181125,-0.007089460219805938,-0.0027546984446934417,-0.011727518830087208,0.0025528655758437118,0.0,-0.003031512814349377,-0.010787644855309544,-0.01941805322795683,-0.008185499298439688,-0.0007772964872660768,-0.009049928195072677,-0.017452451710643087,-0.010449326196737791,-0.002898571395363586,0.00597889596332727,0.003894309616582138,-0.012914545299160977,0.0,0.0,0.0066017611097753766
2019-06-17,0.00026566866652705733,0.00490927648917401,0.006185245241388175,-0.0039305936659514585,0.003929303711684132,-0.0026631227954674896,,-0.0018846529339891283,-0.015782855987310492,-0.0001901398892051952,-0.014028104852229793,0.008081969029473913,-0.00025876960911189894,0.008173765870995747,-0.0052401418280509406,0.004408458786292161,0.00027769459458644837,-0.016969902213310684,-0.0043398728211367045,-0.009790677648244086,-0.002948268158757142,0.017094413168663773,0.0009071291798200018,-0.005478368150661335,-0.007299263352669857,-0.007266210188221704,0.004329077234201395,0.0032626166193229955,-0.0221616047713221,0.0003889155661030674,-0.004555863508202687,0.02090666202576276,-0.014815123434548078,-0.005822323960786342,-0.015106713132599928,0.0,-0.0052128827726503945,0.0,0.0,-0.007043607914830037
2019-06-18,0.00872905121064081,0.01651309018845089,0.007168887300794897,0.024404051106848276,0.022298617224460186,0.013245093765148408,,0.012319620847232954,0.022286326766645388,0.01039620576501419,0.021410579709988053,0.03049029111106481,0.010824636141784303,0.023421138549504623,0.01908103266638346,0.03741443813211682,0.018293805644991674,-0.03230096757414959,0.021513804962156637,-0.0018908441450072738,0.01465579457206803,0.026757293871859385,0.02241227953321115,0.013550020295129804,0.014545633309532803,0.01933673964471357,0.010741184523307547,0.010799192126845207,0.006978284921032509,0.0189797518470474,0.009091065220844598,0.02047875340293653,0.014815123434548156,0.024514611956717426,0.013298377597494158,0.014906279366918943,0.01641523086650304,0.0,0.0,0.018168303804808945
2019-06-19,0.018526234143350754,-0.0028942612686548765,0.004073100042782234,-0.010537465803283241,-0.002880556349034877,0.006557533531031367,,0.004249681422237738,0.010318372397567544,0.008612777966657699,-0.005753725853958502,0.0035971752374705608,0.006897601647844981,0.0026470183574519622,0.02377017054407941,0.012631774253838513,0.023971138334521067,0.010050242659457838,0.003379400931426242,0.003844785982779464,0.0043549268940834196,0.003952706585736416,0.008826466059424647,-0.007252416124142752,0.007194423977898781,-0.004625242684128694,-0.008583653524809602,-0.0010747281581553036,0.005547958254314092,0.005700453004121646,0.013483422303193389,0.011198163415141765,0.020790900984928095,-0.012903522644580168,-0.009089129640343693,0.008665320039335827,0.007682513352261174,0.0,0.0,-0.009809336194409605
2019-06-20,-0.015370845247225316,0.009615407313425813,0.013626433618069315,-0.0017668105355964517,0.007662922518221253,0.0,,0.00870830433753885,0.005970054957734736,0.008908433252391927,0.00751712662882075,0.011897696105266514,0.013905003617202248,0.011913239917042686,-0.013513498834596408,0.0,0.016758111312336,-0.008788589120336116,0.00030654414085103983,0.01652283428731862,0.005537957203107312,0.0006572165198315258,-0.007940236593410342,0.002544534813847663,0.010695185035563659,0.0073901544231943705,0.010718268547195884,0.010695379687823548,-0.004158080413384367,0.00942839129271149,0.008888908192538927,-0.00446454378469759,0.006153775010733819,0.0071891135238645355,0.011799802237548417,0.0036171756937756583,0.0,0.03757919955827799,0.0,0.004589780745001103
2019-06-21,-0.004736824895063452,0.0019120070250754815,-0.007547313646734003,-0.005320364546232145,-0.004782366169186261,-0.014483455095131931,,-0.007648852487074294,-0.018884742459558602,-0.0005542103023833689,-0.0019107129904279117,-0.005336534082815382,-0.0016335842789807272,-0.005588545391806228,-0.013698943606486373,0.0013936547172701467,-0.0028829379045640334,0.0037759999972990675,0.0012255130229880753,-0.015260264100013306,-0.013293629423246899,-0.0019730501572179857,-0.01517205384523352,-0.006829846941575666,0.0035399456025083,0.0027576155605674333,-0.008565493277396112,-0.003196703109488504,0.0027738604559176877,-0.005143361144380948,-0.006659360292563095,-0.022625076277418686,0.010173000747839922,-0.0014336652048261508,0.0019835759482189513,-0.0039620784119626575,-0.01025662543646088,0.0,-0.004127862630751117,0.02221105746297569
2019-06-24,-0.028359397175176992,-0.005747244380748864,0.006544123385386531,-0.004991111038691175,0.0009583195976863596,-0.002656049405580272,,0.0014552547077190678,-0.003037539524267792,0.004795174611582071,-0.008273074934835993,0.001188466078904545,0.003013269430659897,0.006632918878081304,-0.00172572012161322,-0.011204468900025242,-0.003681435151454539,-0.03191092562345403,0.007879589551923702,0.005661728112571118,-0.0009737106465790237,0.009220467679291676,-0.0036038126958623127,-0.00715262773426976,0.0,-0.011771893178135652,0.0,0.0021322704372396853,0.006901343005721491,0.001633896487747816,-0.002229547899975845,0.02374329402126974,-0.020450555983738114,-0.0028735835170650087,0.003775020365354037,0.006366573140364963,0.0017168107402074707,0.0,0.0,-0.013310735461511963
2019-06-25,-0.007080518789390399,-0.013539579113133495,-0.011607315787080505,-0.00789373847122929,-0.019342936012956877,-0.010695229287252538,,-0.006764387980421418,-0.004355309361249799,-0.003871288921930516,-0.012990192559586397,-0.02160958744299211,-0.00704495941585244,-0.005057825573668413,-0.0034601384708180583,0.002812947261416453,-0.009262861559828441,-0.02495189492015269,-0.007267166519106982,7.839641081373511e-05,-0.0019502702546946387,-0.01796877182746716,0.0,-0.008317188789311196,-0.007092281921991669,-0.009564753541003163,0.00214826135281041,-0.007482574865451488,-0.01804336622360134,-0.00655122808835248,0.0,-0.005602235493553709,-0.008298742861650828,-0.0028818648019733975,0.0048335099129697984,-0.005676445006342912,-0.006884690256918956,0.0,0.0,-0.002813665749435252
2019-06-26,0.009519820969682671,0.007759409155381225,-0.004578895981007956,0.00538885056950676,0.014542202788883492,0.013351278692832718,,0.0,0.012578872055290896,0.0014765251166072907,0.010167736226432482,0.01982645386941508,0.0015138897116427248,0.0019214272603056454,0.012058723158640752,0.03450990214328664,0.001461134413734135,0.024951894920152616,0.004833726647752934,0.001958301849636168,0.004382908475871458,0.0006973145126574517,0.024076190753718866,0.00665908791238507,0.007092281921991741,0.007705851316561553,0.010672512476395234,0.006416869590670134,0.016666992815003678,-0.00012608381382043845,0.013303842727696455,0.0,0.014477868680379036,0.008620798008814518,-0.013664682388341438,0.0024120130627154784,0.008598558608811197,0.005016921832046911,0.0,-0.007395888318079591
2019-06-27,0.00969854199301797,0.008657920994690798,0.010651521777156451,0.010691597183871481,0.010531370390811211,0.00924112787759778,,-0.0009319639729258335,0.01539793964807975,-0.0009226234389279476,0.013740394530066263,0.010062228844302815,-0.005291158567170386,0.012314773703942438,0.01360562320949292,0.02280445162908794,0.015673804592622905,0.016720900623015223,0.011656937370278446,0.007639485275987375,0.006055388176083076,0.010398484782993548,0.022649018609315532,0.0033132866935763295,0.007042244269649716,0.011563543097984992,0.0,0.003193300869968943,0.005494611956318525,-0.0015180605452367595,0.0022001793484685123,0.005602235493553743,0.018311901692034532,0.0,0.007394995579477502,-0.00017209384276516216,0.013605614856755394,0.0,0.0077259571226444106,0.010641754451628838
2019-06-28,0.008808269123636919,-0.0038386972305997197,0.0010085513576025204,0.02761903404752786,0.0009519338701202648,0.0,,0.005048931186323458,0.005080519362896826,0.01565094346873099,0.027212295454321325,0.009961988201932967,0.009079035551327374,0.00309798615170391,0.0033726773884746497,0.0118657613339341,0.0035222009668188625,0.015190025000438718,0.02614532026100114,0.009814200212474393,0.00793754352090113,0.002066722466806469,-0.0034510851686225742,0.026832643119409805,0.010471288465319261,0.0073308962414041084,0.008456621118864792,0.0,-0.009635361595975368,0.005177132650209872,0.006571896604960221,0.02863637007673244,0.008032174118060094,0.009964451670441903,0.015821963695480914,0.004465193615445798,0.0008442735175440687,0.0,0.0,0.022007281379873504
2019-07-01,0.013199617482398906,0.012422447197909386,-0.00606655408224554,0.014378925096252914,0.010411897753298096,0.00915635287428273,,0.0034402551248719935,0.0033727673894831875,-0.010171339026433654,0.010087452402751537,0.01745345447377421,0.004571816087576223,-0.009843581378126472,0.01834931905134461,0.001309688514793082,0.018323223568699285,-0.0037759999972990857,0.010985664030974958,0.007126171317379488,0.0031098488388194906,0.0123123469021245,0.0008637817740285108,0.01667568174328099,-0.0034782907955381768,0.0031905530659174946,0.00838581353145677,-0.00106316292293871,0.008264424151269215,0.003394608870478294,0.0,0.0,0.0,-0.00568172703467639,0.011175192336219044,0.0041040349101503955,0.004210508469347839,0.0,0.008684527202666109,0.007788401929174608
2019-07-02,0.003926132233669119,-0.007626263648574736,-0.015329760857076925,-0.009219899923311979,-0.0018851002741834414,0.0026007078675587465,,0.006057244581010211,-0.009727459937695242,0.003155083124956922,-0.004249565789474731,-0.01401188048242066,0.0069452358727303395,-0.018037411924926767,-0.004971220994720269,-0.00656595343851266,-0.004356738090609873,-0.0025251836221007232,-0.004263499138271295,0.00251650020300864,0.005002756392116266,-0.015068858332834665,-0.006932218718765655,0.0010552636383840991,0.0034782907955381716,-0.0027341515601644224,-0.0020897890805070137,-0.01284830734511605,0.012270188412054623,0.003508393428295952,0.0,-0.003262798968672061,-0.010050551133195704,0.0085106012917527,-0.015465653548881195,0.002896595387180544,0.002517841612255922,0.0,-0.004588368405401135,-0.00969246677889603
2019-07-03,0.02017156025710833,0.0019120070250754815,0.006159981331915249,-0.0034360279349555647,-0.0066257179874058564,0.00647256633126876,,0.0057600513909846695,0.018943974322375486,0.00903800806425378,0.005803589540141273,-0.011724839822408926,0.003140481603312991,0.0061656844434625005,0.013201608557552239,0.028573220122064896,-0.009937719683962724,0.0,0.00029115821826943944,7.61455176932679e-05,0.00047523958489189926,-0.010406010331747434,0.011240578342314575,-0.001594325843067303,0.0,0.0036436243558737886,0.0,0.017094331420613392,0.0027062965694673166,0.009832858183425223,0.015168249444879716,0.0,0.0120484046052481,0.0014114771895550496,0.011577246513734048,0.008809141752709073,0.0050166447681554436,0.040855087853955405,0.0,0.009063328583491953
2019-07-04,0.00536179855239981,,,,,,,,,,,,,,,,,,,,,,,,,,,,,,,,,,,,,,,
2019-07-05,0.0025432990705841936,,,,,,,,,,,,,,,,,,,,,,,,,,,,,,,,,,,,,,,
2019-07-08,-0.020788559442167596,-0.0029054739021010696,-0.007682467175761904,-0.002052724582791391,0.0,-0.005115110583223259,,-0.00545697278933967,-0.012025718538386857,-0.0022133814709713513,-0.0037886703808529872,-0.006933537785444241,-0.007914082425540805,-0.026131390899000215,-0.016260546841802816,-0.06296241108703038,-0.008542648577258933,-0.041804803411792824,-0.010395451563793175,-0.028049504284717707,-0.00643699410071103,0.0,-0.02058393948129329,-0.005477800687655533,0.0,-0.01641990499640733,0.002063909370624205,-0.005316585877627967,-0.011897127139704,-0.0063265112781635754,-0.015037968873209778,0.0,-0.017769507255849058,0.0014134013515947393,-0.031112932517960427,-0.004893219662545259,-0.014937973465338575,0.0,0.0,-0.005036527806296184
2019-07-09,-0.009379901918773345,-0.0019417079348721343,-0.010855877743925275,0.005123778300932417,-0.005774986785631842,-0.006430863746519692,,0.0016923171531003105,-0.005857873834222601,-0.0011087816371673192,0.006027220594606694,-0.00761915574318016,-0.0073415221386122715,0.007130094608450121,-0.004930124278054731,-0.0350912467469904,0.0,-0.010403216147737525,0.009769715738237884,-0.014205070870466132,0.0007175107680782937,-0.005677792480079129,-0.006956454743228745,0.004243616005234796,0.0068965416557955584,0.006645903178064084,-0.006204765204997258,-0.006416869590670245,-0.01743814797462682,0.00037305900085441145,-0.0086956056707161,-0.01869201948549501,-0.014042454005551095,-0.01136375986440633,0.00018145133045354328,-0.000598098577264338,-0.0067112163473152875,0.0,0.0,0.006291898278493714
2019-07-10,0.000261547519323417,-0.001945485500695214,-0.001039949175126062,-0.0113072779535523,0.0028917372132232382,0.003863307355097141,,-0.004693342368961735,0.005023100480668315,0.0,-0.0060272205946066615,0.0038168826349588565,0.0036773323582163335,0.0035461165898985486,0.008203380813559457,0.01634917236148617,0.008675371416432846,0.015564662539706387,-0.00870100849267269,0.018711354844313445,-0.004551351746638123,0.0035523963202726203,0.006956454743228821,-0.002915748981411914,0.0,-0.010793602251536631,0.004140855834372973,0.01173345546829812,0.01610756214424043,0.0,0.010857790927359149,0.0,0.01404245400555124,0.002853158572653671,-0.011873320853856308,-0.0017102440075362985,0.01171550759762393,0.0,0.0,-0.014319001861767395
2019-07-11,0.007041443779822404,0.00291692238619025,-0.012565479249772,0.011647941801541491,-0.008700041264816768,0.016571439844755707,,0.0036521681495193356,0.0004174174475060824,-0.00129510079900489,0.006725408417052581,-0.0019065718130629357,0.003916256954061365,-0.0003540115485760665,0.003262700323772302,0.010752740420069259,0.0037142293597895388,0.0012860899446470527,0.025784973594456532,0.010046478705412544,0.0011995915926401727,-0.007832103925129622,0.01547770561020902,0.009510379837374535,0.0034305611018612078,0.019888703131313506,0.008230518333955232,0.004232887078291009,0.003986674914778223,-0.00012470614977819826,0.015005607338114133,-0.0011104662362667423,0.015810612592538992,0.0042643188486663425,0.011328608848431612,0.005462620239737449,0.011579842333063898,0.046156178112180306,0.0,-0.00021213523744736604
2019-07-12,0.0005196908050551254,0.010622656726943182,0.006302264169110096,0.0030606099933756722,0.004842731221743361,-0.005069575958669095,,-0.0014331948005969878,0.0008344251226126548,-0.009298880129725533,0.002231993142246007,0.017029777826641977,-0.0021457916217136404,0.007408741408297607,0.0016273668704645664,0.02508380447606437,0.003304291228940093,0.0076825680440285845,0.012180206390676688,-0.01653589227562559,-0.0016802378374610077,0.0035677114841027127,-0.005132623070471561,0.0104623373922018,-0.0068729314772520145,0.015497695956187817,-0.008230518333955123,0.00841199067811412,0.003970952522803206,-0.004238553706999266,-0.0064034407604155645,-0.0022247593454522026,0.009756324663280773,-0.004264318848666311,0.0027216317795511666,-0.00034037900347344693,0.004922186032599399,0.0,0.0,0.004656029401542946
2019-07-15,-0.0002598116427113707,-0.005780169957752255,-0.008411994867743544,-0.007840342321502677,-0.002902853791808368,-0.00893430749466386,,-0.007459315052796793,0.00540657770665349,-0.005245106856918376,-0.0008361922454050606,-0.0006256478869662741,-0.003544469734044952,0.001229313274920962,0.0,0.01295350583089702,0.010501481277557147,-0.001276431479195925,-0.011092636233053309,-0.00015877857361595233,0.001680237837461041,0.0,-0.0008578526943923765,-0.012216765446888584,0.0034423703753907768,-0.009855113931780813,0.006179204342920718,-0.0020964411763763676,0.006583305511900707,-0.001875662150113259,-0.006444960954369164,-0.0011142385126396855,0.0,0.0014234610631176795,0.004699864473007233,-0.0011927585089828339,-0.005744829352232934,-0.024769049853902263,0.0,-0.01381979445621092
2019-07-16,0.014188409285353266,-0.0009667418177126686,-0.0010566436861199312,-0.007902689327230573,0.004833143181764122,0.0,,-0.0015772027554683816,0.0024854240929154587,-0.0030102162800499533,-0.005453764536535924,-0.0069074144458714055,-0.008148655445811576,-0.0017568591295690481,0.003246810256432464,0.025414383578065535,-0.0052367660119356785,0.005095505604310167,0.018450486840850065,-0.005414446649567228,-0.0048079759517763625,0.002134256778172469,0.0034274269984789258,0.010654188055041449,0.0,0.0,-0.018653354069271804,-0.010548436580028929,-0.009228854369954433,-0.00012554848275758622,0.0021532528941910715,-0.0022320875282067793,0.005808314140035876,-0.001423461063117747,-0.011426964759972054,0.00017040710003371715,-0.003297750777677594,0.03010642937212748,0.0,-0.03065127159556018
2019-07-17,-0.007714293001235663,0.0009667418177127486,0.006322471277799199,0.006875216336320248,-0.00193028938995589,-0.011605529482274984,,-0.002898747586856581,-0.01207088144866649,-0.0032076602138691804,-0.0070353206901382975,-0.0056872964621061065,-0.002816594841204886,0.00473654872990173,-0.013050850899626478,-0.011356543494079399,0.006802636290522217,-0.032281612170011895,-0.010353659703551808,0.005334982556414818,-0.006527114884337692,-0.001422260657417989,-0.016386589562642148,-0.009864266061163694,-0.0034423703753907833,-0.014966335610411148,0.004175220048565904,0.005288058455560173,-0.01602175733606714,0.00012554848275752196,-0.021740146049839867,-0.011236032930082502,-0.00775209586021944,0.0,-0.004204154764876436,0.0025536627473121054,-0.005796966754972623,0.0,0.0,-0.0019887504286609475
2019-07-18,0.0,0.0,0.007326163605495277,0.009885761593731562,0.002894301437232137,0.011605529482274887,,0.003030012162798032,0.002927037078979048,0.006217876493919054,0.01360380752828373,0.000633671494329674,0.006772094877103633,0.009405978991477857,-0.008244208418765135,0.006325075530182424,0.010763347932023763,0.005235663102433333,0.005702849847849814,0.009170080086486572,0.0048392486247941955,0.0014222606574180706,0.0034719327188181335,0.005947708809373756,0.0034423703753907768,0.01496633561041122,0.0,0.009448806789291726,-0.06104508237840053,0.004495865041471237,-0.011049561641242323,0.0,-0.005853648279787311,0.0042643188486663425,0.030666298500475826,0.004749939895937686,0.007447201538219284,0.0,-0.026695554775240528,0.013402460124051777
2019-07-19,-0.007253800003522393,0.005780169957752338,0.005200177002731556,-0.002717290925953354,0.010541612386951612,-0.003853537797750922,,-0.006201500437415906,-0.018967700775133087,-0.0022567611526202323,-0.012192860850217238,0.008199292180700608,0.0011453690505608002,0.0019052903919234438,-0.00831248851453854,-0.026838658831735758,0.005659098140626872,-0.0026144050341150964,-0.004672372579002342,-0.029709935869152763,-0.002174873464799226,0.009197292429392436,-0.0219017534273972,-0.009902924914729605,-0.0034423703753907833,-0.0009003547877297156,-0.002085430968058971,0.0155527464333758,-0.027558110965944668,0.0008720004855654191,-0.015677971654663114,0.005633797436528805,-0.015779485854520776,-0.005689880571108263,0.0651598614441117,-0.005089999962118451,-0.01327806863726031,0.0,0.0,0.004572691346197753
2019-07-22,-0.02501123592556385,-0.015489156064082209,-0.0015574047540835385,0.005765768281610086,-0.011505624434227769,0.006414363630331915,,-0.0035804311303966755,0.00847443504689589,-0.004150224715763568,0.0026758144143634254,-0.012642382706728432,-0.0029296658847638144,-0.001385321091585719,0.0016680850598549937,0.010309391616001782,-0.0028255459016845773,-0.002621258068318252,0.0022454904082436066,-0.04866843697952476,0.0021748734647992793,-0.007776733320870794,0.002653549012790038,0.006408553628098043,0.013698859603591402,0.002474802756379849,0.008316076063006377,0.003081372548806873,-0.008862837765780156,-0.005242889044950848,-0.004524874718280162,-0.009029546070047913,-0.005981924273683694,0.01275698668821283,-0.014248452015100138,-0.002724997615752233,0.011627833854013484,-0.05389831155942309,0.0,0.0097287487451457
2019-07-23,0.0034597716147865593,0.015489156064082178,0.002594189021419145,0.022735974466619062,0.0057694342795047825,0.011443057620751904,,0.002255708974874306,0.011328039081791478,0.0039619652830751965,0.012299106729886048,0.004443090526027861,0.0007650216778751574,-0.003993329448745433,0.01816735815725908,0.019048165653078493,0.0025691963592352255,0.005235663102433333,0.025057250032325618,-0.01881427781655171,0.005296250618679921,0.0042492923281273656,0.014035374631962869,0.01812500023780829,0.0,0.013393049514144901,0.014388850226977619,0.012232791190554206,0.005917338007646424,0.004620258559953284,0.029052228665717265,0.0022650110758891005,0.03729582465184656,0.00701765266454824,0.011248165765265838,0.0027249976157522316,0.014754594842628524,0.0,0.0,0.015371926462102541
2019-07-24,-0.0018613247243613026,-0.004814509817708869,0.004136212495511972,0.013788607220298519,-0.0009591640539785834,0.008810914145336092,,0.005814858583362841,0.0020837211776356486,0.006755415088077719,0.014069115764005968,0.0031613870469009843,0.006733378573779916,0.000869450376973012,0.004897927488918877,-0.003780661418290044,0.003201871537847839,0.0013045466051535336,0.011779347227398975,0.013266902548032837,-0.013536796658456257,-0.0021223891051005256,0.003478400862794541,0.0040311317209279045,-0.003407095549991664,0.008830074348022307,-0.0020431433356811112,0.007067017192440323,-0.0014761004202341601,0.004593498534043081,0.006586196512245779,-0.03687048231528205,0.001924842320095774,-0.0028011400823507253,-0.005021259545870032,0.0032264700094401183,-0.0373023763661932,0.0,0.0,0.026138384072614367
2019-07-25,0.0,0.0,-0.0010322240324687059,-0.010817836868784767,-0.007707216437197274,-0.018975975121107557,,-0.0010547658590146455,-0.0033361990530889254,0.0048508701218611845,-0.0224384875344012,-0.01015230574318551,-0.0017741877384025175,0.00191033850187991,-0.00982008706276871,-0.002528521371061564,-0.0019200404308725525,0.0,-0.009276106185611538,-0.003772607309026594,-0.004390322444477404,0.0,0.006057934012350119,-0.00963303623995867,-0.006849393678209029,-0.013942457899036599,-0.014418278142831791,0.0010056303744637788,-0.0089021658424073,-0.005776604705801179,-0.01543557880501977,0.005851371299073758,-0.00966182684376708,-0.01554793754796853,-0.0020151210737439106,-0.004928852741427822,-0.03262106192327085,0.023791882187295624,0.0,-0.007458154265115678
2019-07-26,-0.001598446890425197,-0.004837875859857261,-0.004659638193997458,0.014073329846199538,-0.0019361969700931363,0.005095485017102318,,0.0013183679725989486,0.00041770452189878105,-0.002795675263899225,0.01072823899602803,0.005089278022580281,-0.0020315621381831626,-0.0095877949182811,-0.0032948265876330094,0.003790284352007047,0.0005123466970106254,-0.013123573996322403,0.00977125930579729,-0.010795903008470357,0.003416168812237948,-0.0028367712137854573,-0.002591773761892281,0.004397783391158247,-0.006896541655795683,0.01920350473114663,0.006204765204997224,-0.005037902080280013,-0.011994043506270072,0.0018875649203019043,-0.008928851902712557,0.005817331833986591,0.005808314140035876,-0.0014255617224418911,0.014852022553013223,-0.0003407554476605286,-0.00700515986857207,0.0,0.0,0.024849677911928606
2019-07-29,-0.002936803286978504,-0.009746613199982167,0.003626068764748155,-0.008158135196573369,-0.006805946743144126,-0.012787845292414704,,0.0031562694410915085,-0.012182440009624212,0.0035398166753988483,-0.00555892195796162,-0.012771748481697159,0.00012721856549871395,0.008719919364058396,-0.006622651766427386,-0.012690553148509988,-0.01042681139591065,-0.001321791146258558,-0.008226843453518548,-0.0013903135450002377,-0.011022673870562459,-0.02955176479223584,-0.009561263318888043,-0.003188676109975648,-0.006944525008405263,-0.011212749053748201,-0.004132193953461903,0.0020182336761754697,-0.012139586284292058,0.0008794001179196468,-0.006749119751950596,-0.01637460316466254,-0.015564638803316768,-0.001427596850211817,-0.020753678237794254,0.0023831982458290654,-0.0017590892799498558,-0.03590336658648253,0.0,-0.02090657326053134
2019-07-30,-0.033717228166672705,-0.003925566596097515,-0.008307380303861073,0.012050159043310341,-0.0029312158238810324,-0.018182354167713494,,-0.005266357980338169,-0.01533258955143691,-0.0035398166753987646,-0.0006967278633129752,-0.0006428453237703699,-0.0008902030558043743,-0.00609605333457895,-0.0252326047417308,-0.010269618067605096,-0.006621464335948187,-0.014657095981689865,0.0048902683376211955,-0.009611408311510538,-0.005185666114760694,-0.006605409059693409,-0.022969238431844455,-0.0022468090497120155,0.0,-0.004690090955482384,-0.010405865143513453,-0.006066698804677224,-0.01228921136083308,-0.0047841790540591,-0.03444652317672884,0.0,-0.02985306659809018,-0.011494380667897897,-0.004237091102828409,-0.003065057681933108,-0.009730166400205747,0.0,0.026188845049575714,0.005577041261005801
2019-07-31,-0.006659339161786607,-0.007897288215033119,-0.006801173494954503,-0.0068213649107564224,-0.01280175668357385,-0.019855051822438824,,-0.002096651930294301,0.0055639285411587976,-0.003739597042971148,-0.00769965086233639,-0.012294034136650284,0.0006358830465534132,-0.026734397881198003,0.011854506685106469,0.007711995792699442,-0.007189714921616282,-0.01079652837530016,-0.0057527563455252,0.011353159369212563,-0.00571093271855226,-0.012597628325901103,-0.008075287957597477,0.0035408592280979116,-0.010507966435367083,-0.002465445667885681,0.03897914893886493,-0.005083805531642237,-0.012441796976228221,-0.004173345345836586,-0.009389836255424142,-0.03357629491059207,0.0,0.00576374136293025,-0.013507676932734126,-0.00324619466132797,-0.007136495953476754,0.0,0.0,-0.0028881131441794664
2019-08-01,-0.013452959053055507,-0.023058688173703365,0.0020977029353102445,-0.039559895663362425,-0.015984303876531984,-0.016172808576239716,,-0.015219944617211571,-0.007282010519774497,-0.007521923749581449,-0.04028909000013778,-0.0237163465917817,-0.014725958195728323,0.001434592080451439,-0.01526747213078842,-0.02594163412406224,-0.00341718161470625,-0.017796464593080367,-0.03952072045597811,-0.0034848924250360917,-0.0110165020061771,-0.021100866546865653,-0.05081921975171006,-0.02673375044673743,0.02090666272417707,-0.03726566227832196,-0.01011125608161071,0.003053344101575501,-0.01895778170607019,-0.014552152552907422,-0.01664726563939399,0.03121501419592315,0.03766560954118756,-0.005763741362930256,-0.04399030727612883,-0.016041699014023213,-0.02814539801707796,-0.06026929128497663,0.0,-0.028282908453070573
2019-08-02,-0.03737163566611744,-0.007124759959529282,-0.010532154873731844,-0.0037368918293459847,0.0,0.0040676868248224925,,-0.007219272291484033,-0.0034452777353137726,-0.0070080535128731955,-0.003396302058158779,-0.0006669544051655488,-0.006340892546040101,-0.0016138075454106594,-0.008583693033388753,0.036132967663532,-0.004221450304073834,0.0055098102762401145,-0.010594828989739576,-0.006655020730344877,-0.009104700548951268,-0.007645400583455846,-0.02398188832554327,-8.841822690866756e-05,0.0034423703753907768,-0.019048529070174965,-0.018462027713740826,-0.012269982667416544,0.004773229035793296,-0.005932370284931347,-0.007220322568451244,-0.019093630589610253,-0.009775282407501478,-0.0028943038392660186,0.0012584834936292069,-0.009258529345683468,0.023659099547531853,0.0,0.0,0.00804239439594366
2019-08-05,-0.020417684968253903,-0.03323266163175452,-0.03391972966871569,-0.0452567326731252,-0.041115703395535566,-0.03862539973823107,,-0.01765331918198178,-0.027554845764897216,-0.016868464545441334,-0.03660312869641344,-0.0408498616646786,-0.015305449357860117,-0.026183340698450033,-0.024433972173232458,-0.030890480721564317,-0.041295916515532494,-0.011049939735522865,-0.037420576452584155,-0.03924173224382627,-0.03542723440109207,-0.03038795992454934,-0.02457132110633008,-0.030204463704966163,0.0,-0.03946749784732634,-0.01670188959446317,-0.027113422163845116,-0.006369425462182646,-0.017616564096486615,-0.019512730832006626,-0.055741919011297394,-0.01384787312813477,-0.017544273637697897,-0.03398829575893576,-0.019493479331293403,-0.020900361416095734,-0.008665679631099064,0.0,-0.027785660821839846
2019-08-06,-0.01021655903384155,0.0010554278546708582,0.0,0.012035530252186894,0.009399444650473576,0.011188864929046593,,-0.004043149489418307,0.014090874219479745,-0.0029038145140529194,0.01628284007304339,0.007615348404244744,-0.009403490739413803,0.003861224948788253,0.022708252051619308,-0.0026178080162509625,0.003575874160701717,0.006920507830460205,0.02124257997546093,0.021245541099489763,0.008648807379728533,0.0007908253325108009,0.005952491522805548,0.007818355577479386,0.01703622759479549,0.01786826663157487,0.016701889594463094,-0.005299474522041507,0.01584813572006479,0.001315934046287497,-0.002466117891015977,-0.006389705678292077,0.02556693725581982,0.02188259407293542,-0.005591911904620018,0.005709940828659298,0.009140562426549228,0.002607715188030664,0.0,0.01697689935865614
2019-08-07,0.003015667274497844,0.0,-0.0032912100174406667,-0.018824955059334722,-0.0020810985169895826,-0.0027856072261958583,,-0.00013980867917209161,-0.006140255349874066,0.005606671185791629,-0.0168967551504361,0.0013781803204542362,0.0046464733295755855,-0.025087311184584637,-0.02094313034910252,-0.021192891000279566,0.015123776314019996,-0.006920507830460266,-0.0013113328840225552,-0.00781282756921265,-0.0013053968471462081,0.0007900822989904103,-0.0009897178344191867,-0.021972965521376484,-0.010186833916586476,-0.016140717448706626,-0.0020725712515353555,-0.0031933008699689546,-0.01425193929367567,0.001444804652911824,-0.0124225028741362,0.0,-0.01763050299890972,-0.0028901939559872313,-0.01886873065841513,-0.005352265842886415,-0.016513847185771008,0.0,0.0,-0.02415464711702674
2019-08-08,0.005105809859372756,0.010493381396154584,0.00929732514312914,0.017416477547897515,0.0031200663801792482,-0.0007119617010694424,,0.010148415849593747,-0.0004402479334550009,0.011119910267715057,0.0242656236912313,0.0034375296223534695,0.015377804410825247,0.012343465834110058,0.0052771454666815385,0.025116965737285165,-0.005007304740501569,-0.005571097691656954,0.006105242190781655,0.014943612209481158,0.00208830305336046,0.005514106181815608,0.003952520117438852,0.016797852280121425,0.013559543826331785,0.017353075129025407,0.008264529646240235,0.0148153218420688,0.003184639506314214,0.010448020198003883,0.01488862076515226,-0.005188094880911586,0.009833072998938878,-0.004350904515839892,0.017184881027650298,0.01420980577315271,0.005534971890189673,-0.05623980911985099,-0.03349959657176014,0.02399213605049763
2019-08-09,-0.008739161104130472,0.0,0.0016317300923463969,-0.001763311405295227,-0.01043841251366315,-0.011461382541783565,,-0.0005534291327280558,-0.003969068943446645,-0.002481685567454742,-0.010392213260190157,-0.004126434830093597,-0.0035274920457513963,0.0050062469721649915,-0.0017558232723135663,-0.01711690602861896,-0.013709296707033426,0.001395686854590497,-0.00048332018530648335,0.0024838064714560754,-0.014975008804605373,-0.00947136776894444,-0.014691241054800932,-0.0010930730347188822,0.003361285726538793,0.005557787095385571,-0.008264529646240297,-0.006322546450058342,0.006339207677331765,-0.006124810390139836,-0.009901100683180392,0.0,-0.00392163412771427,-0.016117631012076042,-0.008461144846109048,-0.003533588885974034,0.0009195788587321205,-0.02887939693309566,0.0,-0.002157142252148267
2019-08-12,-0.0037688092540860895,-0.00733360376782377,-0.007637845218034862,-0.024657130726990825,-0.010548606016379592,-0.02037909586143999,,-0.015480608722742133,-0.019183966493146052,-0.00690441177316333,-0.027786295595966945,-0.008304623516958768,-0.019295236125323516,-0.0059359138464293295,-0.026715787644974797,-0.08015348002914265,-0.010089529898724196,-0.04128696805592077,-0.026346931982052083,0.0009742488881325995,-0.02655347015681068,-0.005566488236790258,-0.026029513281824398,-0.01894978538812973,-0.010118119224045439,-0.02785450608237288,-0.010427675379794561,-0.011696097874806686,-0.015924042793754728,-0.013422939127194212,-0.02774444540315699,-0.05478996425482409,-0.03193885686261051,-0.007412868133374494,-0.02659662318832446,-0.011929456925005433,-0.02230569579470594,-0.020048396012914544,0.0,-0.01896918888341954
2019-08-13,0.028843759326467492,0.00105099070473709,0.014678214772031968,0.0028899845556284278,0.014737039034212415,0.0,,0.006304989417652819,0.0165293607590085,0.0047994627776187645,0.009142613821876103,0.006925177523320557,0.013913969205570635,0.010548866019596783,0.017889524853287226,0.036727371756598855,0.027642362475166365,0.01443029308470409,0.012770836955387317,-0.016780243017419386,0.005961927868601471,0.0,0.022941413994544715,0.015298144447605704,0.0067568334975066585,0.008143323843006945,0.004184170568323402,0.01801864432486513,0.0,0.008574400427608425,0.015228654670936394,0.0013727064631184416,0.02800190136532202,-0.008968727121158811,-0.0019410289058028783,0.008915891181733596,-0.0009404429598018187,0.012458057069462678,0.0,0.01159867671557491
2019-08-14,-0.0003058121629399763,-0.01801849671821671,-0.033473724742532095,-0.048032946541917705,-0.023256763472147314,-0.02682740906323497,,-0.02818719978513112,-0.02967865173777799,-0.02659048204977045,-0.05419594062509125,-0.025866402958216152,-0.020876905745351233,-0.03694069953451227,-0.023319424475861866,-0.07485507875570085,-0.03470973893961637,-0.05295360749237596,-0.04279184675225398,-0.018165826032099455,-0.02766918694818636,-0.02013770419614208,-0.04211121778422927,-0.042408462371203534,-0.027305479160336456,-0.033994547989204246,-0.029663208479527105,-0.029853020992256594,-0.049352083354306256,-0.026217366680641715,-0.043764950733194724,-0.0013727064631185145,-0.04436219200308766,-0.03359085161171316,-0.03640359390566178,-0.031193396949122352,-0.045221701027854874,-0.044797916540662154,0.0,-0.044263928212709074
2019-08-15,-0.0123079270432925,0.02011700946572483,-0.010659361031589319,-0.006455088012064462,0.006396485033263309,-0.004541794675238859,,-0.004751845911667504,0.001824092454389396,-0.0045339882337127125,-0.0014662789359623707,0.02033014516814892,-0.009450595641308266,-0.005746882237502709,-0.005459682344347297,-0.03808541713857386,-0.00099338520918266,-0.012158206201846348,0.0031650335440673014,0.005849004079925867,0.003935884408376891,0.019339939041435408,-0.00647262493953,0.0038095310879115722,0.02054864566282968,-0.005865273362297384,0.008565493277396133,-0.009787990246100471,-0.005071740363193182,-0.00040484885206655785,0.005249180064725325,0.005479336054311412,-0.012448174005519803,-0.0031104420613580885,-0.016660129969757735,-0.012347066314321841,0.0,0.0,0.0,-0.013509021419811803
2019-08-16,0.02355930969132197,0.0010476875436416827,0.016779158507823615,0.029281325078135235,0.013720538201035,0.022506520628978004,,0.012764780879018283,0.02563646258478591,0.008068468631650947,0.034618689729614835,0.011728312365533601,0.012536657398385389,0.01599434308323326,0.02344567165834172,0.07477323588160148,0.01731336803894841,0.024170364330763458,0.0163805881198713,0.006901743741021527,0.0133780857713797,0.006364253391496907,0.02880200686823075,0.023672163429403096,0.0,0.021255587198192812,0.016913544633807488,0.010869412677727766,0.03333630203911433,0.013399925770833779,0.028389145647109627,0.017603778716862948,0.034875371387345575,0.015456201456467918,0.028079622478386464,0.012896661028759207,0.023347187286879345,0.0,-0.01159729039385816,0.023015855490881997
2019-08-19,-0.0024219871149349825,-0.0020963934480278568,0.004427213335884115,0.008839752739102827,0.002094336636159963,0.008862683109495676,,0.0051170157104552865,-0.0013327553096547757,0.007420331293269011,0.012990116891178537,0.0,0.00414378149675399,0.008347333927386758,0.0017809742056270849,0.01572595512793129,-0.006299353216573712,0.014815224880731415,0.013844270895466018,-0.014769293863542308,0.012108039177212456,-0.0023816578453363306,-0.009508695854502548,0.008964633856153214,0.0,0.010708831660628632,0.0020943814878165564,0.005391034977767206,-0.0016405829573751766,0.0027911304055220363,-0.012804178599424194,0.0,0.004024030961283803,0.0,0.013651356344076843,0.0042009662269831575,0.007663080770173975,0.0,0.00053015450986263,0.01918828197071578
2019-08-20,-0.022376407228594623,-0.0052605751761897425,-0.007760627393153945,-0.020374981738449975,-0.007349243480762464,-0.016308804389165918,,-0.014135723439960004,-0.005350182406428863,-0.007420331293268916,-0.013935769102325043,-0.006882386648180536,-0.01072961261072507,0.003666193416182491,-0.012533743050704763,-0.01141257434689682,-0.0021087942061457153,-0.022305855613291837,-0.011039847312323414,0.004673160136455979,-0.010724509678338259,-0.009584903058366375,-0.006389833663243174,-0.012778355524998671,0.0,-0.011710270877037465,-0.004192942121679314,-0.004310290157280212,-0.01156088255245351,-0.011883525831858185,-0.023469298766823167,-0.013513725537183718,-0.004024030961283677,-0.01079427553512885,-0.007495106729449743,-0.013211134974216134,-0.006701849422876128,0.0,0.0,-0.012676491044252476
2019-08-21,-0.00903018823507635,0.007356968624217653,-0.0016707328948087111,0.007828705958919078,0.0021054414984745646,0.002985105167763254,,0.007164169135959622,0.007126974790946749,0.004887885206982909,-0.002684188916225749,0.009622174679542567,0.007522792567947851,0.006527028747851296,0.0071814116450369175,0.005722567941746597,-0.0005629737535139713,0.005997187223113701,0.0034941472898801615,-0.00036579454252077187,0.0024850028592680465,0.003205126532248801,-0.0032102935840176722,0.002791804645816496,-0.010221542905172831,0.001001439216408912,-0.014814983999944737,0.0010794380517702153,0.013201465509828819,0.008027036492488072,0.0,0.010825651735764875,0.0,0.0015492357244347903,0.0005937384489319264,0.006810812519821855,0.005747041630867123,0.0,-0.014949584024469753,0.007136672646083262
2019-08-22,-0.0006257000643141758,-0.007356968624217584,-0.0011156505241557606,0.00960836534532683,-0.006329422557939866,0.011852014712364424,,-0.0014287336841752158,0.007517251173413156,0.005058389681563525,0.010380541557468832,0.0006837236917046728,0.022758625772731567,-0.0036422070392543703,0.007130273577087677,0.022568002669079087,-0.004940374370165652,0.014836874252005207,0.008633071411952404,-0.0371707018995638,-0.0016561102624331801,-0.0032051265322488175,0.018056739213935857,0.010262296582773877,0.0,0.008228723401985601,0.004255280551809567,-0.0010794380517702192,0.014646496145502483,-0.004808210777103325,0.018301275964003882,0.006706899845927209,0.02193499462126197,0.0,0.011802077881846111,0.0014666819214664943,0.015166240762810545,0.07850886914137198,0.0,0.013683589488347775
2019-08-23,-0.016727547678222328,-0.009538785363417967,-0.003353608864509943,-0.02683732650158704,-0.013851953956071219,-0.01633310964169597,,-0.01005884973593669,-0.02905251352029885,-0.010730861002130498,-0.031148109863877445,-0.01793148937390434,-0.015823339225222808,-0.010424761597786889,-0.02336160427707288,-0.028290570610825714,-0.028126614043457548,-0.022339079119521016,-0.03121031983824556,0.007375920096924363,-0.015871017822759282,-0.01618162132389373,-0.02343016335391984,-0.025148008534446587,-0.0068729314772520145,-0.02361903723788101,-0.017131080097503366,-0.014138346451555203,-0.011373048492906244,-0.016605425615360853,-0.023592270912847886,0.0,-0.02395337163639739,-0.01560088283833418,-0.023344378715202518,-0.013833978781676857,-0.014211432970801534,-0.03752766072866484,0.0,-0.026656534376676325
2019-08-26,0.010762967158337201,0.008483357508747067,-0.0050521266286619,0.011643289258134588,0.008546949546759785,0.00149598976156852,,0.008628071850854376,0.022422625712059028,0.00489203037635461,0.012352690018290485,0.011072600425001428,0.011759401452867016,0.017505444388619788,0.014440857712036483,0.014245443399652348,0.008261714898167839,0.0,0.017431452723498688,0.008070063866522242,-0.0008425490228068703,0.011354466654302573,0.014973551387244946,0.00798523044582899,0.01029176405359981,0.02088360690718857,0.02136832993539235,0.007637698507402611,0.0048898678942667865,0.005565946298391889,0.015789886875695637,0.004002668248665399,0.02592372774581098,0.01714756714521465,-0.002806110843008479,0.007217417550279042,0.010441466449999598,0.0,0.0,0.012528152029508164
2019-08-27,0.008465216321108329,-0.003172902429900141,0.0011249110657015858,-0.01164328925813465,-0.0010643200256313535,-0.004494432393273045,,-0.04300782944055273,-0.013393056394858072,0.0048680038599112855,-0.01704505623191156,0.012991973528353264,-0.008839707604406683,-0.008810613608533259,-0.009001043126881407,0.008450772222175528,0.0023070158583528995,-0.015174715953801024,-0.00794513886196618,0.0093021744656435,-0.0011239306962594067,-0.0008064138566866494,-0.0031898130935238737,-0.010629728138067824,-0.0034188325763478853,-0.009255681649007419,-0.00636279113338979,0.0021716283409010393,0.01452808297173401,-0.0036617806295995608,-0.01314085145039883,-0.010709568094592583,-0.011881273740259761,-0.003095920031315392,-0.008466371043865382,-0.004991098707757811,-0.01044146644999946,0.0,0.0,-0.005126292233084663
2019-08-28,-0.0034401931956908223,0.0052828877219977454,-0.005071828448576482,0.014253819254016403,0.00531063866350035,-0.006024172280796069,,0.003879007082931924,0.0,0.01273889088862315,0.011288799980102262,0.0067702428640137955,0.01786233407157469,-0.0065625794804359296,0.003610104469793507,0.004198678345314804,-0.005487785179354084,0.009132569580576297,0.011794451200256519,-0.009863215182837885,-0.0008442864671808946,0.0008064138566866598,-0.004268973730412893,0.009974599944904874,-0.003430561101861164,0.0147193139399997,0.0042463559159865594,-0.008714669353329572,-0.017785269959426853,0.004067656918890865,-0.007968096104300163,0.0,-0.005994056534728799,-0.006220821672389118,0.008265414691433867,-0.00222631884252122,0.002858512374636852,0.0,0.0,0.0159612214436966
2019-08-29,0.0056235157379258315,-0.0010545574374267574,0.005071828448576372,0.017719262082660565,0.00422836363170676,0.009022614912500565,,0.021214343464813046,0.012505693029684857,0.016359557918745493,0.02439531604968095,-0.0020262335226295344,0.007650927285807837,0.014991784132062414,0.012533743050704725,0.008344913532993166,0.017653979000639586,-0.006079103246418563,0.02121223902474508,0.0,0.012029701595133016,0.007231962132593386,0.01380790453942311,0.022406441359681516,0.0,0.02228544154267699,0.012631830949328836,0.006543041012428494,0.008123392786105518,0.012105085779407505,0.00796809610430006,-0.0013469683976835409,0.021804669127267765,0.00931674170370457,0.02908531840028031,0.004817457443121681,0.0066381812489228744,0.08605488027614833,0.0,0.015710359751647696
2019-08-30,0.008375926835900173,-0.003169550117007829,0.008953721157232936,0.006564451310738461,0.011536647130596331,-0.006005902967469672,,0.0004372241062696391,-0.00044403707486307553,0.003954504680214118,0.007017612470990273,-0.0020304506449615976,0.00012896694447435216,0.011569505384121813,0.007092279851043187,0.004146525118159351,0.0,0.010614300836630982,0.002307588868303287,0.00800985746720466,-0.0016697060488969687,0.0023990979570941732,0.00735687969811546,0.005842567191485654,0.006849393678209047,0.004832220922528501,0.00833329389197812,0.006500647944152594,0.008058000333109359,-0.0005350184962741632,-0.007968096104300163,-0.004051317129901206,0.007812542943097247,0.006163541515143088,0.0005846402223391552,0.0016626280221285871,0.0018886538996237168,-0.044850380257181945,0.021815144912813465,0.00819352401533146
2019-09-02,-0.010871373858737154,,,,,,,,,,,,,,,,,,,,,,,,,,,,,,,,,,,,,,,
2019-09-03,-0.008468052875817105,,,,,,,,,,,,,,,,,,,,,,,,,,,,,,,,,,,,,,,
2019-09-04,0.012830849166300454,0.01360557018538506,0.008874114082355819,0.016135268911792188,0.01677182645744186,0.010518604674068984,,0.005591238143344257,0.00930239711199473,0.018035266902327107,0.01346908164528767,0.023641718312586192,0.0014274421183212576,0.009389621940943536,0.005314337679623678,0.024358345564310786,0.02202597215349813,-0.006220685679380062,0.013776132878448916,0.0031374919957429777,0.02314132469410307,0.027550028955576095,0.013591360605390497,0.011994897005118469,0.0033841235877615566,0.01308769396928918,0.008281533808482013,0.013971133987729402,0.03406653033586537,0.007882829995129714,0.013531907613517762,0.05911109560447255,0.021339295925923683,0.009216636647409095,0.024672711129753024,0.00964286876008381,0.010441466449999598,0.0439728231351227,0.0,0.008856521728120957
2019-09-05,0.030922342381445422,0.006217666575886443,0.011528986219554846,0.029228170064655206,0.01444838844192835,0.022173892161879243,,0.016442535869264936,0.029541527868448852,0.007420167464256662,0.031544439893474864,0.021790160008829326,0.012501276571162968,0.009672792278621471,0.029593076321437692,0.04445178498615924,0.004487304640092233,0.04871564494151753,0.026030377728998556,-0.016945477258883835,0.0021763864214296557,0.010810899874438203,0.03067728633344732,0.022499018039894684,0.01008410790478948,0.022381913338709022,0.00821351293783453,0.008501525199547524,0.06633109198713182,0.01216970763141332,0.031748791532188,0.013933121942964883,0.02838421541555902,0.007616193283444528,0.030771814446622293,0.009184109915322924,0.020561554526388064,0.0,0.0,0.02380028716012853
2019-09-06,0.0012051989136580114,0.009254569791775564,0.009777308801070438,-0.013966396623486421,0.006128521886150689,0.004376329461043497,,0.008908263666460806,0.0,0.010478768657699252,-0.005592824330006105,-0.0013071190876500459,0.005873933977208749,0.007744826309561905,0.0017137604180044673,0.0038289151350192306,0.007527255778312776,0.004447788186716325,0.0007724103761758758,0.007119612853535138,0.0027135940708629654,0.006888536676395258,0.007024654687314778,0.002133459852228319,0.0,-0.006851670221829095,0.0,0.010526503596944037,-0.0014935552274763302,0.006421329800423048,0.007782068522636493,0.005018847079887256,-0.0018674428569571636,-0.003039459038783247,-0.012079610468082083,0.01091123385674278,0.006454550748921745,0.0,0.0,-0.00991860393488078
2019-09-09,0.043600423452837336,0.003065816978451736,0.007539205003500156,0.03194041095887903,0.0,0.013015320396571415,,0.013638424855050785,0.020339729221806623,0.008377483416622023,0.04185842338836016,0.003916441116749306,0.012023091218818642,0.005312843899858029,0.03532761964931222,0.035047398930041676,-0.0013896388810903104,0.10120990723953072,0.02275908447328962,0.00019171171655455317,0.014795185778186904,0.006083774027998197,0.03052944128282734,0.024473975903666647,0.003338926479515979,0.02180866690676119,0.012195355474007678,0.010416647830549512,0.052413730973171806,0.004561549666743415,0.017926250357609922,0.0,0.04388274191718679,0.006069783611396386,0.040821924800106525,0.005411430472661848,0.023616009380679304,0.06212129441876489,0.0,0.02637209298851698
2019-09-10,0.02841897193405664,0.0061038127676872325,0.004816747238992129,0.024837434514997314,0.005078842617292848,0.04906376951973724,,0.018038527129627217,0.03178804042685262,0.0054257215757171195,0.002758249867185412,0.0006512184892574653,0.00889228952471875,0.0031014845824274048,0.021259859794938035,0.0206945692814289,0.007619226653978934,0.005333296669148554,0.017071821792882885,-0.005767558112767791,0.017732367342522797,0.0045384661656109205,0.027739526525469325,0.012658054294770163,0.0327898144370216,0.010843353973534893,0.031812004246450115,0.01746334398746548,0.019663427379566018,0.01214963989559099,0.037364336263754294,0.048849720112680135,0.01948686807798699,0.029808431432225717,0.08583783426153731,0.011802340897997171,0.030934890109148006,0.0,0.04376510026133871,-0.002067484072658563
2019-09-11,0.012529798801629365,0.019086494436652755,0.010092972114061368,0.0037409600977980958,0.02698808233647776,0.006816724134593177,,0.0026295419710105207,-0.008569847597551547,0.0075473382275243256,-0.0011604375109121568,0.0269765971214922,0.011652397442822277,0.00996816957304459,-0.014670189145558718,-0.0012054818433784953,0.012753188317613387,0.0026559701613709666,0.005411420480356532,0.0121688709332575,0.012513233210582652,0.03339834507161351,0.0018850899547971822,0.0027340773951314,0.012820701782515704,0.008226738228824486,0.034618674488251594,0.00912314634863675,0.0013898778409298337,0.005253888616926944,-0.012300475839026718,0.0,-0.003514996253841657,0.018909665285074217,0.019522549294941745,0.0015988596186022213,0.007802294366023039,0.0,0.0,0.011115684558392304
2019-09-12,0.0008298924777180857,0.003972193737050735,0.0068474613883401265,0.007102989964516369,-0.004943272660255608,0.0,,0.0034493673661884117,0.011004946372914434,0.006068316074139086,0.005788558118519187,-0.00253803184438503,0.0025850229399315785,0.008798013373924572,0.011428640842301887,0.003612160924685712,0.003128836041320511,0.00924107716925064,0.008908339932863024,-0.0007620927815916597,0.003620577119828254,-0.0007303017328884926,0.0018812845543150515,0.006125201243150251,0.0,0.008610881627323746,-0.011406946189758897,0.006036313535251781,0.011049909871522129,0.006876723310700939,0.014742290551996138,0.004756394107996331,0.0070175756151985395,-0.0028860232650295683,0.004490016727200633,0.003543606469170903,-0.004327216527348966,-0.01747858986807684,0.021431203329965905,-0.004102544720190626
2019-09-13,0.026195183066487847,0.003956477820050614,0.004713183298105408,0.016711661977290484,0.010842879487407819,0.05421019901568536,,0.0012389769756065386,0.012887697652949583,0.004792478900898786,0.015606195821793114,0.007595044094832008,0.007714447420741676,0.011552676915581107,0.01929328339974674,0.01550428636706751,0.010001660524141911,0.024660599753959667,0.005289266886649241,0.0004764640696692974,0.010272022981604546,0.01089740473400706,0.01954470615309325,0.019485086152684045,0.006349193094902524,0.018775665522025736,0.011406946189758817,0.009980078670765875,0.012286827826464413,0.006830866421367529,0.014528038927166045,0.01996550756487737,0.013889117951431119,0.008633130119835967,0.014495385257285873,0.002825943255804247,0.01719733445966644,0.053934463178368024,0.0,0.005534584379550117
2019-09-16,0.004836184812794791,-0.01191662998024863,-0.012618263399459251,-0.0013267541178258898,-0.00787410777664433,-0.020806959246398356,,0.0009625576180271925,-0.02021074538926655,-0.004436884964937124,-0.00798740951674097,-0.01973957523528876,0.006443994453538349,-0.009945279822360608,-0.01120915137193872,-0.02638055113045314,-0.01027320332155977,-0.03257618436070525,-0.012262113605995186,-0.010727097985877341,-0.019347765296811512,-0.0050705217072135305,-0.01672923765923992,-0.008939641887968532,-0.012739039488666861,-0.009120273141291895,-0.009496795123221534,-0.005975931454574679,-0.005442170762942905,0.0021401178566549947,-0.014528038927165926,-0.0034945907219672842,-0.01914754552970112,-0.005747106854806399,-0.010521236137898538,0.0021142289696227602,-0.012870117932317486,0.0,0.0,0.00122568670891228
2019-09-17,-0.027443903572558354,-0.004004002824283705,0.007905080101353656,-0.0063260267380637735,-0.006940842287161549,-0.01723030713591427,,0.00233377989166849,-0.0073771816678415295,0.004082673106180364,-0.005024540783675229,-0.010992571023217986,0.001332308482467096,0.005872683672025088,-0.022802180234712043,-0.004872060674034956,0.0010863487824438025,-0.029572125499103544,-0.0060490316560313714,9.624550408657538e-05,-0.002347182739233024,-0.01168769795868563,-0.008470363240605617,-0.0049635555371370325,0.003200110011239585,-0.012140439316427002,-0.0019101510665374226,0.008950622664400007,-0.02486324022490086,0.0056445845064051715,-0.024692578759198152,0.003494590721967327,-0.0070547050340857035,0.0014398581329152001,-0.004804108275321265,0.00579074278732293,-0.012163479181835714,-0.05225675338854449,-0.007424306875359938,-0.00450176566618089
2019-09-18,0.0005509798045161588,-0.009068154317892718,-0.006318999983301655,0.0020021966765473576,-0.014028454655642189,-0.016172932633372734,,0.00396852468371057,-0.00041151758879865184,-0.004794277511237358,0.00874096351597748,-0.00914461481548673,0.0012098470607741546,-0.009090236286307623,0.00656815364841275,-0.016000172097698325,-0.015317653271398076,-0.01789445357084937,0.005404255962307005,-0.009188926086117762,-0.002614127049640379,-0.014804099704856034,-0.00949680025420355,0.009986209206569245,0.0,0.0033875100332998375,-0.0019139054362912226,-0.006954610203889016,0.0013976479227439114,0.0008752469814356159,-0.0025030096424159287,-0.015231756408687968,0.0017681619501284645,-0.0014398581329152884,0.004308222162367735,0.001398976963183396,0.0,0.0158008800782533,0.0,0.003480356113051814
2019-09-19,0.01827910343292531,0.0030318125456137153,-0.001057059654570927,-0.006018430714825731,-0.0010095190651687011,0.010810858814403041,,0.0019103437240640304,0.011049985125422131,0.0005336299853662833,-0.005149421602740365,-0.004603708225589148,0.013210471323928902,0.002860670953659288,0.0032677847272253014,0.0012397235069555696,-0.000275667549515288,0.001387938344132009,-0.008558933116626791,-0.0035043040513922917,0.0007847158856378002,-0.005983442885963094,0.009496800254203493,-0.003178147787819255,0.003189736382524973,-0.007694287749934269,0.0019139054362911085,-0.004997618757768259,0.0013955831039177313,0.006973562764100257,0.007490529724387772,0.016393516669566628,0.015775996167700528,0.0,0.010198878283317305,0.005575713304989309,0.006968650521748848,0.0,0.0,-0.00040887469442608395
2019-09-20,0.010220620760679274,-0.0050581914169424945,-0.005302267478205987,-0.007742801151611538,-0.005063255597691266,0.008032248361449286,,0.0013619649965596044,0.010928998875945612,0.0008892658898303773,-0.005464550503055889,-0.001979438147869448,-0.0016719058874403773,-0.0071672513814334815,0.00812365813452302,-0.009962607161024194,0.00426425246938047,0.0013858081167338135,-0.0069467633002673855,0.08975418585868614,-0.0018324725847248132,-0.0015014995921388181,0.010343098143961393,-0.004028990006896364,0.00950869525308467,-0.007982648930855074,0.0019101510665373719,0.004000142920561589,0.001393752131963047,0.009018600753312492,0.004962768125230225,0.014985997813588876,0.01038077230297368,0.008608357402868258,-0.016335533845342216,0.0022565138471900012,-0.006094973837336894,0.0,-0.014006896454605903,-0.0057412152404586365
2019-09-23,-0.02739899359333381,-0.006103812767687353,-0.0005317619646832752,-0.0023682785016522693,-0.0010159090539504589,-0.013422988216064937,,-0.0051859618356551685,-0.019923420033607236,0.0033713816360407553,0.002880036096322724,0.004612708889410827,-0.002512703335638604,-0.0008994434390146007,-0.014670189145558718,-0.025349954771711182,-0.0038508582876626484,-0.004163510162601205,-0.001310732773739829,0.05362611358418157,-0.0013110408953429836,0.003749418301242758,-0.014131132914768817,-0.000167978993267272,0.0,-0.002522189809609436,0.0,0.0029893184375899065,-0.009797076250992513,-0.004066521837833436,-0.014962808386312166,-0.027843927781874972,-0.031471194418733035,-0.005730639304967499,0.001330000648294658,0.0,-0.008771831675110808,-0.018318759607004503,0.0015101081314821475,0.006763227867892784
2019-09-24,0.004116783782246799,-0.00922603038613181,0.009001791113553958,-0.01984328094779611,-0.009188326858870584,-0.020478645410986724,,-0.0075547262779536795,-0.01322879216772653,0.006709428489379394,-0.024010183624762878,-0.013236450421347369,-0.008180079916760922,-0.005776088546349468,-0.023256875300075815,-0.02732764828630222,-0.0008268806132290761,-0.009783433347451995,-0.027113932488400622,-0.021693579406753462,-0.005261933183629263,-0.007513173221018587,-0.02012524223390252,-0.01312410047896987,-0.009508695253084818,-0.023694342937878945,-0.007662891655557079,0.003972594103393312,-0.009893893165906935,-0.0042073805040779115,-0.017744405142075217,0.0,-0.016114867479041013,-0.005763741362930256,-0.019290829540667104,-0.003995432518073181,-0.010629104384909969,-0.015241462490808705,0.0,-0.006351999468341526
2019-09-25,-0.0090794806465483,-0.003094356384095668,0.008921481265313334,0.010654766396038158,0.0,0.0013784550156492454,,0.009195283872285213,-0.010458035325316872,0.0038635836430558337,0.021562793940666108,-0.0006663069843321515,0.007461021456405456,-0.0016306622229036174,0.005029306149286808,0.0,-0.006225514914720061,-0.011299661156256316,0.01091468952517917,-0.007018278805325836,0.0018447655435224943,0.001507269860607078,0.0028999700852414792,0.00569403097380463,0.003179594306312621,0.011684861927806184,0.009569499144770772,0.003956234359556318,0.001419354327636278,0.0045777483964133375,0.010178086744061631,0.0,-0.007246520435124025,0.022858140532304175,0.012790561914390135,-0.0022653809303017913,0.0,0.0,0.01844057960680833,0.012460484976445394
2019-09-26,-0.12966946058829606,0.0010324636460053078,0.0005225296029173237,-0.004111016862704412,-0.0020534021217091794,0.00686334730095702,,-0.002325230922498986,0.006705635026178456,0.0052444525146348045,-0.0038992393205243654,0.0033277111762210704,-0.004443382472590562,-0.004361361723376781,0.006666677506689319,-0.021334040999050355,-0.00180581122466475,-0.005698074973537715,-0.008655092583166742,0.026004457983521235,0.0031544027735626377,0.0007526150518946948,0.0,-0.008254413784540284,0.0,-0.00980610663027953,-0.00573066399204227,-0.0009876883970377692,0.004246246618337188,-0.0013589688524657554,-0.005076057094485102,0.0,-0.0018197555956568632,-0.0014134013515947673,-0.012621502609811767,0.0010461505759923125,-0.001782500356145105,0.0,0.0,-0.007948377570959652
2019-09-27,0.014680946746814166,-0.003100832466671742,0.004688628520288632,0.007524013922289088,-0.01033065682897393,0.008174510520064569,,0.008318099742022113,0.004584395729551732,0.0036551975190377557,0.005051722919305134,-0.008675333015402518,0.0072938266461314285,0.003272889706746029,-0.004995805289204051,0.018692025768059582,-0.008797116335558627,0.009950424706298852,0.0035955169986099872,-0.01313214149136142,0.0010492602912391662,-0.017457725097024535,0.006734135979152596,0.00587864083893639,-0.019231425226517024,0.00514853333385459,-0.023256818035680433,-0.002968545962518554,-0.008510717327101486,0.002222406366556014,0.015151886029192834,-0.014218357796384534,-0.0073126498560497554,-0.02869633950357546,0.012621502609811862,0.00884867426188158,0.009764717451931443,0.0,-0.013923889749123671,0.03695927790588549
2019-09-30,0.0030958404954246066,0.008247378666204655,-0.001560294517409338,-0.006151667945741091,0.013409420578738764,-0.004078821508994333,,0.0014926911058161707,0.009105996639289522,-0.0005449030487285451,-0.005485849333427453,0.01463767035545029,0.0,-0.010400618403526457,0.0016680850598549937,-0.007968113684257937,0.016000404879377067,-0.007097222513678105,-0.00836139494540041,-0.02081614064099578,0.003402930185213322,0.018961595104298606,0.001915654192208837,-0.0002548961577806073,-0.0064934945071328885,-0.003976087359306602,-0.003929338201767895,-0.0019845177097128105,0.01694961316729781,0.0009865881789513568,0.007490529724387772,0.0,0.010949073466824773,-0.0043763656365013665,-0.0015197008283045813,0.006371198331473742,-0.000883609274894846,0.0,-0.012597546203000774,-0.005338608018287956
2019-10-01,-0.025040229323250725,-0.0010271609512286291,-0.01785779820877261,-0.025344020581589414,-0.0051362304677961745,-0.010959036312027137,,-0.006802683950017116,-0.01369039236884142,-0.007769781884378225,-0.01355418062218331,-0.005298142105147927,-0.005709351842520744,-0.00939855791753771,-0.011735326505028076,-0.03390162512963811,-0.000690437220123285,-0.008583824259973893,-0.022151602628970486,0.006464609316464141,-0.010771124659537421,-0.0007517085199693664,-0.014458164633461204,-0.018350801121783892,0.0,-0.03069861654116607,-0.0059229052248541145,-0.01198798514458195,-0.01552621773807383,-0.00630412594510062,-0.02010109229949728,-0.02660360252480274,-0.022019357511264603,-0.007336873411397556,-0.0399843844668014,-0.02397171601619519,-0.015145053738618141,0.0042571404191854845,-0.007635650594260692,-0.027740621553623727
2019-10-02,-0.009234436196693806,-0.0041193852483043655,-0.023050932244247094,-0.02132307959537606,-0.005162747587850771,-0.02935215768570469,,-0.01888010096271372,-0.029245621350318544,-0.016624022265606064,-0.028124512609458405,0.0013271694408117428,-0.020925886616108044,-0.02531295605152027,-0.02562044391732635,-0.008310162280749203,-0.022347182443414167,-0.0028775121368116966,-0.022149128840011093,-0.016683128261773372,-0.01946989561153077,-0.005277049961868341,-0.030559341002745852,-0.020105405889268933,-0.0032626705404563325,-0.028184445529585926,-0.003968319623731474,-0.028544297420149925,-0.018665140034268307,-0.02079730787343647,-0.03093046910119283,-0.013572103117230797,-0.033965487894535226,-0.008875705852372438,-0.02276457732793687,-0.032702270347280515,-0.03749872527683962,0.0,0.0,-0.01209884485145633
2019-10-03,0.011766735412330009,0.0123078290458871,0.0005420675254176476,-0.0010780700033020973,0.016427499941797607,-0.0028410223709000528,,-0.004042868008272458,-0.0017217800780009503,-0.0021651813802379843,0.006618564237394376,0.007267862825843728,-0.003988919724602482,-0.00781633169539808,-0.0052037837732036955,-0.00557890365015433,0.007037214784160277,-0.005780632576084746,-0.005107430550108466,0.020160287314444664,0.00590750408364725,0.008280163277571865,0.0029986573610194358,-0.0014250175781246278,0.0,0.0004969136556425236,-0.001989978171394625,-0.016684466217971497,-0.007272762791588698,-0.002154632535580283,0.0052221502209464496,0.0,-0.001921144418875852,0.01034742272666968,0.003412056791566714,-0.00236398444235455,-0.00936342285834753,-0.03809989792488232,0.0,0.00020626719659532292
2019-10-04,0.0015795970483634114,-0.012307829045887005,0.006483010307762619,0.019936594354061515,-0.008180137541059666,0.011315729015345442,,0.0057107910444534424,0.00601376741502282,0.008274813764476663,0.021946140056816908,-0.003957473901687821,0.008580663214530148,0.010471367277506223,0.008658011204105696,0.005578903650154249,0.001261616013235154,-0.002902678933756245,0.01788815289870054,-0.04254448334989318,-0.003755423418503754,-0.014345374528767123,0.00993041927938413,0.021428390156893948,0.0032626705404564106,0.013081698328852167,-0.0019941517742140895,0.004197218410033936,-0.005856450808582646,0.008590199601320231,0.0,-0.023885543258604744,0.0019211444188758542,0.0014694804764228534,0.019352520536370193,0.010325367973944469,0.009363422858347493,0.0,0.0,0.014945582924702295
2019-10-07,0.005665723568553659,-0.0020660736501596096,-0.007567585643070348,-0.002117355167250734,-0.010319915394603375,-0.007057342750726708,,0.002081174990852785,-0.003431975698811767,-0.0007168119146103366,-0.00044019168475271404,-0.006631570312039051,0.0053104098933935496,-0.0028448799234334094,-0.006920362334538944,-0.014005860367560193,-0.0005605306225944803,0.010122995313680539,-0.0019940646084117626,0.010627669757855066,-0.0013446852811948226,-0.00304645668445128,-0.0019781832290334633,-0.0021836648379998766,-0.006535935719933044,-0.002455258842789973,-0.006006012908217049,-0.005249264322406492,0.004395445728486068,-0.0025187005622286686,0.005194794023919868,0.0,-0.005774657122606902,-0.008849597605804057,-0.010429040389102851,-0.002887836885833291,-0.004670696508739445,0.0,0.0,-0.00816177986800805
2019-10-08,-0.00629724468021719,-0.0010347588165121407,-0.007078852686439542,-0.024312831111984214,0.0010367326615541544,-0.008534899083563073,,-0.010729873189739898,-0.003012583981014126,-0.00197407909824935,-0.026014039650003873,-0.005336919988636065,-0.008286759292038804,-0.0007600095468814603,-0.013986343583781567,-0.02426962245355381,-0.0044951902628257556,-0.0203496240055793,-0.015235355373690942,0.002147923154540908,-0.013000925884460326,0.008355525258347497,-0.015968424960727458,-0.022548371958510505,-0.006579021169763883,-0.021367488302493215,-0.010090849255338007,-0.006336037289099096,-0.01621249989867944,-0.011159383348480358,-0.013038051722397024,-0.008945688973843312,-0.013605744140006778,-0.004454341395457366,-0.020282106042390044,-0.008348295757769702,-0.008462692870410174,0.0,-0.012339308263414664,-0.020491144929120478
2019-10-09,-0.012075026418124971,0.01029869788640627,-0.00273584702264652,0.009366081300498265,0.01440363474915493,0.0028530114296641887,,0.005727757407694863,0.0055876114973816915,0.0076943345072558195,0.015392757555109863,0.019868237612546177,0.010992712575779854,0.0020884347008272674,0.005267945148940698,0.0028859317025334424,0.004495190262825794,-0.002941096844297451,-0.0026379930955138693,0.015083202421268985,0.0067924892090435555,0.011282653311262528,0.007017681027354693,0.0072177920100777015,-0.0033057273379142114,0.015450504442321279,0.0020263740343018587,0.008439159819541159,0.002967289897028479,0.00913962286993033,0.0104439141696288,-0.0025707380613604687,0.001954947638580674,0.007412868133374332,0.009204788033161338,0.006331461028338442,-0.0009447728264396615,0.0,-0.014591369354424207,0.006877393024396383
2019-10-10,0.025877098858896077,0.009179139124174422,0.011982602364782283,0.019880052490495993,0.0020409096346571875,0.0540671633611665,,0.0079082930532336,0.02455675946362434,0.002848142329252767,0.017494182832657423,0.006535916014564653,0.004534660389348958,0.00624006952449373,0.02079786491758506,0.027009596402862168,0.01101147370127806,0.00440868114111255,0.015225410705688343,-0.006360389374426684,0.012818935618692797,0.007451588513675673,0.04205988897565228,0.013930748477681259,-0.006644506564588793,0.014971429547399806,0.004040367058562525,0.005238129280410974,0.02342722842005135,0.0052929034331919535,0.025642396049496818,0.014057766574203101,0.03455256734843755,0.0014761354109676667,0.020802572608069426,0.005109543528544596,0.018727034224057002,0.0,0.0,0.010330370763431206
2019-10-11,0.02765137360383173,0.014113231584950078,0.015045996157760033,0.01603930588197871,0.016178256046878736,0.07786037492652849,,0.014815081662068408,0.04697621003324204,0.011838553278484945,0.021338523412037465,0.019994313129909624,0.01745452851062191,0.016266476193311834,0.04198763742665678,0.04524419822552288,0.012672221765518271,0.0374143558686267,0.023780407620898353,-0.006757915967834049,0.03462394530182632,0.01693081818193683,0.033901676825837314,0.016757441548327107,0.01652925507226693,0.021210601268866758,0.014014251016299337,0.010395260319491008,0.03274310722562706,0.012491000469354816,0.037271417336321784,0.0,0.04968822016231299,0.01173026690785724,0.03237562362422534,0.016965079529756174,0.029252790636672316,0.0,0.0,0.011445161009300835
2019-10-14,-0.012502018612048417,0.009960187936753712,-0.0037403109559169864,0.007924123931095628,0.005999900928917602,-0.015094621145820311,,-0.0019078460236493496,0.0003989321509608626,-0.001581970362886112,0.0019953250428858442,0.005730655262204981,0.00024083399941291278,-0.01287911853088408,0.006557386738996345,0.011992173693802136,-0.0015068006079371457,0.00983833220856662,0.005554348413089077,-0.004112820233549398,0.0010464837181992214,0.002915449829039196,0.008298785449363482,0.0026657436293772317,-0.009884748507678074,0.007602769118771825,-0.005982060204576925,0.0010336944358040553,-0.0042106036202627165,0.0004962053683130671,-0.007343906882157039,0.0,0.0,-0.004382832793929691,-0.003584058330098771,0.0021448794691128208,-0.004514869672434089,0.0490842199965056,0.0,0.0012184679600026455
2019-10-15,0.01552778095566651,0.008880332588300476,0.011179151563046769,0.02004498820161668,0.001992200631617397,0.056665503929138224,,0.0006817371695615814,0.03334284407130551,0.007012600845638456,0.013856012741245592,0.013871709252209558,0.0023998210596773407,0.019165070660426147,0.019418045497701993,0.03000869370847299,0.00013706862034909743,0.012508864670160524,0.003104482692727029,0.021624425165384455,0.009370178550428305,0.009416826452980557,0.017296715536533093,0.029696222102310463,0.016420684227611084,0.006605307440705427,0.011928446225466684,0.0072051642268876484,0.0056100930923674965,0.005320646334522844,0.04327600576606427,0.07220268045674283,0.021315200450145254,0.01741702476098109,0.015101708131071711,0.0058756534348703236,0.018826344050007434,0.008368462210550185,0.03253574061203631,0.016905108473402188
2019-10-16,0.013205480387342703,-0.005911450842714797,0.005806528042162928,0.014691490285102,0.004962820824868733,0.0,,0.0012261088540878214,0.006154121158079311,0.002268549966991356,-0.024447127463387237,-0.0037642023989480035,0.006688762375090632,-0.0025835030848818325,0.02061927484781714,0.007682442161046392,0.0026009745322844655,-0.0027663829984168786,0.004639244463944941,0.005246651227089758,0.0015532075289476524,-0.0007212396314930297,0.02142944913358484,-0.0023368552224986264,0.0,0.006094661374870082,0.0,0.004094511557014836,0.00974253374577496,-0.0009874473388635503,0.0023502699256874033,-0.020275072642009118,0.010489453083743166,0.0,-0.004557384800175229,-0.0010657603051889178,-0.007130135119918476,0.04879010078030392,0.0,-0.0104313245405339
2019-10-17,-0.0014916734557155651,-0.0029688817455856384,0.0010518424964800503,0.0029785351249753847,0.004938082440272465,0.003586409510695634,,0.002855409199065673,-0.0007674172686183765,0.0010452467057574558,0.001437946733535369,0.008137795709929695,0.0008327813041091573,0.0029520683024123703,-0.0047206616615577375,0.007623941654877584,-0.0008208681429876523,0.013755608113576682,-0.004639244463944946,0.006432994739259344,0.0054173418865813994,0.004319762994506757,-0.0017683568409297787,0.0055826004334111655,-0.009820121389455885,0.015076479187930078,0.0,0.01117302512016347,-0.005555550587150051,0.0018512148860012352,-0.004706007763788819,0.011976260323259547,0.00520390807924246,-0.005772058757960547,0.009931962646267452,-0.00035556548916058537,0.007130135119918549,0.011049767599865399,-0.009188274129703477,0.0004032691138652922
2019-10-18,-0.011109751542189083,-0.005964261403177991,-0.0026322165674293545,0.0029697638012457757,-0.010896429840819644,0.01186250638102071,,0.0016279404043531762,0.008787117008269877,0.0027820881968557082,0.0020094354535153654,-0.015075706385837878,0.005693467651766858,0.0,0.012539440949324488,0.0025285213710615406,-0.006175805052772689,-0.0027360054910123876,0.00029074640083825233,-0.010978528742650477,-0.0036084400947776715,-0.013015349815994321,0.007933095499050342,0.0017434775240339167,0.0032841856695228016,0.005051483650823133,-0.003960257765236192,0.0,0.005555550587150039,0.004674711926754346,0.014051896644915848,0.0,0.015450777747345757,-0.007262133209090773,0.0591848876633842,0.003549444910426753,0.007961138546762926,0.0,0.011725681249673882,0.007230536170819422
2019-10-21,0.012005022599807551,0.005964261403178049,0.006306000902518228,0.021835745409840044,0.006947885750117298,0.004706005180123308,,0.009444279535144538,0.015475066346193498,-0.000521034822907151,0.029249738435469626,0.009448857174523408,0.005661539836151812,0.0082562231394236,0.016988875687548474,0.020000639847382398,0.008362693762965018,0.02033977334423311,0.013132639724921801,0.02662682678664177,0.01078614082875244,0.00797404257547011,0.013949437925934175,0.024498359145383276,0.016260559364754793,0.029785848037971064,0.017699543021404925,0.008048349473029955,0.016484056172573407,0.009648887617744835,0.011560737317441738,0.02353056872743743,0.013536693837404874,0.011594333834136059,0.03200522941597836,0.006357318190428156,0.01660127767959307,0.023274925881192322,-0.008653508449309484,0.009757943744983818
2019-10-22,0.008614328948362537,0.006913578321956733,-0.0015728468421736853,0.005786064480151139,-0.0009895383495700247,-0.011806623567641604,,0.0012078839950689887,-0.01661664601617915,-0.0026091605772817,0.003475210199100006,0.0025047526617023334,0.00035229367184800426,-0.003661194313844915,-0.006144515259255685,-0.02126413617888921,0.0025904570887954424,-0.0013433964730435379,0.0016710572841405714,0.00289637863646982,0.0015312638772855586,-0.0007223894033907219,-0.0026006771979599206,0.009986499980134057,-0.006472563514529945,0.008853347998171631,0.0,0.0,0.0067890062292989065,-0.004141093091415068,0.002296168687300315,0.028655173614596057,-0.01353669383740472,-0.0014420066690581112,0.009889949741275054,0.0035140761584746385,-0.0034720615044479585,0.0,0.0,0.0031657924114954095
2019-10-23,0.015262858747632587,-0.0009846785311673361,0.008879680977916062,0.0070263581468804764,0.001978021462292725,0.012979515877250736,,0.0016081552552613405,0.017739524745446086,0.0003481072033331916,0.0053978437364656275,0.0018743133256683333,0.005861145662027844,0.008218614317012941,0.010728135948358336,0.010062999616090874,-0.007243296380637276,-0.00809708558282498,0.008172628933927326,0.009987348764447467,0.0038184552898158867,0.01149447018923693,0.003466227392310217,0.0026409382608235062,0.006472563514529871,0.0116116296948199,0.009699246040284618,-0.002005957614869694,-0.01088453223983125,0.002855330414172752,0.00913244398640003,0.0,0.005097897874039945,0.011477960922138245,-0.001970380777817982,0.0007013534083960664,0.012100297514100857,0.0,0.0,0.0061053706606616276
2019-10-24,-0.011130650827235983,0.012726478792633061,-0.00625980685094379,-0.0019114796999753093,0.010811062688010393,-0.007058779649625416,,-0.0014739528095486577,-0.009396789966599185,0.00034835977843456417,-0.0020728637987794795,0.0031161645897577173,-0.0010528277650480805,0.0,-0.00918846397255098,-0.011328024655645792,0.0094196962674277,0.0,-0.0012786796679574105,0.0093882813060539,0.00253721295685385,0.013479930759885244,-0.00607398499755869,-0.0007195312823834269,0.0,-0.003272542568334287,0.003853628615962126,0.0,-0.005487187156319658,-0.004928437570825743,-0.011428612673700461,0.012352790774606213,-0.01193553503566931,0.005689880571108281,-0.01082907185287534,0.0031500173110905676,0.0042863092895080316,0.0,0.0,0.003332491488870064
2019-10-25,0.0,0.0009723814928180944,0.007299215523493529,0.011414240574096051,0.0019531381086811826,0.02564232672434267,,0.007348741924530343,0.00037744140334004095,0.001565279446798507,0.011961364139286515,0.0,0.003271113174556981,0.004355734525790166,0.013751170907300499,0.008821752315904015,0.006095494504971727,-0.0013560463194317621,0.014955003685622463,0.0028325371346891418,0.001519451750631593,0.004219620103784199,0.0026077576052485328,0.00796627567919623,-0.006472563514529945,0.013242034320534952,0.0,0.004007964317367648,0.02981256819721456,0.0032061058738950643,0.004587210706181319,0.0,-0.0017164558739193015,0.001417408186010088,0.008246895530843377,0.005576083212285358,0.006820330565784322,-0.017795397924715246,0.0,0.009155575754781433
2019-10-28,-0.0026544706885781666,0.00581392365468605,-0.0005196043222909794,0.003776118198283595,0.0135661105780259,0.002298941623832639,,0.0010639732129673423,0.006397232907161057,0.0003474141487153791,0.00572340606215521,0.004965790948505622,0.0024459255694823595,-0.0010870915050563243,0.007558513448607111,0.009987619923165818,0.004043297805091729,0.0,0.016297737797404753,-0.00016653460221936612,-0.036855110154871584,0.015320611591191882,0.002600677197959999,0.0038015000643483077,0.006472563514529871,0.010084955252728383,0.0019213585552905637,-0.0040079643173676445,-0.013440848801063754,-0.0006153778448840272,0.0,0.0,0.006849241155817404,0.005649697931094463,0.020622216668063114,0.0001739133776215316,0.015177290474891565,-0.004694828730823111,0.0,0.0015500778494555933
2019-10-29,0.002065272937662431,0.0,-0.00468862852028871,0.00719754192930727,-0.007729632159367696,0.0034383631348659455,,-0.001463483163553132,-0.0026293138044086325,0.0019092283246255643,-0.006817356166136127,-0.0037218875568926723,0.001162481042928227,-0.004178484269458571,-0.009077142064330147,-0.00873369857837032,0.009503967582577114,-0.013661340350901273,-0.0005053528978058748,0.010923638846229789,-0.003155499232548509,-0.018835548525393455,-0.001732993318151893,-0.0006328333732709767,0.012820701782515704,-0.00021316837373632413,0.01334634628293072,-0.006042391858160279,-0.01362441829313632,-0.0032085015755162487,-0.006888596635732673,0.0022293932017381037,0.0,0.015374230525775386,0.0013404139489443933,-0.0020873863489421335,0.010819774141608987,0.0,0.0,0.01001727236594543
2019-10-30,-0.013351385342442748,-0.012639934138623842,-0.003662182277620274,-0.01413131881189015,0.0,-0.004587207451755792,,-0.0002664286658415402,-0.0060352181180284474,-0.00243044146838428,-0.001643272007313718,-0.01439772785153597,-0.0008135767589544504,-0.000364203105527385,-0.01840550503859577,-0.08087843444805705,0.00518223292351642,-0.011065017403197189,-0.008444081915705223,0.00787020406893425,-0.0010539291453350345,-0.0014095468847073992,-0.0174984188993607,-0.005552009205855889,0.0,-0.004744685361204969,-0.005698205693450459,0.007045808554096074,-0.001372594693131498,0.0004944886517365287,-0.03389347752265994,0.02202756995932702,-0.02069040075379301,-0.005563262252293196,-0.007317626092640222,-0.005236378570890259,-0.020067410522937906,0.003132269539143801,0.0,-0.0026871690453462416
2019-10-31,-0.0029913681377637517,0.0009778625476331894,-0.0346607219824101,-0.011130418331504513,-0.016626178265857557,-0.008078459869280567,,-0.0040061247819488215,-0.011798547347658304,-0.0034824319105965923,-0.015328498787472264,0.003775951424583645,-0.008525605848475533,-0.01726697528043656,0.007710383833390509,-0.01505857165989694,0.006473567726031412,-0.005578971509142283,-0.011323452161330572,-0.0022889392114224085,-0.0036978868677646306,0.0028168994145932793,0.0,-0.006463250731704387,-0.003189736382524933,-0.004550064461798602,-0.013423127760732954,-0.02128799493431566,-0.0027510798184807814,-0.0035891540837378303,-0.03230099400361582,-0.028731317417958507,-0.006993038059894163,-0.009810968273482308,-0.009789864786640933,-0.00122558073286848,-0.005929654093562811,0.0,-0.006668418809569152,-0.007717353589924852
2019-11-01,0.012503796327780587,0.022234049319995543,-0.013657681805869636,0.016807072823587035,0.021464073212001823,0.0046242606835920465,,0.007137306111160119,0.010662507024617192,0.0060865296812099125,0.03430303078976885,0.019285105287552475,0.007944031060050368,0.005727376492097064,0.0015347134151778034,0.01912630784002535,0.011391103025708225,-0.031252414404123054,0.018618233439659137,0.007826504996888457,0.007382293829187731,0.025001268448963016,0.0087876938661247,0.022793067792726537,0.012698431635609764,0.02741680892456705,0.02101331539474088,0.006128535050427147,0.012320468746597682,0.006056504012297352,0.012547262663724254,0.022173808413215198,0.015666044708053536,0.011204670618957118,0.025257532476071147,0.004894036574195648,0.016013696131066082,0.0023428762194686826,0.0,0.010596336502399622
2019-11-04,0.01846751549040575,0.004768664051561879,-0.018318633363195818,0.0186922638150152,0.015326218208180031,0.0034541991856883144,,0.006420829554607179,0.024692844538547382,0.005532162162520975,0.017585760169106884,0.01528615473913503,0.0040641184878390975,-0.01953363587795675,0.01219536228516056,0.03588425307448073,0.005064684552743263,0.010050216436019147,0.011343469327751,0.001136235549957018,0.011750841801806682,0.012270278964794337,0.014763641259041818,0.00794958133419864,0.0031496328863406253,0.031200391519948904,0.0037736469813605743,-0.027879991818015027,0.009478793317964643,0.008222396120865222,0.0270618133132205,0.010905297049696467,0.020513447197523585,0.00555546615515734,0.044733939696563495,0.008162045365486821,0.03046757398333577,0.0,-0.03562435706897487,0.010295589810323516
2019-11-05,0.007523202623068311,0.007582890902940882,0.002238190298748761,0.01287939570058936,0.0,-0.0011500973069426897,,0.006379665904376832,0.0033204679517580007,-0.00034468559304660196,-0.004267171793242913,0.0018188196905322609,0.005892864184367475,0.004685545860919103,0.004535230790694601,-0.0065487536627224195,0.0002590296692160597,-0.001429499710776522,-0.005610211415612308,-0.010601093542751763,-0.0023390192619078837,-0.0006777353561568148,0.014548668231785562,0.0021712309637205228,-0.0031496328863407034,-0.0016396642741826571,0.0,0.005222191388764594,0.0013467141278873684,0.0025630008879403516,0.009661879020506213,0.012931197222815546,0.005063481523038817,0.004146577268300704,-0.00850382177986702,-0.0012115928148769813,0.0032389088119496303,0.0,0.0,0.010941501312217864
2019-11-06,-0.005492170197463196,-0.0009446774894217318,0.0016756246516869914,-0.0009145493431916415,-0.0009511767340249977,-0.009248709140788803,,-0.0005303642637264559,0.012081188025559833,0.0003446855930466824,-0.005494395914289885,-0.006684931368654546,0.0029910965799999235,0.00596570016958782,0.006014928960185378,0.005242486941967771,0.0028449804800903776,-0.0014316529185251575,-0.001006517098667529,0.018197048546890686,0.0018196464747679553,-0.0006781949928994275,0.0,0.0015481594499154247,0.0,-0.0039050960539939307,0.005633903305874706,-0.0031302039003181822,0.0026881093567910496,-0.0003654879514391844,-0.0120919538546599,0.0,0.03148560305356237,0.002754840278359817,0.010336365346002623,0.0015570711921482048,0.0,0.0,0.0,0.00933703555570822
2019-11-07,0.011240959645244386,0.0028315761846421533,0.0011156505241557005,0.013329695714188756,0.005692577877888512,0.004635115547444803,,0.010680396343030333,0.023733710428504067,-0.0001724205033998359,0.018505605782619453,0.019324147550230295,0.0017212977914127837,0.01677316580065098,0.03099886445946622,0.01427664496737774,0.013340305797017374,0.01845318432351923,0.02205144408909015,0.0025728130039690245,-0.0015595961046004742,0.016150867288551255,0.025997415169941543,0.005398988311392926,0.0,0.0020572905361594005,0.005602244228555637,0.007288019653829177,-0.001342986461879481,0.003165919655620539,0.016888144454339154,-0.01184740093998696,0.027354821888593592,0.006854114255803171,0.02325215711613951,0.0017275098772853263,0.01205311145081293,0.0,0.017970579081374293,0.013235146177788848
2019-11-08,-0.008346645844902262,-0.011374512654112701,-0.003024063928487134,0.0009021748984589146,-0.0018938783822081886,-0.015142845790982327,,-0.0022324266371190333,-0.004630492622586834,-0.00276268604599074,0.004081165020220147,-0.013851271880752272,-0.003215727749485772,-0.00476361898567533,-0.023530557547035105,-0.016894452983628676,-0.006904404995249046,-0.002816614722102166,-0.0017031796609625963,-0.007414568947080364,-0.00521655391325378,-0.006026023116681673,-0.013333604223883109,0.0029189821932893985,-0.0031595021581823433,0.010019468745748012,0.00371724586741595,0.008264726779546686,0.0,-0.0029219312926312586,-0.014458069620185457,0.0,-0.006369451025586946,0.0027283951982367163,0.006037330678664826,-0.0008633819023920637,-0.008824755265718931,0.09019140696057566,-0.008416525267125252,0.0018503640153948835
2019-11-11,0.0005778756271617362,-0.011505382196711059,-0.002288341827727959,-0.0024080169745111877,-0.021073487319867693,0.03119831992269122,,-0.0018418530437339612,-0.0028601834344116187,0.0005183244411274446,-0.006854755727433906,-0.024556247591090825,-0.0038033055487304984,0.01077730791952072,0.013303854187177444,-0.002624678925716811,0.008559626419070262,-0.008498925806199134,-0.017559567370713805,0.0006468482745377872,-0.013956711728227737,-0.01693231415230035,-0.0008393983973610749,-0.00353461046600196,0.006309135044522943,-0.001221271563627561,0.003703764835317794,0.013285629897534092,0.0,-0.0023192312981762087,0.0,0.0,0.009539074640546758,0.0,-0.001505709069938984,0.0018986129702048182,-0.0008061604995408708,-0.017254234763364244,-0.0052965773890363945,-0.0009247540268848678
2019-11-12,0.006334605747388576,-0.011639522634234591,-0.00862828124775249,-0.0027161889128389733,-0.009727765123451302,0.0011368179135348242,,0.0002632730190762103,-0.0010747055760676092,-0.0027688090544641074,-0.00703550238203852,-0.008739133968741247,-0.0009244225626070057,0.008142767900554891,0.016023808348796548,0.002624678925716966,-0.007277211712095591,-0.007137643795217962,0.006281036862160472,-0.004537282885522426,-0.0007959759360135963,-0.01375535526152592,-0.0016806821824102867,-0.005867060278080256,0.0,-0.0016310680556905755,0.0,0.005063279328450957,-0.0013451228949114434,-0.0003669732631321011,-0.01960847617732343,-0.0219064576560362,-0.00634913450055507,-0.002728395198236637,0.0057378011634682344,-0.0024166878129443865,-0.0056611044975026035,0.017254234763364306,0.024791202701890197,0.0031404982428367076
2019-11-13,-0.03862372505632051,-0.009803797833807302,-0.006956508304105877,-0.009107664725297757,-0.015763897520186313,-0.010279756828067138,,-0.002768359806165212,-0.012986979241907977,-0.0050386162039297985,-0.015572990634276635,-0.011349486310383204,-0.003009673802592956,-0.022968812838907983,-0.014556321147122877,-0.04695700808092451,0.002559395516303452,-0.02172434046461081,-0.0049575833378789815,-0.0011376615993753522,-0.02091774135578418,-0.009742582004292887,-0.019533405676511285,-0.005278558760583115,-0.0031496328863407034,-0.012731411209531775,-0.003703764835317811,-0.008113651329792498,-0.020394896373968893,-0.0011005431917747769,-0.03526812944199989,-0.014500970226091396,-0.019293305982212856,-0.0027359970846166275,-0.009718794700788997,-0.0024229771895680984,-0.014706083719596915,0.0,-0.03185337719941117,-0.017301254409135606
2019-11-14,-0.015634840332863918,-0.003948817904953728,-0.0029130170204010957,-0.002748265030086316,0.0,0.0022934644369223592,,0.004872645833726409,0.007956423055613225,0.0006964669817677835,-0.0009477145206646606,0.0006338801771414991,0.002084755133831721,0.0005530148337760985,0.005847957286307938,-0.009661931483232534,-0.006025322369608957,0.0029238975795072043,0.0005013199561874799,0.009547867279613903,-0.002441982209945597,-0.007017562348337242,-0.005158992921561392,0.0009337503238154279,0.0031496328863406253,0.004536214061846635,-0.016838339623407743,-0.010235257896192625,0.0013725946931315775,0.0007341458715893646,0.0,0.017817540623116745,0.0016220853293695263,-0.004118117171186528,-0.006209424408524441,-0.0015601367885730813,0.0,0.0,0.0,0.003746057432500341
2019-11-15,0.009049871946849173,0.0,0.005817573013790954,0.007008774118944229,0.0,0.005711092055976371,,0.0071992457968587985,0.003954791238625234,0.0005220320962330131,0.007555650413178642,0.003163772555175902,0.0086392767074925,0.011908164005870211,0.005814066912140329,0.013774351732073416,0.008195659139001903,-0.002923897579507167,0.0037299658999798693,-0.0020958633570042177,0.005418584430420112,0.008415080140248775,0.007728601710224227,0.007205637996441785,-0.006309135044523039,0.007787014109647966,0.016838339623407743,-0.005740676661956171,-0.004123674511612222,0.00597453317412489,0.005115047409861144,0.0,0.008070999376582745,0.004118117171186584,0.00400574052404891,0.006399801791085583,0.004926031885831009,-0.02088655352168232,0.0011156486661909053,0.005778726500545021
2019-11-18,-0.016959793169482745,0.00788187827029077,-0.004068744719438877,0.0009106629559105738,0.0039643517194531625,0.0011383824216335606,,0.0007824231664509412,0.007150580005904291,0.004686158915571339,0.0,0.010681842936190646,0.0017188519039706986,-0.0010933190312698577,0.001448140924158788,0.0054570509469670505,0.0057227839553336424,-0.0014649970151769808,-0.0023636286404397832,-0.00924216670193867,0.006195259979539846,0.011801682077292125,-0.0025696087886628396,0.00837966428239463,-0.003169598788589779,0.00081619953066027,-0.009319490095971541,-0.010718223311643222,-0.006910881291649432,0.0010931887317996505,-0.010256393104333192,0.006600793926485828,-0.0016090356741053134,-0.0027435033063597366,0.011785940331991847,0.0012060276194400285,0.0,-0.01024142987272413,0.0,0.0037103622447434586
2019-11-19,-0.01013055946408554,0.013645527075614276,0.0017457752324534094,-0.0006069028343187288,0.019589162328072535,-0.0011383824216334932,,-0.005357671050405762,0.007806875989713643,-0.0022535128019150657,0.005629379482812205,0.01611926365189604,-0.006893623408554655,0.0012755238795416476,0.0028901146787115952,0.0,-0.00840463662964915,-0.007358563683935221,0.0014094604539496897,0.0004884772567985007,0.005356331636075348,0.01166392337098308,0.005132514258405924,-0.0003062008420399215,0.0,0.006099879044847629,-0.0018745398880404263,-0.0010779233174194333,-0.0013879487613918575,-0.004259108387420026,0.00514134569447204,-0.011025415994756997,0.006420666799064067,0.0054795003909763355,-0.00013597877261920893,-0.0010337230549894928,-0.005749548684231345,0.009513290688768848,0.0,0.0005554854538256894
2019-11-20,-0.013356266508946973,-0.010705737639437858,-0.02412581841651535,-0.007618592811405832,-0.008767694242539434,-0.017231860679069243,,-0.000393072199715428,-0.0035410959957355883,-0.005569215312344933,-0.012237315375326236,-0.0030797892849911083,-0.007289411655789571,-0.016893590154274874,-0.005788606336557548,-0.006825903978563194,-0.009637220680468187,-0.01188699170918245,-0.009727050527147273,0.005682514774822791,-0.009122937558813814,0.0,-0.018080604439772895,-0.007301935610067002,-0.009569440700077042,-0.004673369458132991,-0.013220120821542544,-0.03401319528726937,-0.011173490865539735,-0.0023196795039015115,-0.007722075518446154,-0.03382517284464349,-0.0064206667990640755,-0.005479500390976479,-0.00519140299698514,-0.007787260173801554,-0.007441044699403929,0.0,-0.03806210099445335,-0.009110227378007634
2019-11-21,-0.0028184012202623586,-0.0009788947811720599,0.0035672422602547826,0.0045781993651829635,-0.006872923994830849,0.0023147689689938123,,-0.0014430492413005313,0.013739862282601658,-0.0001744333380069205,-0.0001352210894565551,-0.006188086256091777,0.005558539863341176,0.001850063159054272,0.002898491657845814,0.01089923789743614,-0.018109849847182155,0.0029848821922430734,0.001467321876926536,-0.001296058413435146,-0.007032606469128183,-0.008907411940272955,0.004334724546501613,0.0023115805314839334,0.003200110011239585,-0.005309356329952523,0.003795128481790489,0.0,0.0,0.004634226222202726,0.0077220755184461655,0.006857161034295185,0.003215486510948584,-0.0027509817620796095,0.0,0.010025730779062356,0.0016583461073688833,-0.000728669756980974,-0.01164833498300752,0.00037359524088008693
2019-11-22,0.00967414923802745,0.0009788947811721178,-0.0005937487585264059,0.010299977873909672,0.0019686706888111124,0.005763690900286787,,-0.0018394989854946164,-0.003856165242249575,-0.007709783829861667,0.013040665171748829,0.0,0.002998280380218434,0.0,0.0014461560245158853,-0.0027137115513601305,0.0058353673935803135,0.005943609867688414,0.009350340867005319,-0.0012977403609842296,0.009455450205938031,-0.011072451540104201,0.006037136942661354,0.006597353165312106,0.0,0.008359789509029483,0.0,-0.0067190524617921936,0.004204817575682334,0.00012136611600190565,0.01020420870992694,0.0022754126067858304,0.00958469409653001,0.00275098176207955,0.012387141096934498,-0.0031008101230747954,0.012351044742668352,-0.00291955114603196,0.0,0.013353081418566006
2019-11-25,-0.02388544476118259,0.009737048954757322,0.0029645999529779136,0.008702164423641662,0.005882331021219698,0.013698838783239053,,0.0019707953175844835,-0.0035186678773140357,0.0024592883913569564,0.010760386442228539,0.015399144038352004,-0.001151960517123583,0.00553000393321387,-0.002894296948674605,0.0027137115513600376,-0.008632703179955983,0.0014803990586548577,0.011150395381179977,0.012580942676484795,0.010698415770023553,0.01929740138216737,0.0008594805477193728,0.005337645798858694,0.006369330688837413,0.014313209332451029,0.013170372169364652,-0.0033765675488961863,0.0013976479227439114,0.00024327702876212172,0.01261055467500163,0.012422543338247292,-0.0015909236571128615,0.008207895589213133,0.018496222269386103,0.0055057012970262,0.01139149119039687,0.014513876958243972,-0.042483112306068826,-0.0012903328745789916
2019-11-26,0.00031778931813636633,-0.0038834199636376223,-0.002964599952977897,-0.0035918225073248997,0.0019531381086811826,-0.003407055551816931,,0.0024904405839704094,-0.004592770354741077,-0.0068667873541028174,-0.00291117031752067,0.0,0.0012673219530914793,0.00805564859959276,0.001448140924158788,-0.01227004282626606,0.003594935902321183,-0.014903434316769017,-0.0013477200250034747,0.0054346894931538575,-0.0015976009229312588,0.0027267529089927815,-0.008628229345745777,0.0013679884625849355,0.0,-0.011069776784890616,-0.005623246511281491,-0.002257182193340106,-0.004198702948311794,-0.004632532771981774,-0.01769971597506733,-0.004499640590938363,-0.003189940139991755,0.0013615134451740517,-0.013503341388511073,-0.005678154523413835,-0.013029561887203925,0.0,-0.020377361107949077,-0.007406135392467448
2019-11-27,0.0019060909347741158,0.007751965287547573,0.008279173914090823,0.00209678613351796,0.003894869091508552,0.018038590242901702,,0.005874582881768718,0.0007078148469621793,-0.0033622829216324365,0.0034397381546918838,0.003051594459156908,0.0016100950054926252,0.013583476708263653,0.0,0.009556331274906007,0.0007970393790916117,0.017857673867736453,0.0022451653009297455,0.010466312889463597,0.0023952630043675644,0.004076188188179306,0.005185984568668869,0.0029575821802299536,-0.00636933068883745,0.007460306933685062,0.0037524065697093884,0.003384042919882495,0.0028010550255677747,0.0010993873812225182,0.002547709434477857,0.0200901749227693,-0.0015986500113100242,0.002717342250906551,0.013902130155088835,-0.0010361247904537556,0.0049060870445398206,0.0028778967269534224,0.0,0.009801487308851196
2019-11-28,-0.003496972176645999,,,,,,,,,,,,,,,,,,,,,,,,,,,,,,,,,,,,,,,
2019-11-29,-0.013466148395811572,,,,,,,,,,,,,,,,,,,,,,,,,,,,,,,,,,,,,,,
2019-12-02,-0.01692762566297789,0.000988799859750117,-0.0011911520573275479,0.003295967160646467,-0.008032301811497793,-0.00912208917757223,,-0.016905930659131804,-0.004290279014629588,0.0003564900494506392,-0.008019624803730967,-0.001264346665589702,-0.0032272178277079062,0.003091160714834948,-0.001475928118862575,-0.0027777088940927493,-0.005173019857002915,0.013363130669553759,-0.016903131151894017,0.003556375115686736,-0.012150785204963278,-0.006358295322442283,-0.006094779396815966,-0.002203183894050323,0.0,-0.00811694018317701,0.0,-0.008013769826097587,-0.008596304322310348,-0.006012037632047077,-0.018253360940538636,-0.016713397021361234,0.0,-0.002739745148291697,0.0037216293481260707,-0.007990476803438383,-0.007434995309962826,-0.0021715019427813085,-0.00563038742491839,-0.015544540830408678
2019-12-03,-0.01688491905922711,-0.005946527801073119,-0.005977294495106868,-0.017806413003885573,-0.010131706597011838,-0.010362611218741474,,-0.01786959498033329,-0.008274866235114968,-0.009665583935372634,-0.016097468850925188,-0.00761915574318016,-0.007765080328136634,-0.020728818573525175,-0.008902284628903256,-0.018246158321223237,-0.012083067028524672,-0.013363130669553743,-0.025124568030395637,-0.005826283478729581,-0.013125710818231901,-0.010687653726115222,-0.015845306185752434,-0.012937974330299385,-0.006430855388751175,-0.019961517403492925,0.0018814967361652543,-0.017391897677645655,-0.010122824521826874,-0.0069154866648257485,0.0,0.0011228626895302774,0.0,-0.0013726581132591025,-0.023760991334983907,-0.006824549354263637,-0.015880052469568695,0.0,0.004381811216406343,-0.01958611240495088
2019-12-04,0.01227835561562606,0.006934123875538183,-0.0042053950401752345,0.00939535589314918,0.00912312706147479,0.005770205157986595,,0.010839943515026054,0.010422451327747917,0.011267263796288628,0.012198890539691906,0.0076191557431801865,0.011912382671361467,-0.0012983837747687728,0.013323772139929572,0.015460558594502767,0.016576868601010895,0.013363130669553759,0.017282837557757832,0.012420521153944375,0.0038460580188877844,0.005001789832038026,0.017590277042338145,0.019533569126964082,0.016000296088828272,0.01505940490364367,0.011215048857135763,0.0035025738802311177,0.017291435943139043,-0.01472999047022256,0.025975436458984702,0.0,0.020521763189040976,0.01228675128529378,0.012957462449393057,0.006475795196795677,0.006717151859618125,-0.01239541054114615,-0.0037545867338278525,0.012474104205424295
2019-12-05,0.0013184096518553073,-0.007928671557101424,0.011968846745722982,0.0036331667004953563,0.0,0.010303498116731438,,0.006236291543939748,0.0010719208530438882,0.01043793481926535,0.006445269786052136,-0.002533306066727726,-0.05154709906537048,0.002409755019140932,0.004402023985382962,0.0013936547172701467,0.0006792182845168633,0.03193291483265361,0.0055418696335598336,0.0008013899259113878,-0.00274551246057992,-0.002855101475147934,0.00174205093498159,0.005425782411519254,0.006329100946772124,0.004698094197831192,0.005560612643863279,0.009280975062821453,0.0028531172731009733,-0.0007543780003360299,-0.0025674052629966857,-0.005627509428785492,0.012422524630944851,-0.006807250894317317,0.010538447501614905,-0.03407007104736436,0.003341631985974192,0.015289788640469915,0.014316918930183897,-0.0001880720009401362
2019-12-06,0.0036165466515760787,0.010885772059007377,0.002970196238083801,0.017375863450518163,0.012036254024024706,0.013574729796183028,,-0.0015885441090189927,0.0064080821026363845,-0.0019380065425689376,0.014616186030811646,0.013228591085119045,0.003504353410355684,0.007746343052789009,0.011644938903385122,0.005555582172040152,0.0029825114622858044,-0.0071684504003254315,0.03382303362317041,-0.0006409684033711264,0.013653617424632633,0.009249430593823316,0.006938786662612939,0.014771002811653517,0.0,0.014767235504886947,0.0036900975661473745,0.004608348734593093,0.022536085798027704,-0.0032776627289579563,0.005128308641298819,-0.00339180618226497,0.0015418590390748684,0.010869604847757864,0.021788403901424475,-0.0009028030611201183,0.003330601648107849,0.011494283031410656,0.0,0.021190580220499338
2019-12-09,0.004257426600527658,0.0029483818341697146,-0.006545706726075552,-0.004763199558524542,-0.003995879408282432,0.008948757380154304,,-0.001193282669547179,-0.003554942801571436,-0.0007051797198580565,-0.006351515947894796,0.0,-0.0021740625367706744,-0.0033124662197726693,0.0,-0.0013859282684971386,-0.004205421394187563,0.019943867372440777,-0.012544411228891873,-0.001443666331306549,-0.0010853152478186069,0.00282885231115946,0.005172335277607149,-0.00467609542308327,0.0031496328863406253,-0.004024157128085348,0.0036764362504837,-0.010398828815965495,-0.0041869831586249465,-0.0031617719080941574,0.005101853466037015,0.0,-0.0015418590390748417,-0.0013523077944936897,0.008404105092473892,-0.003982536649781098,-0.0008315367275991295,-0.005730538514828846,0.0,-0.00831140895632316
2019-12-10,-0.003273370100106012,0.002939789436176403,-0.010804519880821132,0.0005966754896587377,0.0010005067312925061,-0.005583407333159991,,0.0018554107597815663,-0.007506741492747175,-0.005308281572610858,0.005955523321958857,0.006238365604354524,-0.004361225189494134,-0.0033233870507638832,0.0014461560245158853,-0.0027777088940927493,-0.0028589525502474094,0.0028166147221021036,0.00031571795100357247,0.010855774284561477,-0.003263628885917058,0.0021162946171019983,-0.00863568045516357,0.0006691986913162524,-0.006309135044523039,0.0014104109755817991,-0.001836575961650208,-0.01639386358674177,0.004186983158624966,-0.005715813251626728,-0.01280410253881104,0.022397423147611412,-0.004640451089187965,0.0,0.002057858489552689,-0.00036291930498343305,-0.006678002188349513,0.026233321839281232,0.0,-0.004274401776355851
2019-12-11,-0.0009840565004216126,0.014570470666528538,0.007814867631557669,0.003275266843079929,0.01685714726255943,0.004469256779132049,,0.003700327085962649,0.002508416997166868,0.0035419201510955905,-0.003039400613941171,0.012975208390121215,0.0024253064074815393,0.01905161339618022,0.008633074253534549,0.009688601168344517,0.015422453295643498,0.008403490647697465,-0.003114681035034552,0.0033287400137853576,0.012183464054564977,0.016078827925250137,0.004327043302648893,-0.0023819548230084074,-0.012739039488666861,-0.004439002304260388,-0.005529957854980669,0.008230636900369865,0.009702136894759744,0.002290222633344577,0.0025739404314752963,0.002212426795269943,0.00925946781887582,-0.00406772616339463,0.0046145905469839625,0.002537219273011031,-0.0025155306583900332,0.0,0.024421365541173586,-0.009732421549574058
2019-12-12,0.04083507468145211,0.008641441201100376,0.0023925939957426252,0.030447386202358564,0.013671947548559082,0.012188565053193351,,0.006704854181795155,0.03447406404205301,0.0028244176778514625,0.01965987188907632,0.013414758489796844,0.008082512449639272,0.0068718174351472565,0.029642324660987433,0.04181325284682696,0.02243410478546526,0.035620133863670994,0.021734044076492116,0.003948586529240759,0.020509713186197386,0.01582407873464663,0.028938352101001253,0.028216355553788423,0.006389846393764441,0.024766298758721727,0.0018467508846138206,0.0011701578246916939,0.031231187318622608,0.0016510668374444962,0.04030773324584369,0.03688033228527941,0.03323556342452854,0.0,0.028121472480090594,0.007573079750268283,0.020773375179803537,0.038439885293190826,-0.02071988012228365,0.022134152211537937
2019-12-13,0.015320144140740942,-0.003831489832017093,0.017175297801256473,-0.006944537891154621,0.0019381485961117904,0.07016670508916795,,0.007960966051807808,0.005517205555776612,-0.013487557870594967,-0.008602897368203183,-0.005466228105733929,-0.0038519854564627045,-0.004334752208736442,0.005547747875526551,-0.011960300856290622,-0.0011821980773684244,0.03309370750563723,-0.004655744515783339,0.0001576765777041648,0.013096229501322129,0.0,0.003349990413378843,-0.008805520297553947,0.0,-0.008917053295006663,0.009182846690626576,0.01393771942845102,0.017230563889970647,0.007710012041455354,0.009828195663147502,0.006369554244475756,0.0,0.005420033957888293,-0.016170957890779398,0.01178576380519523,0.009005467662668638,-0.0328573097468526,0.0,-0.010540860600529769
2019-12-16,0.0012402371378710008,0.00478692644151326,0.011675612727388518,0.007521089082063578,0.0038644629101381445,0.04024696533213896,,0.005444628020119279,0.015694712682485037,0.00552361630705559,0.0067841083516507516,0.009093697473097786,0.007689437817048,0.01864849238979256,0.0027623748971356034,0.027687978218553545,0.0010508870424056024,0.021894095686035304,0.013420372276667638,-0.0029990759756889076,0.012669733486070884,0.006124746104272663,0.005004323131842066,0.0038666501789524628,0.003179594306312621,0.009508878282887238,0.0,0.013745625087173361,0.01305491626393605,0.0028920864719945974,0.014563280327066086,0.01574839246167884,0.013284443826655485,0.009415025058714529,0.00617305855111087,0.004958348136532855,0.014563300812749128,0.0,0.0,0.007962250073181654
2019-12-17,0.013542841312254628,0.019858941716853838,-0.008744039840856747,0.009750404571891576,0.01815644885242878,-0.03308574107104529,,0.0019376442128938018,0.004054113834950893,0.005316366900593537,0.010733971256739487,0.02326399289956373,0.0027487904290057737,-0.001421943692973853,0.004129566692588713,0.015484072279160647,-0.0061894354334647945,0.020177230945935345,0.01354601051393625,0.017394625915949098,-0.0002570542353126266,0.024791852258634915,0.014043865329729092,0.006097288698216539,-0.003179594306312569,0.0035423246933805447,0.0072860239975914105,-0.017211994766070715,0.020539908163600778,-0.001004828021524489,0.002406680666768907,-0.015748392461678744,0.005847971678932255,0.008000093210987755,0.008878082072155118,0.002293765985260471,0.008796621440015728,0.0,0.01102278419889488,0.0022108455457219268
2019-12-18,-0.006440706292490453,0.013023384029346293,-0.002931572886531879,0.0019956848535852643,-0.003794947204354685,-0.012307842799356499,,0.0006446812340077535,-0.0010120797498264784,-0.00798494790021925,0.0023129665960804962,0.0,-0.0013135725313864833,-0.0012462326394341232,-0.002751079401614846,-0.007711995792699469,0.008156775335613736,-0.0150948636945153,-0.0030329133393731007,0.0058858918563891825,0.003079314460712121,0.00462189032346307,-0.0024638546663999705,-0.0010133609612906962,0.003179594306312621,-0.004725955203193817,0.0,-0.008134839912827428,0.0,-0.004408545073819139,0.0,0.01678953418870291,0.0,-0.0013290122352528685,-0.004241813229041556,-0.005301150565568934,-0.009600190793070602,0.02948453972703174,0.0,-0.012406740045892583
2019-12-19,0.0006152036872842534,0.0018468258607685483,-0.0005874712761834177,-0.0045670754183977265,0.0,-0.013506579479344263,,-0.000644681234007785,0.0026963035399942222,-0.004285135322264455,0.003586636364518598,0.0,0.003340873432503411,0.0021352795944969568,-0.002758668723114646,0.01790332933216922,0.00548802034270713,-0.007633413059648011,-0.002215382595532105,-0.009309442136366766,-0.0038506622242459477,0.0026315768413758753,-0.005773470860463446,-0.0050112698574875094,-0.009569440700077042,0.003940213867237938,-0.0018165586403944658,-0.0035066676614177914,0.00885525918601856,-0.000884119473093322,-0.0048193737131626575,-0.013620133390714738,0.010152266268426684,-0.006671080975734774,-0.004384776642900819,-0.006398950551971667,0.0008035693530549493,0.0,0.0,-0.0007452946389045709
2019-12-20,0.004295860980153298,0.007352892188673036,-0.0005878166015624074,0.000285546899982532,0.004741401143863338,-0.0308045128818175,,0.0016754497464738104,-0.005061570463275493,0.0016089345330197547,0.00395655818932927,0.0017672095679588785,0.005938290390749973,-0.0026696853498114886,-0.011111202105587234,-0.015326073730222758,0.0013024470327091787,-0.0051216028169220225,-0.004402235033614775,0.003889418787452074,0.00025732309355750045,0.007201330579845742,-0.006638951906803527,-0.0008009907576173251,-0.006430855388751175,-0.0033484083453051003,-0.00546946535719687,-0.002344727212693818,0.01375884382415413,0.0012631029176543602,0.00241269304639358,-0.008474427049431011,0.00144207004338355,0.0013378348393130277,-0.0051617292405721485,0.0010691008708845976,-0.004830938386066423,0.008075387740178774,0.0,-0.005609764057182603
2019-12-23,-0.0009191226935594602,-0.0009161163574646466,0.003521186952700177,0.005988778890347633,0.004719319875409541,0.0032311152745295056,,-0.008148483601036998,-0.0010154139935925795,-0.003937915794224057,0.003179452525536279,0.0052832348885500134,-0.007130376990110672,-0.0001784251111169241,0.0,-0.012953505830897055,-0.0013024470327091145,0.01402184143963191,0.0006985755519179926,-0.009830717905022865,-0.0028325049368318482,-0.005888232685872869,-0.002500942653660726,-0.0002918277861520528,-0.003231129137688837,0.0005918249878804454,-0.00549963972025982,0.00351488503738549,0.006192175429041551,-0.0068375608434506656,-0.002412693046393653,0.0,0.0,-0.008053785760708195,0.0027727253165326224,-0.0039263851265343265,0.003223249238180973,0.0,-0.0209237342463378,0.008960311433128672
2019-12-24,-0.002454864603224927,0.0,0.003508831687621485,0.0014211092202119904,0.0028208211422206648,0.008565190132934802,,-0.002340143284109649,-0.010895665297366663,0.00017950797633891597,-0.002161040206561606,-0.007050444456508914,0.011235232247282793,0.00515604157916809,0.001395591665458701,-0.006540259819567117,-0.0005213659022002598,0.0025285643205040865,0.003573062603549209,0.0001567962870760309,-0.0023236025243596418,-0.0019703431519283686,-0.0016709683742434638,0.0027658788503626503,-0.0064934945071328885,-0.0005918249878805171,-0.003683206970366752,-0.0011701578246917197,0.007379828744586819,-0.0013986220772334997,-0.004842505307343611,0.0,0.0,-0.002699074137319357,0.0023890039240395456,-0.0007152616525860908,-0.0008047669238792322,-0.023051820746334557,0.0,0.00018579418706605183
2019-12-26,,0.009123962303803251,0.0005834690757197591,0.00848154816346052,0.005618028384592802,0.0042555556721818886,,0.0006504514707884448,0.007503608325913917,0.0012544048156910405,0.015654971297542036,0.008220656313371566,-0.009604605716887975,-0.0028414507656833793,0.008333416975133456,0.005235625379877354,0.0018238129349093509,0.015037830999345731,0.00563851493443847,-0.0075542868416443925,0.0059271863664805535,0.005899811771269997,0.004171911027904103,0.010556315792556071,0.0,0.008251828521213932,0.0055197829320169645,0.005837730943383597,0.0036696910547199114,0.0007631832228707453,0.0,-0.017167857995448434,0.004313343888788914,0.0013504815275198784,0.0026330779986154114,0.000894243976091168,0.004819201620446941,0.001370937902241563,0.0006215924364309731,0.0061130030070163256
2019-12-27,,0.006337911940927881,0.002913017020401074,-0.0047976299859049,-0.0009342218208536225,0.003179557006419488,,0.004025021904118235,0.004069053279587647,0.004645230127303918,-0.002006297723313031,0.012205865709208254,-0.0018118617476590266,0.004967273964161653,-0.0013840019245931192,0.0,-0.0003908204392875248,-0.006238288711331746,-0.0023816258923936543,-0.003006063115445903,0.0020533552731167,0.00456462517912763,0.0016636745727042594,0.0007189073863065238,0.0064934945071328225,-0.0003915000709687625,-0.0036764362504837092,0.0023254957429883383,-0.004895853169891138,0.005198533952134951,0.0024241838830141244,0.006472621673207108,-0.0014356863202579385,0.0,0.003376070988293986,0.0024998879070223675,0.001601253276077961,0.0027358305797402487,0.0,-0.00425687378921303
2019-12-30,-0.002464695976875866,-0.009977443485983568,-0.0005820017192994441,-0.005673236252391075,-0.0009350954074514064,-0.003179557006419413,,-0.000907441964160468,0.0010148184068556575,0.0016032034610010237,-0.002010331047271933,-0.00521285317778001,0.0014494560354329103,-0.0014167413537362822,-0.004163745950933586,0.007802397053019558,-0.004436243637811061,0.0012507003714438084,-0.0037353747791196764,-0.002697519178734222,-0.0005129788615643864,-0.011122016079797037,-0.002496665552656644,-0.0036720274537788223,0.0,-0.0025477578085102695,0.0,-0.002325495742988303,0.0012261621151712922,-0.0010118962697406191,0.0,0.010695236322241185,0.0,0.0,-0.0030005329039826845,-0.0016061738720728742,0.006379495493640152,-0.010298760715480746,0.03780928358122804,-0.005952352192233726
2019-12-31,0.0006167213794253868,0.0018215959290418839,0.0029063975879913893,0.001989318074835415,-0.005628349751721914,0.010559734111274036,,0.005045145727926763,0.003711729655250102,0.005324859136250635,0.004767697664806205,0.004634928697161331,0.004094867004076632,-0.004084252313005454,0.005547747875526551,0.007741990663804584,0.008982610217438704,0.006230608213981302,0.0005655007011532904,0.0068087814360339345,0.0028178521754352805,0.011122016079796971,0.004158033451354966,0.005538823888178618,0.0,0.003134675501857429,0.0,-0.001164999238460702,-0.004913997512927997,0.002654948841683619,0.0024183214243293375,0.006362685338734496,0.004300976020159632,0.0,-0.0032811872440990392,0.002675823131104419,0.0,0.0,-0.024228885580874843,0.003724600074403418
2020-01-02,0.020443180131970374,0.01892779059801813,0.0011599073971367611,0.011854265041404754,0.018639770555927134,0.02489747898006824,,0.001804293861402816,0.01404715261566248,0.004063152872538611,0.01663434121785253,0.01776059528777262,0.0013212838472713804,0.0042614653349132255,0.017820988432704046,0.06830712597905667,0.009544935943889808,0.024540974203093844,0.01891286781669992,0.005193899543823531,0.007137519254962853,0.016774659901436,0.031048305913474794,0.01205054693402292,0.0,0.017836982071996948,0.0036764362504837,0.002328276613243307,0.030323747183511315,0.006293649770835106,0.04255984363166425,0.01051540500167768,0.01842711417120927,0.008064543531194792,0.020768696079165795,0.007277948999088724,0.026668526076986145,0.033924665475131226,0.023630446497125684,-0.0009296619026731121
2020-01-03,-0.013990510084711368,-0.011674962763917668,-0.005231018137790067,-0.020981731367420958,-0.011142103575900288,-0.025948523611652678,,-0.002449650188243154,-0.021145287216006732,-0.0012351204093814904,-0.019015227828304795,-0.023557487813970785,-0.003366590599511481,-0.009434898825008631,-0.01368012624459435,-0.02553335673758969,-0.012010448746210019,-0.027028468126997485,-0.01176223610128115,-0.02688890021633106,-0.015615221410007754,-0.021993190384002513,-0.018677170813545814,-0.013284198295656113,-0.0032414343768411443,-0.016273367212157448,-0.0055197829320170555,-0.00700100831816614,-0.01686785924020692,-0.0035199334183113975,-0.03055464693242115,0.0,-0.01272096202870884,-0.009415025058714622,-0.014844554162781966,-0.0008848584186650912,-0.016387542376731772,0.0,0.011904716338177376,-0.006158719612983966
2020-01-06,-0.012016813015758458,-0.00816338556473535,-0.0017497712241595846,-0.0014338285627692167,-0.016949667788402758,-0.0021053465566092167,,0.0009028772821126736,0.003386404945094182,-0.0017526541799567342,-0.0031417131971310268,-0.004662026757336562,-0.0007227968619561199,-0.003583614185189175,-0.006910784153606333,-0.007416477115828613,0.0003899349350531786,-0.004993814661521464,0.010181818317798557,-0.017898266395756614,-0.00335978609516802,-0.005245906467831014,-0.0008199001376646599,-0.0007957598558325874,0.006472563514529871,-0.0035217155926124373,0.0,-0.002344727212693818,-0.0024331323999186123,0.002138271120564799,0.004761795948848449,-0.0297262155923068,-0.00427653724740728,-0.004062353953440676,0.015216111521178681,0.00194535448427127,-0.0023631415861520614,0.0,-0.04353768864353438,-0.0060082319075303505
2020-01-07,0.012016813015758455,-0.008230434512503451,-0.0017526840262478377,-0.006621485102808487,-0.004759603957066877,0.002105346556609311,,-0.004913773686018284,-0.009852367827414303,-0.011885276068516904,-0.008722400177618344,-0.011751096225653132,-0.005317400611459144,0.001972593908033613,-0.006959086675095574,0.02329955749936185,0.0038884549742413984,0.0024999315229354497,0.006561189935021449,-0.003618378042174189,-0.007535334629231997,-0.006596221906883348,0.0016393538697940706,-0.017146567696065044,0.0032204717880154406,-0.0019617583942586666,-0.009267761587347573,-0.0035274314304089556,-0.00610875803045774,-0.0027679055499378355,-0.01918531407242081,0.0,0.007117577256542411,-0.005442088574690296,0.01376788693178849,-0.004604280911565922,0.020297447329960014,0.0,0.0,-0.008320643800545372
2020-01-08,0.013688392975759387,-0.003679780790137452,0.002919589569987084,0.010059251614449222,-0.01055180044869106,0.002100736348306552,,0.005816354002723054,0.0010237299787415283,0.0063202285787069675,0.007589038054314688,0.002361417967226582,0.003507656933453334,0.0051820077674630234,0.005571033324937388,0.038054483485993974,-0.006359243686601976,0.008701100624389784,0.009593265656460456,0.010653218010994796,-0.0023500135585627024,-0.0006620314806239038,0.010590678233525507,0.00777073930301635,-0.0064516009257043925,0.012684081305150575,-0.0018639617222573584,0.004700186874805578,-0.0073798287445867505,0.006029473434219957,-0.0024241838830141777,0.0,0.007067106053921446,0.010854924055650745,-0.0051408559968065,0.0058402984834312905,0.013051825002874148,0.0,0.0,0.003033643181897993
2020-01-09,0.014099417584705507,-0.007400505962651178,-0.0070216363063148905,0.0017139513694856084,0.00959721470221353,-0.002100736348306583,,-0.0005154200379694745,-0.008563247362512221,-0.003967989354259525,0.009031674516045227,0.009973499370743556,-0.003507656933453249,-0.0019624733828904227,-0.0013897725598716634,0.004656659968097655,-0.00013023397069056905,0.015961018338534517,0.020152326245711616,0.01905427467114245,0.0065145208397169975,0.007915498645462782,-0.007320123247398104,0.003644551332790564,0.0032311291376888964,0.009456934428335713,-0.00373828250629835,-0.008239881769121847,0.0061536666294155235,-0.00012536271887456698,0.007255198353737333,-0.007571822237350618,0.0014073969742071817,-0.0027027893220134777,0.017395956186261028,-0.001998421116685,0.002285720672720125,0.0,0.0,-0.0017052704137512835
2020-01-10,-0.00987867240132185,0.011080286752788653,0.008769215139397213,-0.008313023124174425,0.008559234150215202,-0.010571023877787328,,0.0009023604202521425,-0.004481836614106496,-0.003258673387919357,-0.010418857634928235,0.009875098171217683,0.0,0.010833958740561513,-0.012596386649681901,-0.010507935242625391,0.007006797787175653,-0.01102278215181235,-0.002021823145620368,-0.00996627477885801,-0.009394775128016205,0.004588661209875351,-0.018953774185650515,-0.010018034129310112,-0.012987294185277951,0.0028769731396348108,-0.01699773792124307,0.005892771854398705,-0.007389220134921611,0.00012536271887469278,-0.014563280327066034,0.0,-0.014164506270998719,-0.009517297053264246,-0.014944567672310432,-0.0019664045607894255,-0.012251177921990306,0.0,0.0,-0.0043713326617725685
2020-01-13,-0.01729684870776215,0.0045808006580393985,0.004066304985128254,0.009169376339764891,0.012235306113426714,0.0010623343980976357,,0.00795575213372716,0.0013810168294894844,0.003439091109568085,0.017511541576527095,0.01832834898575078,0.0037490837467352932,0.008268147006626854,0.0014073770026935644,-0.004706030727782878,0.010162868248465778,-0.0061767304860952665,0.012722709563753588,0.015230734392432738,0.009914147915156124,0.00521853048256646,-0.002498973809548171,0.008270188077305353,-0.006557450848999487,0.010858409944115232,0.011363834615368272,0.008191813387943132,0.004932376245509946,0.004747527638341748,0.0024418043490268613,0.0032520894937966326,0.007107374598818518,0.009517297053264198,0.004762832463865304,0.0026807369816224465,0.0084389480527005,0.0,0.026229169692793933,-0.007456310298487957
2020-01-14,0.012471770718661512,-0.013805908946150762,0.00750780526703836,0.00738838590890206,-0.005628349751721914,-0.006390048773413484,,0.004717618683293126,-0.0020723811257007327,-0.0030766302646589813,0.015502415245367414,-0.01256451679702623,-0.00556823695416146,0.008026633027232189,0.0,0.011723553647838315,0.000255801295700238,-0.0024812292625270792,0.0018334946737601707,-0.0006366838120552509,-0.0036409296699871415,-0.017060658857280888,-0.0025053493222938774,0.01159455591686992,-0.009917340630729831,0.0015147402206094993,-0.0075615883331963275,0.005810668327828155,-0.009888998169045444,0.002862809190314442,-0.0297050570657267,0.010764429517889128,-0.007107374598818543,-0.017747779206320237,-0.0067233933591791355,-0.004651194124591,0.003812229869289738,0.0,0.0,-0.055432892124939626
2020-01-15,-0.00911042122828597,0.010143047117762757,0.0022991663856900524,-0.018574788144418528,-0.002826282820969965,-0.013985991641771098,,0.0033019824126053767,-0.019906351707241466,0.003618741496553696,-0.008213391471181398,-0.0057638321887245395,0.005930422014710516,0.004162264203867348,-0.009894025947728266,-0.020012482345798294,-0.0062894967432485255,-0.002487493923903583,-0.0018334946737601889,-0.005587899149584214,-0.0007820035216186955,0.0013227495532238344,-0.01516465639850674,-0.015099107935200657,-0.0033277287720142644,0.00151218375390214,-0.0018991690705119123,0.0034703067349933516,-0.009987665331765885,0.0031022258682070086,-0.01010106221936774,-0.012931197222815534,-0.01581618716816683,-0.006910955897746773,-0.0039328063504502015,0.0076804764703653,-0.004576677835873346,-0.03668902655703136,0.0149390843413521,-0.02007858684805692
2020-01-16,0.0,-0.011070206139271021,0.008573803562341867,0.0014409455877606523,0.0,0.0032450305911034,,0.005185278022668414,-0.0042417493535988554,0.004684470814524432,-0.002958919469858643,-0.005796892526198217,0.005415621906644018,0.012042115329527639,0.002836821747141601,0.01533950221324014,0.006673328606799216,0.009913155965187553,0.018225391615835525,-0.01321532043264244,0.007015687572854629,-0.0033102594716071603,0.005924607089651624,0.003868946888890586,0.0,0.06401878323001334,0.003795128481790489,0.009195341760013687,0.019876663500811475,0.008881303546204483,0.022585595275519992,0.0,-0.0029028041738460826,0.0013859062483389027,-0.0008623490017362164,0.008857371022435803,0.009132414869071912,0.0,0.014134419523296813,0.019064024273523297
2020-01-17,0.0027418960391012394,-0.002786859925060867,-0.0011391458840429626,-0.000287971571120067,0.0009429576065746775,-0.015234453523023125,,0.0017641991036091264,-0.0017726956840608788,-0.0028799989822842096,0.001480376022945847,0.008683005216355462,-0.0008407147821545975,-0.004971394065341833,0.00424036013084642,-0.014151145376527978,0.0007674383492843563,0.011036208226589283,-0.0010419748332380582,0.0016210903956042119,0.0038766059003013118,0.003971077475278342,-0.003381024116578254,0.006897998674261777,0.0033277287720142375,0.01878084986187988,0.009424992339751994,0.0022856303756554237,0.0024568438894116374,0.0011046818744210145,0.012330589429965804,-0.019715954852258178,-0.008759139146185905,0.0,0.017349289875683988,0.0007052155884953151,-0.004555737033198466,0.0,0.0,-0.0014224851009312714
2020-01-20,-0.018422365450430522,,,,,,,,,,,,,,,,,,,,,,,,,,,,,,,,,,,,,,,
2020-01-21,-0.026375150049286967,,,,,,,,,,,,,,,,,,,,,,,,,,,,,,,,,,,,,,,
2020-01-22,-0.0009549247118180693,0.005769127486574917,0.0034304391170581895,0.0029147514075803065,0.004842731221743361,0.01318699940285931,,-0.0038938928184733554,-0.0007196282801171413,0.005208935083674314,0.002500005591476658,0.0024153292944433876,0.0007253212730678139,0.008861137194799543,-0.011477863893887887,0.015597032021260905,0.002175776053177539,0.010902693745948818,0.005479871201675408,-0.003220512694682438,0.0036844069614232187,0.005524764952191155,-0.0017316118553650243,-0.0011700017380912107,0.01320152630025257,-0.001073338074320924,0.0018919819405573688,-0.0011436841659199042,-0.004925898669275157,-0.004910100801296608,-0.0025219354321481405,-0.015334501526596003,-0.007412957857972688,0.0,-0.009514636592991786,-0.0019476903542110155,0.025257880190195873,-0.035932110854772374,0.027431671663961658,-0.007794859080421178
2020-01-23,0.005399436839676299,-0.018384678614158,0.004555914404141615,-0.007009506582598685,-0.00581393144344405,-0.015401729123276515,,-0.0012590726411799375,0.004668643719671359,0.0019687365628147263,-0.003752386237092692,-0.007263837623541842,0.0031381633059385503,0.0039704850647343136,-0.0028901146787115826,0.018868719057920025,-0.00989405458695093,-0.02069460317538279,-0.005968115341540744,-0.00272021830050659,-0.009236305107858398,-0.004832484861800021,-0.00695676891357471,-0.0010248590454242212,-0.0032841856695227643,-0.005924969315287188,-0.005687110422347795,0.0022856303756554237,0.0,0.005644369101106554,0.0,-0.01221549325804689,0.005934738162977624,-0.002789419839088824,-0.000993855365841616,0.00141692615563586,-0.0015601282179531911,-0.008645470781225928,0.0,-0.007026531121613306
2020-01-24,0.0003166646229814787,-0.008827769340458718,-0.003415044815674463,-0.017144721552499596,-0.014684568938707754,-0.0022198436867106,,-0.0029025125687081204,-0.016254573132890648,-0.002506286244236718,-0.017444397137215815,-0.010995890020266819,-0.0014470503748258466,-0.005182287546228984,-0.007262207836299071,0.0011673519352775354,-0.01051498882835693,-0.006169108909100553,-0.01501550059790464,0.008307259851174536,-0.00531646611433787,-0.013937487508819771,-0.01671793220593882,-0.02514115689321924,-0.023295393877304244,-0.017805883642941795,-0.013397335800366898,-0.005724045727641299,-0.018692447514302678,-0.005575728189928674,-0.020408875336850738,0.01221549325804691,-0.01490345724189745,-0.011236074453886557,-0.026701975049338137,-0.0007083881553981272,-0.012568867372615092,0.00792804662052528,0.0,-0.013571613391324365
2020-01-27,-0.014352081114024664,-0.03509140073218003,-0.016671794991554963,-0.020787089018868592,-0.03512661047872453,-0.01793746948000948,,-0.009906081406467785,-0.017263939981591085,-0.004671385402252281,-0.022046650944664986,-0.038189333871335676,-0.005688579994801961,-0.015357968096085256,-0.020619298675159044,-0.0035067324870302805,-0.0276525290091149,-0.02887833157032514,-0.015748572639096715,-0.01995120975782412,-0.027287875949874037,-0.04082193330354941,-0.027892261150807337,-0.008447229360152327,0.003361285726538793,-0.02675246916060587,-0.005797106140227968,-0.013872902232388717,-0.012658300499858591,-0.0073582228186593315,-0.01820595852669312,-0.06970229678262721,-0.012084745242922882,-0.004246282443086185,-0.0375879644117931,-0.006752929038367312,-0.0151337686003208,0.0,0.0,-0.009929260518723738
2020-01-28,0.019405673133860137,0.004073397251544499,0.0023163204179784107,0.011802453375257989,0.007124599755591322,0.009008753476883236,,0.005600348826635546,0.010687482097990145,0.0008999479916417374,0.006885042942680735,0.0031857522062708828,0.008701180354745203,0.00788298975018396,0.014771341388850985,0.015107879420265665,0.020974875581066147,0.017677299422999813,0.018472888127986677,-0.0010340568783614335,0.0060079031253675134,0.007283233762771299,0.01269283527725049,0.018014217217274874,0.010016767520035637,0.016989106581529304,0.00964322413945468,0.005803776630861773,0.025158572585119804,0.005617328698159649,0.018205958526693135,0.0,-0.0015207536919426559,0.005657759632641272,0.01382066224263267,0.005512591792670104,-0.0008028285771785725,0.0,0.0,0.005716124081409084
2020-01-29,0.011278468776494134,0.001015684168142376,0.004040410152204562,-0.0069437194977113705,-0.002030470885973079,-0.003368728934078768,,-0.005344660562012658,-0.0018346828854379808,-0.005593065839024074,-0.009888042065681543,0.0012713871873129207,-0.004462056395376223,-0.0008728345390512329,-0.004408492922618422,0.011468039501206095,-0.0035530794537996326,0.007481308585425083,-0.010192965648090772,0.0018948371037733353,-0.0008171473794945487,0.0007254251966453952,-0.0018034370635543878,-0.0014886549307070972,-0.013378053246574444,-0.006313900940340374,-0.0038461179992266754,0.0034663696788972734,-0.01250027208526115,-0.0028671193115169494,0.04288167367731916,0.0,-0.0015231614244619284,0.0028169210759733496,-0.003535599463627007,-0.00622637579641545,0.005606692187307954,0.0,0.0,-0.002113053027479122
2020-01-30,-0.011908795751474587,-0.004069175498021901,0.002301356561558832,0.014137460609603287,-0.007139052780850318,0.01451728862391573,,-0.00012783596025028562,0.0032996735117898058,-0.0028989769755109144,0.01234485066625403,-0.01407564844886196,-0.00024165689567997353,0.0074814812573147475,0.0029410057209448403,0.05867753420033497,-0.0033013928968744608,0.012345676160504202,0.016562156530093956,-0.008988752622009877,0.009221615209763358,-0.013873879367938621,0.007194192437357342,0.0122908902466942,0.006711397995044108,0.009146137162652323,0.00767750003295572,-0.0011541704853983213,0.0025126067534951197,-0.0001251095158852317,0.00738006543256575,-0.009512905226027643,0.007592984865182182,0.009797096027447116,0.01794120824699147,-0.0021436142186943554,0.003985729418563573,0.0,0.01053250510796256,0.013448296968442188
2020-01-31,-0.008866274583777282,-0.019557959267778834,-0.02325682470892055,-0.019605429131526755,-0.01443333302870334,-0.024692780558873906,,-0.017402134624399292,-0.02896589410309327,-0.008931238209489614,-0.03317542568784183,-0.02677288131902611,-0.015226522845799614,-0.01678055251391005,-0.02077216109960845,-0.016260555831357205,-0.03362791683809815,0.023045416464303973,-0.026481047281845197,-0.005397462213879048,-0.020456209346243745,-0.027582887671529714,-0.026329027484253732,-0.02632029199684081,0.003338926479515979,-0.02941396781873931,-0.017358165258648677,-0.023365560305163326,-0.01008821857901677,-0.014334254198901764,-0.04000534600555166,0.0,-0.02295441367860448,-0.022536095584728064,-0.025843545893962802,-0.011872681456259613,-0.01603884086937637,-0.051557942680866956,-0.0011647880772216073,-0.02045405569003832
2020-02-03,0.012642381592761903,0.0031136259826380613,0.011114434311350023,0.0042556488970932616,0.012384058950683043,-0.004555860313850027,,-0.008432343481527231,0.003009756703929576,-0.004955458060915819,0.009629466995629877,0.019660007237251486,-0.005168746881285583,-0.001234718480603568,0.011922731715287313,-0.020983636778174376,-0.0046622284078630645,-0.012062986362517366,0.005285614373006169,0.004876419253137799,-0.0063579562476662925,0.02020268018941237,0.0,0.007601785116942747,-0.013423034384305373,0.006484971102904922,0.005819597807209915,0.0011812166370490926,0.0012665423030295121,-0.002282249561769405,-0.0025541440315590717,-0.015653477941071383,0.0015469073533592485,0.012738999557280853,0.0060636405513658,-0.004897879339785473,-0.003238908811949579,0.0,0.0,0.0038270674365172516
2020-02-04,0.0025091730045639486,0.010309236037613297,0.013291274918557392,0.01952304647042685,0.010204235912821108,0.012478943828641006,,0.00908784954233618,0.022289083366318026,0.010797109997958325,0.018071138442476,0.01928083507592464,0.006027571503800825,0.010009922812039362,0.016164873872302973,0.0033426286779067046,0.014056854695319015,0.028710111003921852,0.012184254653723489,0.023861832309472,0.013223343041801743,0.016893620985393983,0.022738462642799176,0.014293233456286775,0.01008410790478948,0.026638106188290968,-0.0019360387217450445,0.01871403693312088,0.008821676275987234,0.016991186937811834,0.025253888927800807,0.0,0.009230791577296235,0.01396665593426557,0.02145303990611309,0.01891417501473939,0.010488156652633161,0.040005387426596574,0.0,0.0029669592947164287
2020-02-05,0.028414633979424085,0.01121900409354988,0.0057239537503590765,0.0319063253406008,0.005063255597691178,0.012325203326378029,,0.005491788060016676,0.006226004264757147,0.0038150947444128185,0.030256223303569384,0.015161325432338824,0.00818308568320773,-0.008951511369422963,0.04000535620884866,0.01325983056771745,0.0023013300169463027,0.012888407784519013,0.009707220826279919,0.000508551327110178,0.011969479856355953,0.005809739438992029,0.01870858590422394,0.01685774126378889,0.003338926479515979,0.017797154631842012,0.013474606173183792,0.0011581075414942282,0.03452878656901961,0.004234263007720624,0.03190431862056399,0.0,0.027191882735817557,0.0013859062483389027,0.029156906301596827,0.009943484151668899,0.023791913305936736,0.0,0.0,0.02197442961320756
2020-02-06,0.01720798830793825,0.004048582400436294,0.005123956401479376,-0.001152974016640456,0.008048306834268482,0.011074414499165677,,0.004683204285280636,0.01053222392311335,0.009204959152509419,0.001520880196517568,0.007495230577128388,0.006909840034126539,0.0012333292773180266,0.015288529339150456,0.12954425673673634,-0.004200063626371437,0.005803901065459071,-0.010203201570769316,0.010121708045655133,0.0032397651662491784,0.007215028393915436,0.013152510993423103,0.00014537390110488485,0.0,0.0003634833115071066,0.009514964249201606,0.008069125601527073,0.05655206554797749,0.005576063133063941,0.0096155643128419,0.010863098418451646,0.0074239647481738075,0.0013841962281612118,0.00286924022143027,0.005813322173495532,0.008583639200818855,0.0,0.0,0.0037586411709871433
2020-02-07,0.002988599625247298,-0.010152395168123635,-0.0102741516684302,-0.0017318282999643818,-0.0070387877690996905,-0.0011020043096415136,,-0.00012985597868334713,0.022151713669124155,0.004481669397156024,-0.0035520010077275863,0.0,-0.0006041447798054168,-0.0007045853072256879,0.006872994918873493,0.0038498689589046894,-0.028089620169083295,-0.001158174910244637,-0.01592294900665668,-0.013858781551040712,0.0053764170936994645,-0.0021591555763445023,0.006078901224089457,-0.003202390380599014,-0.003338926479515926,0.0003634358226814492,-0.005698205693450459,-0.011547406489400395,0.004571420607814817,-0.0033421670081109096,-0.0023952198720620993,-0.009650286912465594,-0.010408908386602179,-0.005547899741016407,-0.014177808280926643,0.000878034846498694,0.006196842130185574,0.0,0.0,-0.00292246572207025
2020-02-10,-0.004486255522846774,-0.0030658169784518016,0.004008097977620543,0.002308803464651823,0.0050327560257295255,0.0033021804935285228,,-0.004162571641106895,0.0010595233689438574,-0.0010740360990126104,-0.002672366021663724,0.003726700286550125,-0.0006045717703630025,-0.00035243693210531505,-0.002743428226284825,-0.01062290415675879,0.010833533283555602,0.013809239210065322,-0.002692673030566979,0.0015305038718667653,0.003746520465114238,0.0007203084196349517,-0.0034691743521513647,0.004146838887280974,0.009983433044104779,0.0057979219585811165,-0.001906607489213639,0.0011607230365869006,0.009080806139538492,0.00012425638662590195,-0.004807651394386149,0.0,-0.010518666454390535,0.0013898283308404792,-0.0001259457324705283,-0.0035165119875161534,0.008458324155629875,0.0,-0.040433699143481515,-0.0014641623086651615
2020-02-11,0.01221520790836666,0.017250392476439277,0.009101284286397667,0.0023036136664900423,0.017911041866566356,0.013100424207317107,,0.002343848715484415,0.016106879419274328,0.0014316655467637002,0.007742635194070352,0.02449618691008922,0.006750182489372191,0.01608712816283597,0.006844561518572146,0.0192314026790406,0.00907601815626036,0.021481837825740493,-0.0037990215345837203,0.011656569382984316,0.021403864362073057,0.024183221894204944,0.012948090181366789,0.0018860937930873648,-0.009983433044104826,0.007738944376395927,0.0038096847008736432,0.006936477166188422,-0.0056658331484768345,0.005933457186967564,0.004807651394385987,0.006042414774004772,0.0045216449578165665,0.004158071410176057,0.008180779348941349,0.0024628300048362235,0.008387290134332655,0.0,0.032241808089356845,0.004595022622100574
2020-02-12,-0.06010652678396906,0.014977925443403131,0.012380451261665046,0.004304552737631853,0.011764688295714757,-0.0010851332154966106,,0.0012993238624538542,0.011740312481674545,0.006593461524308028,0.0030298796067209513,0.015010708178891169,0.0021598657849559687,0.032258054831464544,-0.0027321847485434502,0.03278968742399237,0.016158738076214086,0.004464169057538223,0.009219202298997165,0.004524509875815135,0.009108549372291117,0.007700412589983769,0.010238820271154707,0.0,-0.013468231492550877,0.007145509376521804,-0.01147257635643079,0.014866005425905084,0.0022700941345188577,0.004794762407097007,0.01900308607342081,0.011976260323259547,0.03545415501585146,-0.006939662383318683,0.008114746283606422,-0.001406463725785859,0.017313201930421376,0.0,-0.011820446653708518,-0.004176351954506292
2020-02-13,-0.03227616431728816,-0.0009916652593463002,-0.001118941521415779,-0.00028644989509340514,-0.0029281265571966,-0.006536163455611096,,-0.0035123217837522386,-0.00412793536614335,-0.0005329655011694584,-0.0041683494282431935,-0.016221388693650526,0.00012006675138006113,0.0011751090266491938,0.008174363722945515,0.015546758202384287,-0.016569453053946543,-0.005583373907351697,-0.00125804579684109,-0.0013385594245124248,-0.010154974545015794,-0.01971881542966548,-0.010238820271154685,-0.0008702905644527131,-0.006802710328825037,-0.004459821176709434,-0.0038536286159622443,0.015765930809008122,-0.0022700941345188894,0.000980784141526706,-0.00471720919956587,-0.014388976339062108,-0.008746371128759974,-0.016854368550051565,-0.019840222618319834,-0.005645544316674338,-0.014280471840147375,0.0,0.0,0.0068814445384970556
2020-02-14,-0.013734869838600105,0.007905243581303036,0.0022367797821963254,-0.0017203605349165477,0.006819207421890516,-0.007679303720096343,,0.001432540755594538,0.0037847067157226262,0.00230765648283354,-0.002661926198220084,0.007843029031711577,-0.004083739456832231,0.02419717819446374,-0.01917868208269857,0.001813241108998763,-0.000548243255053762,-0.004489136218732014,-0.005342556880723939,-0.01671336857336138,-0.007091235082041563,0.005673765661268336,-0.008613365634865321,-0.0030508404868829202,-0.013745935334004705,-0.0016105638858781933,-0.005808131258222756,0.02863643161186414,-0.0022753523871733607,0.0012246876833498085,-0.011890657001792973,0.0,0.0,-0.011396136155392115,-0.01276313137234044,0.005293575352768085,-0.006836441034343658,0.08088042982485921,0.0,0.002076035795046233
2020-02-17,-0.000988270886512423,,,,,,,,,,,,,,,,,,,,,,,,,,,,,,,,,,,,,,,
2020-02-18,-0.0026402058457927666,,,,,,,,,,,,,,,,,,,,,,,,,,,,,,,,,,,,,,,
2020-02-19,-0.0013227695327870741,0.016675296697586862,0.0027939632139517426,0.013044916945191746,0.007820379138664024,0.0,,-0.0005230800153854091,-0.0006880347741508524,0.0015970047636631349,0.006040517452811823,0.013205490690354342,0.0016990752046797332,-0.0018220531146981435,-0.0027932393975309204,-0.0037418272450038125,0.006615416397069486,0.016055287304441584,0.017512028049809444,-0.005290748786951471,0.011381092739843883,0.010596940607439091,-0.03804809523734594,0.013547113321638883,-0.01403524193943086,0.014128664699677312,-0.00787417702946357,-0.0010971902370438833,0.008050595432511937,0.0014730454352309193,0.0024009707276170496,0.007299227900497406,0.0,-0.010226560144189075,0.024160077774471562,0.005265961908755557,0.0007607775444217425,0.0,0.004744744696099955,0.0021262850486207185
2020-02-20,-0.007306578445956848,-0.013712127871366013,-0.0011168845050182747,0.0037373855510389785,-0.008802145072908078,0.0260882945430756,,-0.0013095817835494412,-0.007946098384040999,-0.0024853747913024505,0.002175297830208155,-0.008383284868837455,-0.0008493627346912029,-0.011840152551835991,-0.012667305350437336,0.0,-0.024191502587036035,0.004540430770535996,-0.019572361089695265,-0.008074907673511314,-0.001657545471571293,-0.012018402839681669,0.006442701425506073,0.0,-0.007092281921991669,-0.046528096725921425,0.007874177029463678,-0.005503594880214217,0.0,-0.0014730454352310067,-0.007220344440779803,-0.01711535499879412,-0.014727945529949845,-0.0118169032030926,-0.011108255412745047,0.0024479273955000246,0.009084200475560852,-0.014051748449049306,0.0,0.005294558821285399
2020-02-21,-0.011060952345447902,0.00491870944407008,0.003903210029191368,-0.014159826031936053,0.0009817659342439475,-0.005379300353332414,,0.001963567706002366,0.0013865630453813395,-0.0017792999834282176,-0.023019052036973554,-0.0024081503133627177,0.002182372308765935,0.004948099704114203,0.001415452167687915,-0.041134429164188455,0.0067324022348146904,0.0,-0.009107762835744763,-0.007792959785520177,0.007985837950967955,0.007087085757187456,-0.015719322551270665,-0.012294397866340574,-0.007142848716080338,-0.025055842595387595,-0.01382056305035341,-0.0033167687946339644,-0.0022935239964165166,0.01487622766434629,-0.024450981484667032,0.006146468794901366,-0.0014847150908994192,-0.005961307158862764,-0.009805196497539566,0.0008729768181487946,-0.025182523695576962,0.0,0.0,0.007576028753396691
2020-02-24,-0.040934459289507584,-0.021826115140608105,-0.032808500358865005,-0.04860121292773275,-0.027862525289728834,-0.06691449586072329,,-0.021279070682361692,-0.046437629535537636,-0.021053125978426408,-0.052506018179454134,-0.03246841002843067,-0.02080307858656141,-0.025953103754528344,-0.04188331554008244,-0.06038053063345947,-0.01762735112567794,-0.04635816067206025,-0.026717304101733896,-0.01630033789380147,-0.02668316910554657,-0.03375551106602732,-0.04576585280889424,-0.027243530249791495,-0.01808381315907757,-0.05368551633483749,-0.030274705471129364,-0.02693764573263583,-0.027941181709438594,-0.014753351699820078,-0.04299020496044602,-0.014815131920508163,-0.047156929523188555,-0.03189337557373725,-0.04129219118758087,-0.018846905314439735,-0.05479747475760991,-0.0983471424648129,0.0,-0.02784781838296747
2020-02-25,-0.01699750129045663,-0.01312494870536451,-0.0057667911749485455,-0.051727447719840496,-0.011161797338428318,-0.024519711462601557,,-0.02502315289994996,-0.049842970574397794,-0.010603542432543044,-0.043681278351879016,-0.004368135126458168,-0.01733768884054371,-0.014655454521853377,-0.03910281317899783,-0.032686047824466415,-0.00484890287480704,-0.021583685835664248,-0.031349424087382,-0.015493163002704733,-0.019340836875803773,-0.01175607108887897,-0.03676513148845521,-0.04567011574055913,-0.007325905449367741,-0.03377674882183712,0.002046903974503788,-0.014899795572571718,-0.028744586475371304,-0.02009998126042094,-0.036846111669359236,-0.0870114255343901,-0.04785608627044771,-0.010861269610848724,-0.043635069742808244,-0.018303092750885486,-0.03573284079792201,0.005191023355454206,0.0,-0.027758193009040453
2020-02-26,0.001427571498592362,0.015128915753092376,-0.012805941467549445,-0.014584617467392879,0.015190104744776162,-0.004739249610620724,,-0.018803134304079712,-0.013824979578103186,0.00018376039489068028,-0.01816756294269476,0.010575521591796535,0.010637776623699411,-0.006782155003792746,-0.00924509724856814,0.01277963704554287,0.006980722295668749,-0.007299280964946823,-0.008445047731750706,-0.005218241936045285,0.02411808110777707,0.010294193837725521,0.0,0.0030054451615470906,0.0036696613210138234,-0.016584734760619252,0.010173183421763711,0.003458015401222534,-0.009768052545547598,-0.02153595254127081,0.008010601549127477,0.02545340433440396,-0.013157990377812043,0.004669337812408043,-0.010071880610473729,-0.004719492303184359,-0.003389976063691615,0.01322562874340374,0.0,-0.021959202337255842
2020-02-27,-0.051969105879530395,0.0020000357765557726,-0.032145510403751944,-0.05021119093705644,0.0030104803627518753,-0.033612335364250706,,-0.03537065090859941,-0.05035751193634056,-0.0187337472118544,-0.0562618046589307,0.004938202268424793,-0.03418937809318461,-0.02465669501858593,-0.06391938261699698,-0.05101491378798518,-0.0066950116829306,-0.02848489057516544,-0.047889098964922834,-0.007969583824159363,-0.023379227240958308,0.005835273861476571,-0.030835170285928238,-0.04250472171507402,-0.0222231132458726,-0.039508548686138414,-0.018386696359598307,-0.03394115196828475,-0.03242172596923977,-0.02726031453187096,-0.02969190389609163,-0.05017990659705985,-0.05268847115895625,-0.025158560628004527,-0.010894594623830406,-0.05536176754861791,-0.043371790380227065,-0.036421580135981374,0.0,-0.03856846847352279
2020-02-28,-0.06759867394641395,0.0009984433259166766,-0.031338941802277025,-0.021864672190256357,-0.0040160173269725204,-0.01801872708421839,,-0.01868118273634927,-0.01640060367572323,-0.020045798257499536,-0.015479852910807218,0.0018455803311849613,-0.020299647039040185,-0.0406460949856876,-0.025064073086083393,-0.029380585718676477,-0.00573261815633798,-0.030614543613138492,-0.01811499634638801,-0.0025491578486019468,-0.007419405414004018,0.0014534864164705528,-0.009438673551835542,-0.04430577835617641,-0.007518791630872704,-0.008403683270176897,0.004115294972296496,-0.033901510303082485,-0.011472385206745282,-0.020205400127770376,0.0027361460380984004,0.012439747891099367,-0.022948966475937842,0.014229381433776259,-0.018474418715673537,-0.0075284476871439,-0.025136065787702628,-0.04173717610651729,0.0,-0.03889083143584548
2020-03-02,-0.003220775665757294,0.025617087417703983,-0.000624520671049997,0.030069771228781076,0.007017539757959249,-0.024984676386696388,,0.0178131275005507,0.023290105255702853,0.011018303951543034,0.06305062555551785,0.012824560715367398,0.01952661822720834,0.010459410592676037,-0.008496177871560293,-0.01502027885573959,-0.0014387304780600102,0.034376432364731854,0.042420972176946695,-0.0036530064856855273,0.00594004773358276,0.004347610080101022,0.01048233521051834,0.04554078211421558,-0.003780751452411794,0.03169352462540244,-0.004115294972296449,-0.004938253222523755,0.035268214142240545,0.030026762829430786,0.0,-0.020819674101285553,0.008888976827927577,0.0,0.008479567635766596,0.011367206052416548,0.023361473743532597,-0.01350832178335823,0.0,0.033933990463516306
2020-03-03,-0.032789799430308256,0.0029140894276902976,-0.02402146205997893,-0.056737774684249745,-0.0009994288530515269,-0.053327778443468185,,-0.027286350749416415,-0.04628916912468141,-0.015997316938450874,-0.03830398717984734,0.009060830561477703,-0.02031590906319967,-0.019099253219462382,-0.04538304199417507,-0.05380866589066108,-0.005050818420570047,0.0,-0.02925861780117179,-0.017163753960743294,-0.0361812020877629,0.0072048475075620205,-0.04043112006700408,-0.038246909365568536,-0.007604657265481583,-0.04578294389348245,-0.01244827001646841,-0.0187389263458462,-0.013707610356478656,-0.0202721238817948,-0.036165413963855995,-0.054768707686109176,-0.0545590567441751,-0.020619219966315695,-0.04222437988460035,-0.02777685689101807,-0.032494014910613093,-0.06613985627653314,-0.13268630166928752,-0.04179844368232362
2020-03-04,0.011187223154291178,0.007729495202787081,0.007013113138572045,0.022801131426676783,0.00399204673292882,0.011173221135417041,,0.009325750371989355,0.015530048804142807,0.012969682820640222,0.03533996403901506,-0.0036145415035815165,0.018896652098241398,0.0026959668813276534,0.01418467204626921,0.00734392242377532,0.00043380241959618116,0.019826984745929237,0.025767367728637598,-0.013870909772206362,0.02006143176640124,0.005726457234369604,0.005414303293165502,0.024409146851203718,-0.0038241257111811112,0.01874239564831736,-0.01049332813909409,-0.013968522024578428,0.012469098001727607,0.005437651433080185,0.0443285235078987,0.08106771784170622,0.020352208707503604,-0.001603900013895573,0.017313030798009547,0.009409848317256905,0.019982689200455914,-0.008583645005599277,0.0,0.021238157602274682
2020-03-05,-0.04078767114426422,-0.006760164666839765,-0.040186774807338566,-0.052021514017937205,-0.006996574984856561,-0.044009903052710186,,-0.03493331660325065,-0.06229179618581547,-0.030398521589660787,-0.059613774929602764,-0.004233313582085953,-0.024437713916933255,-0.039220788343199045,-0.07302511687641552,-0.05644129356727554,-0.027266449645502466,-0.0400553299771572,-0.04884033003310534,-0.028526989209402574,-0.015160975177660086,-0.0057264572343697535,-0.05665043714848941,-0.05030575197494865,-0.011560810819276228,-0.06036226169653805,-0.023480186608730767,-0.040448897971956624,-0.03402970178748963,-0.017342993043391996,-0.08185085965082006,-0.06782258733522238,-0.08004279930318706,-0.02931800248834788,-0.07112704221604153,-0.022295658456112647,-0.05072552713505996,-0.02620239207990391,0.0,-0.06228648534181796
2020-03-06,-0.03939237169889733,-0.019569916801474383,-0.03911496092103264,-0.04077513528015426,-0.011094565925944485,-0.022011118582375692,,-0.040478812665389025,-0.04163514484558293,-0.02332152018458782,-0.03542903360704333,-0.017115429737428894,-0.023965173772191636,-0.033143204601505424,-0.017192399713249082,-0.02086122432936545,-0.014821481468257073,-0.014148087133503965,-0.030336325139292162,-0.0017493862951658647,-0.014464174328362922,-0.018841217865610254,-0.03370455815044833,-0.05306367219409881,-0.023530370258586997,-0.01776663009094934,-0.024044789311414964,-0.03661434649672246,-0.019418094085129574,-0.022041955178173846,0.0,0.0029197585971955874,-0.03842736485362248,-0.026802361479900432,-0.037056441964358595,-0.02709977020973052,-0.010461440441632136,-0.022372314975966683,-0.058431195116432126,-0.04764710025180391
2020-03-09,-0.16167899561062068,-0.01996078776822582,-0.12980490598634128,-0.15902445530465892,-0.024641824558716417,-0.11297266560348602,,-0.16474563948777274,-0.13010443449807946,-0.1419936857260642,-0.17639914433988102,-0.016786163306857463,-0.1676332532719872,-0.09173974501490778,-0.2045316633383048,-0.1367363634449293,-0.10821381074322593,-0.1298372412881798,-0.10971997518338412,-0.04394790293031059,-0.057742033418716594,-0.033472881022833065,-0.15572797620222434,-0.14555218326750383,-0.1267517864948555,-0.10951214683373736,-0.10979515466474511,-0.13274241763876837,-0.12220474948439476,-0.10552864392020643,-0.13521335335331103,-0.17476987331618654,-0.20021256192111833,-0.09429195650921177,-0.13265290845013603,-0.14988858258728316,-0.12077501225080245,-0.15113875636081706,-0.08831453743914149,-0.13272255677931807
2020-03-10,-0.003574632111332928,0.039530704569700176,0.08335038712968629,0.07381494365094633,0.03171625874506207,0.026231012148869685,,0.03425109022323071,0.08036659904459408,0.013278591566503921,0.07876927098479432,0.04174944812995388,0.02983427604938026,0.08780402403351657,0.06851996831965734,0.05008421415938859,0.05206607038567222,0.03763098980619123,0.06464332612040644,0.030038421033612775,0.03928396080523332,0.052314098888443204,0.040600928761259106,0.07482627271948136,0.03104451378504942,0.05195983084470024,0.021978801620259312,0.08753697332715561,0.01756999696111772,0.02818821855772801,0.049270767900447834,0.06551451848499225,0.07752066926103991,0.040224782533758885,0.0744473115123401,0.04334308374783716,0.07779970607919678,0.024949492746892774,0.0,0.0770066132911216
2020-03-11,0.0014734731184547186,-0.0068061009224633555,-0.10312150439926614,-0.04062787604388347,-0.013178018693936672,-0.051463686363111334,,-0.04783125787715835,-0.03962866721604837,-0.033062857392382225,-0.09012416998495709,-0.013317312163506862,-0.033526193652047155,-0.11351147047265939,-0.05210701822288413,-0.06683999660499752,-0.05678315530536521,-0.09374866248539274,-0.06998143522912027,-0.04643557851023693,-0.02429008469042935,-0.01810984813109285,-0.0829203097278112,-0.04821455516615408,-0.013186876695430646,-0.06890237144998797,-0.007272683018592672,-0.10343576988314628,-0.05826892000028274,-0.051387527614255926,-0.04927076790044781,-0.008163270584396623,-0.04529974045676046,-0.009000882536017513,-0.045807017967124955,-0.04025193501169122,-0.05539878239847896,-0.02811237404821718,-0.012598657336143088,-0.08163551984506745
2020-03-12,-0.23883200682328787,-0.06864448323919875,-0.14316210567064167,-0.10013005800192258,-0.05884063257875614,-0.16041655824609913,,-0.17581005445042466,-0.12641038204134902,-0.1449469688645148,-0.16047090985737228,-0.04105058931832369,-0.1745678758417688,-0.14324388546567787,-0.1804628767281103,-0.16315161711995457,-0.09283106907604809,-0.10000161277337234,-0.1316963574617491,-0.07820155414011228,-0.0794230269540022,-0.061035910461922534,-0.17257109950190716,-0.08602639027869718,-0.07820080509705854,-0.16346051088735372,-0.12143933187742198,-0.13536452017745657,-0.13661287710046535,-0.11127160748284912,-0.16430313687399284,-0.0981008165993333,-0.17842665276562272,-0.1209526531633333,-0.11879851251721191,-0.11858482340552058,-0.1341344083351506,-0.16245675999730771,0.0,-0.1727786443073007
2020-03-13,0.008510903054539734,0.04195000092034355,0.10489934363291605,0.1637857215124815,0.0465199887950753,0.07696103266010744,,0.14652082394550142,0.07933661761561962,0.1512740085544107,0.1653811732673706,0.04287706757934429,0.15573604789024104,0.11327131053356906,0.14254363210447374,0.07655898922117771,0.03244904174044762,0.045500677883563455,0.1619512778123449,0.06321068864288026,0.046201826991151045,0.05369913166771165,0.05172135218265934,0.16562032752941488,0.02364182030910652,0.18040305149264127,0.03243521325823653,0.07764061190198031,0.029541608054003136,0.12386602956871418,0.072689679593274,0.04594428564681772,0.17108271268853925,0.0419642145187035,0.20146403306737276,0.14898210559629207,0.08992223210584334,0.14218935478462613,-0.12833771386650913,0.12721541402969314
2020-03-16,-0.05497999350252621,-0.08246708775810685,-0.19350418838310213,-0.167204576445635,-0.07394885979115738,-0.2465640670487642,,-0.14584198751563346,-0.23607094189111805,-0.1300336707844833,-0.21441437081845435,-0.07186460445259646,-0.09842879821901744,-0.1537913611674916,-0.2513142979275767,-0.0856417228834799,-0.10267351536376931,-0.12626206275954288,-0.13588050294057294,-0.09985154492399795,-0.06066664145687501,-0.0709410300482612,-0.22721678770559123,-0.16210574404135614,-0.06765866001431978,-0.16960225406860324,-0.0745171483497246,-0.19840975063938637,-0.16534328041034818,-0.07756046544214633,-0.20849137480124405,-0.10555232569728294,-0.27224094339784904,-0.07727428614507037,-0.2098112020363541,-0.10096898009517372,-0.17026641042769025,-0.21830604898246722,-0.18665538123735478,-0.15328783779209149
2020-03-17,0.0704841061738936,0.023657021396047747,0.10324354524327042,0.07263926387957323,0.04459661933984371,0.007083923155005716,,-0.018495732003850757,0.07055652200173687,0.008740307816462404,-0.02308542914751361,0.047855863058941434,-0.040972802498473106,0.1253602807459229,0.10877066582310306,0.05502711336095273,0.015580709666526587,0.10797401439803783,0.025597438032401092,0.08014961886254444,0.05395509025456485,0.049354589236983964,0.028170828237444833,0.059318806851134005,0.06297483608130855,0.06542632314834175,0.05572470823452833,0.0795650439350289,0.010050259811548138,0.0415362918555019,0.09531041507901152,0.06141446426823067,0.1011582307093098,0.06348092585294121,0.04527155247854484,0.032830995545223264,0.08994799731261516,0.03425894683395555,0.15088806547632477,0.11164287286907859
2020-03-18,-0.06796894873488926,-0.03790383641977029,-0.15703092629039292,-0.05566068966807701,-0.04905613799682443,-0.09366440858504733,,-0.06203750160912476,-0.11163014735953444,-0.08213236607258384,-0.09971722506527335,-0.038099720965419796,-0.04607148282816941,-0.11673608068600311,-0.1087706658231031,-0.04053407568240168,-0.05842520357937656,-0.044485910611960465,-0.12504108538313938,-0.12567660260848934,-0.037740393484728726,-0.039913030591188024,-0.06984361720285685,-0.11123170230976383,0.0,-0.09427479134490008,-0.07306622394700181,-0.14589941186642372,-0.024292440378611724,-0.10994529084899385,-0.11365936204190363,-0.01821525291711737,-0.13394806644321347,-0.07197349368550514,-0.09908301732449856,-0.06677623385539869,-0.034025065412779866,0.0,-0.2381954748987142,-0.05230648562385466
2020-03-19,0.0016730956544397282,-0.011099003933307273,-0.021483137496514766,0.019528824713960752,0.003346285051545725,0.015384918839479456,,0.026855340194994377,-0.011243867621601575,0.003144296635672147,0.08444598024572009,0.01286180595552809,-0.018517374280204772,0.0027662460131380397,0.03957895616320385,0.05255141382765737,-0.015682352436928608,0.019417977709470517,0.06544396703376339,-0.12600476493516868,0.016644077214696185,0.0070228055389734,0.02313463441322026,0.016667853256434384,0.041385171631344544,0.005513324439909108,-0.0029196793562712587,-0.03833599785256372,0.0040898866968693695,0.012438114148803915,0.009216623667015424,-0.041281736457928674,-0.023609823976103218,0.014815126663453995,0.030705146379858467,-0.01353341599475915,0.04943749814422767,0.0,0.03949406246162875,0.00602752276340658
2020-03-20,0.03477438563805193,0.028605060571420347,0.0021691374260042625,-0.07490640741427165,0.013274789498393376,0.020151815437307912,,0.029635698847459663,0.02028746663426258,-0.006011228281976025,-0.04067460667548066,-0.027860439576435046,0.024810593614289903,-0.0472303689992282,0.03807192008210734,-0.017212070777079796,0.006511397468372721,0.0,-0.0770091084290623,-0.01552995052446014,-0.009328252373515217,-0.0015561856211358772,0.0467089827896366,-0.021327953702634163,-0.00904978655025106,-0.04126670570002457,0.0029196793562713086,0.033901496167451146,0.02020255368174231,-0.03815472066889314,0.004576554029820616,-0.04305946643125988,0.013559534614928658,-0.01908877205446038,0.000857104944510082,-0.013990077319987452,-0.04082199160160397,0.014148205120273753,0.0,-0.06536391000863036
2020-03-23,0.023930887572874704,-0.012002621271912426,-0.1268980667757496,-0.08428821892024627,-0.016621074549939233,-0.043318874718842354,,-0.10858485786669421,-0.06361563808522921,-0.07975568493833819,-0.07273478232168437,0.01693859030929171,-0.09192442519593641,-0.10076982148354523,-0.011560797156225603,0.013793350956303444,-0.03320824114551585,-0.051293098609901285,-0.025167495057496374,-0.1775258876730746,-0.023886009077535242,0.0069847683268099954,0.021590620007919715,-0.055019048427158754,-0.03233538508109347,-0.06474089535136056,0.01447202958684016,-0.11279558398151344,-0.0283992913352955,-0.09419152009852694,0.03146332524879261,-0.028399619398444504,-0.02385127611582768,-0.012931081682024951,-0.07702940185097067,-0.08713428582512121,-0.03238135833428389,0.033901669374326794,-0.15225416305701978,-0.04831846415483479
2020-03-24,0.14024166273900876,0.06068936439826929,0.11381180890408718,0.15114342565802819,0.06488770610116552,0.14066752365221794,,0.13624046039363868,0.0902657408833843,0.1257664565405837,0.13881547992856558,0.0686481755871561,0.1059402733176355,0.11371754227073613,0.07556029630692593,0.11930376327182231,0.1027597258486835,0.024001201197380015,0.12929899541085907,0.0963414122867957,0.050600018983719595,0.054189474752148345,0.17093021858800792,0.11238392685948607,0.08974615637824349,0.17775648405496974,0.11137694796203228,0.10386679348734341,0.06183415225649605,0.12756710724242185,0.09289373775002796,0.13095607520475058,0.11701650410835436,0.1165770766365487,0.11693416108947086,0.13345765659858966,0.1259073081986532,0.12733923687329535,0.1736635808828035,0.13570736646806705
2020-03-25,0.011579188873521766,0.003094356384095706,0.10316263652900702,0.0033232028943093756,-0.0010476757909619891,0.10513422634014367,,0.0838503082238434,0.10428083030086344,0.09113893097913833,0.029086182498283847,-0.012136061526483412,0.10191367406179518,0.07911887642085781,0.06014886865742696,0.04458400517857292,0.04934774444344368,0.07241255527589328,0.009911585525941709,0.11471326813463498,0.003710558737363407,0.0021953871998805583,0.04324112642067695,0.03663836658675503,0.01702170781263266,0.02291417336807072,0.010230160397461517,0.08383000414654226,0.052742889371212846,0.057237356455131685,0.05491585135692782,0.014337113849337186,0.1266056680714737,0.005774884959567207,0.016539362237714603,0.06871705795608718,0.027519795361450453,-0.0010877224521338993,0.0,0.0017273056299257049
2020-03-26,-0.03748858901999546,0.02742674663326409,0.027345460684250065,0.07397237861881804,0.013534910775432311,0.051598627260203346,,0.032027337386714476,0.0503513198507266,0.03565212927996367,0.09474522165216379,0.01934769844365503,0.03457700703295531,0.011554583389424906,0.032462255178452165,0.01586193832304983,0.029311424847171263,0.018215276117289736,0.06645846314768658,0.1080059227112726,0.014374260151422966,0.01307184590005131,0.02017157857262805,0.06734134645626626,0.04536863112543353,0.049364332284857516,0.03745749264210464,0.036441387736386124,0.09269069343757834,0.029389508039327196,0.01138514919334878,0.014134651324196472,0.03453187699386409,0.03766919564332367,0.0008094864896184394,0.03418273521805709,0.06920984853471226,0.06426667722604493,0.058458123250184596,0.06449544496154958
2020-03-27,-0.04604045321523612,-0.059873430955339646,-0.08648606096835566,-0.050552088825064755,-0.05746264999510408,-0.07009881578969147,,-0.04601369539172008,-0.03587560083109472,-0.06640834364420123,-0.0494423513930357,-0.05983895377803005,-0.049460140243335,-0.06778125767130314,-0.05038838448642141,-0.07730453361134451,-0.05453847584161032,-0.018215276117289705,-0.045977327366858806,-0.04744486780000627,-0.042718135749127153,-0.06328850170046776,-0.07493541629165487,-0.07390390529452118,-0.020367246314039744,-0.04877607072108729,-0.014814994366947547,-0.08936375248668786,0.0036364313500416557,-0.041188112968680086,-0.07439824158055729,0.013937551498701649,-0.06471254589490927,-0.04344408060289092,-0.01549766065199449,-0.05640375433325695,-0.053054627534266895,-0.11905939244316897,-0.047371709119946266,-0.020268890855849094
2020-03-30,-0.10467892703536105,0.047776527475894684,0.07874903997577716,0.020165747183430647,0.029143846906292608,-0.03590670846324398,,0.006286663226712309,-0.042820103771777314,-0.00025828381839437505,0.006372328232396792,0.03498171148613653,0.006295646508873633,0.09228303600157324,-0.04492173962788383,0.00616344593472407,-0.008616386553668632,0.009148929781921224,0.008051356576329556,-0.014090022580581294,-0.00034658928548643534,0.04582094127219201,-0.09912565069157675,0.0256741356866869,0.020541449669540527,0.024111279873144712,0.0015357540279622535,0.09333180150212049,-0.03321355268021367,0.014475987641253386,0.0,-0.04965565121919628,-0.048511626243305746,-0.017527094107725936,0.06195355701350626,0.019560623156637088,0.0169496406347122,-0.08889405827488166,0.09260026232271831,-0.011960203123954984
2020-03-31,0.019428537429345027,0.0050581914169424945,0.014458060198909951,-0.037443716065154974,0.00636281772642716,-0.026145280104322245,,0.04872060432105629,-0.0605463845847906,0.04715371671756095,-0.045483224010420716,-0.006157790313721964,0.03868934031678255,-0.022675690330480388,-0.04138517877472084,-0.013921453987381,-0.005593017234031267,0.010869877460843936,-0.0320194049283632,-0.007770120085218829,-0.02989508835977153,-0.0036779318170147247,-0.06028185659808139,-0.03781863787742652,-0.042379340932745355,-0.0244052304980585,-0.06607426662060313,0.009852550187516584,0.03139702410903167,0.02817542896257322,-0.045745958262816,0.0,-0.05098561927871963,-0.060747398368031176,0.03865764304461835,0.026050077623347677,-0.02769075854022158,0.0,0.0,-0.04162986649849176
2020-04-01,-0.07835159957560768,-0.01730338110931901,-0.03704113355654759,-0.07124954270015346,-0.015983311598448367,-0.11200505837649487,,-0.06175677977686139,-0.07656280912869057,-0.05831824543238953,-0.08960540540757755,-0.039047779910671675,-0.05459441758837216,-0.025605151736569822,-0.05500667480081394,-0.07434762395457492,-0.04367824985455808,-0.03857229504114893,-0.06204479625482722,-0.06443446873042691,-0.10810114778592025,-0.04060702790519428,-0.009756163163516324,-0.0650490993999338,-0.03524581451801886,-0.07257072963604688,-0.01652934296687688,-0.027834950890044768,-0.0351562812951949,-0.0508230813463683,-0.04348502579472324,-0.05608939159337764,-0.09009298164092998,-0.018968077322837763,-0.055382038866287245,-0.05753298378570475,-0.03965279778391742,-0.06621474730829231,0.0,-0.077114378758073
2020-04-02,0.06544127228198729,0.014271568563705298,-0.008977693446121114,0.03966784819844599,0.013866812509890003,-0.00992563979996993,,0.014497473616330796,0.010695336466918379,0.014000691458231825,0.018524226454851637,0.02223024899697068,0.014110271785666933,0.011960179943417816,0.0029718200984520256,0.010016800353851824,0.049271267088589324,-0.016997676292796023,0.03143682103198398,0.04102179034147032,-0.02456361754406039,0.020509616132250094,0.0,0.03665964243146637,0.004474179770145299,0.06962522546383448,0.0,-0.008097163770841754,-0.015180609525747457,0.008341164129152425,0.01762141681044719,-0.04725292646517813,0.0,0.00636278806764138,0.0392971370661485,0.00423858139342239,0.011173304314759795,-0.012154224585285815,0.0040121321755244126,0.024169038641780292
2020-04-03,-0.03190593367030198,-0.008130191639016208,-0.051399035450158094,-0.026602599727939,-0.005310638663500389,-0.030382083688122917,,-0.011961169820244203,-0.05991570163319463,-0.006198220262150572,-0.04536737155228398,-0.017744547060455786,-0.01867503366917711,-0.0568011151725097,-0.058031476366473,-0.020134766332176066,-0.051698517695245326,-0.01923138351346177,-0.0202123971278334,-0.08264146438242079,-0.008186517610288418,-0.011342261213063488,-0.033901607470183066,-0.03000344799485637,-0.03636751470520104,-0.001476011985926893,-0.031032032779171482,-0.056441450496787865,-0.0076774991072212214,-0.017442285023179085,-0.026550208122979247,0.03759095944237114,-0.07696117859170981,-0.021368256330403124,-0.004972542676964352,-0.01883756433996106,-0.01793751808388516,-0.0416148275552874,-0.10103216051540463,-0.0370483575260065
2020-04-06,0.06518453705025887,0.015190123827159013,0.07906885584456785,0.06569243807635725,0.02211786569251082,0.08379276779999546,,0.053834143970578584,0.047785754577767875,0.031475302753976996,0.09241994869892611,0.03270746377216582,0.057260039922895835,0.08262063628059164,0.05207909088917414,0.07821564194847438,0.04765158142964069,0.026821674663134423,0.07409356621262224,0.06600134135172946,0.04421938933566779,0.026267891440607535,0.10576624768264055,0.06237966958497064,0.049671628857409264,0.08924898350620063,0.06382193631040732,0.09823858890837259,0.032230166497726476,0.04733524574260081,0.06929179863226607,-0.009756337384572622,0.08032237638480302,0.054635362082636134,0.06296758142510536,0.05643978734898616,0.07830076192424586,0.0,0.0,0.08755150623577374
2020-04-07,0.030176595929209852,0.007010668279950391,-0.031685909993059286,0.0344623774685577,0.001041050076797146,0.06852001406459239,,0.02995282403001777,0.031097725853236884,0.012932938533817585,0.0031565534629969224,-0.006207386465338457,0.02710927279721909,-0.02476329116660244,0.06640236606427685,0.039943784724588406,0.030987985910561663,0.03710980272342835,0.04805894812862808,0.0018923775764646048,0.006662612120922004,-0.002224581041773119,0.030550490506351193,0.013103996790887095,0.026088288042402697,-0.0018932562316661644,0.02390547954618567,-0.0438317795200238,0.023964320651577494,0.007702953610155024,0.0,0.0,0.049109776123475765,0.028227759313472676,0.010387021272259732,0.02438271231924872,0.003133168780993827,0.12749319741105333,0.0,0.004878123533427444
2020-04-08,-0.01355720665264729,0.0,-0.020326005189979793,0.057484783783008524,-0.0020832663435044955,0.008791328007610254,,0.03416011458960988,0.01861496569968989,0.012767810947413314,0.07043022142292335,0.0031085096807776467,0.020313594291474012,-0.009813222624732379,0.01386987082870185,-0.01517474803571096,-0.003938726868712375,-0.020239515289299632,0.06381501448166323,0.04799254654298972,0.01588885659274231,-0.004464398187699699,0.019281856227024666,0.03958558909657703,-0.017316388944958565,0.06370923100120976,-0.026597288977862437,-0.006128557768574924,0.012669972362902395,0.018601283864568142,0.01247433911433326,0.0,0.0,-0.012000321311506553,0.04238141831293039,0.014703527785105195,0.0,0.0,0.020822587163238156,0.051154137495544934
2020-04-09,0.02341683478091285,-0.0050024461502003095,0.07513419303106356,0.05838939284510371,-0.003133100450633126,0.06563195236250298,,0.008779544266127556,0.06543453272972159,0.021167193708801452,0.06875218690139506,-0.008728141568605399,0.015537305878300373,0.0445678299321889,0.05101781656794608,0.022676757777328214,0.014922984644946838,0.034706726061962484,0.040424283225859704,0.048250375567705804,0.028427172207661878,-0.010494609445232832,0.02908678319766092,0.08591490958980086,0.013015403768882506,0.04251726836254195,0.013387035584546162,0.0499603372885988,0.021353029785538484,0.011313978814216422,-0.03789959672479607,0.111225795721252,0.03144914604370681,0.01794670938696869,0.0400018958742909,0.005821747773895889,0.04685170872879605,0.029486221672070132,0.06913739957428101,0.09206250714230173
2020-04-13,,-0.001003760879340575,0.0009519011321741789,-0.03854524390257758,-0.0084035466799632,-0.03333654148189483,,-0.013480723396688717,-0.021339253721165248,-0.021664927286165217,-0.015517543807149698,-0.003135898358544103,-0.01290356870153797,0.0030541114004372363,-0.03733769032335171,-0.025739638520685955,0.011779865324790119,-0.02177960939513913,-0.027957060878128603,-0.027610203202117132,-0.012030189574126422,0.0007531819079621509,-0.027352167660715836,-0.04549166920055178,0.0,-0.0371974903458207,0.026248204009402823,0.0,-0.01597179093140294,-0.01548925280117211,0.0042826787616256886,-0.01413465132419655,-0.015600899820127443,0.01763029525874702,-0.025086194936859513,-0.02111828626934688,-0.03441641059192294,0.0,0.0,-0.054786978285108555
2020-04-14,,0.01494799774965797,0.0290689589739448,-0.007974597401286568,0.018809372300574452,-0.006376217914634063,,-0.014238566412426058,-0.010512662666983025,-0.0037402030310429665,-0.027363557372735155,0.010000112837301865,-0.0064318506072949385,0.023607191548952033,0.002713751217067826,0.04937438624021057,0.030632917593169873,-0.01292711666682337,-0.005316076722894888,0.033481076689254964,0.015387927881897403,0.0075017879442112415,-0.024562655515052195,-0.027778064996664388,0.03390153715939707,0.007049338203125235,0.01797229765599184,0.045722167365703226,0.03169274932838962,0.008014249621635558,-0.012903271326843095,-0.02522650021401564,0.006269615373491021,0.013500724709271175,0.019492326456954485,0.0018955620539043666,0.01937843897514417,-0.07020428842564584,0.012072714044578053,-0.040583516948815
2020-04-15,-0.08626281568124701,-0.018971987908475773,-0.034794131345884674,-0.06709839399658313,-0.018809372300574497,-0.0798648523881403,,-0.06089968845922139,-0.07828286006197867,-0.048890185429325626,-0.058012892733334494,-0.01819940501800243,-0.05317606990940436,-0.047525040137053186,-0.09368554897579429,-0.09487227029088975,-0.04259810390823394,-0.05344805006546408,0.001626035453261954,-0.06057872358637447,-0.05355019152122188,-0.018861226953806168,-0.09886894696772609,-0.05057718125797032,-0.04691694092827964,-0.03731567683669225,-0.03891548041792905,-0.03409401403589381,-0.07370828119700519,-0.0337694277891903,-0.06252014429447351,-0.09166706944162753,-0.08134562037479673,-0.035091347256244736,-0.06018157014425199,-0.04824612124358178,-0.05182515039976005,-0.03032534028955971,0.0,-0.05938274227444617
2020-04-16,0.007503745573148139,-0.008097197667206027,-0.0009574323463590572,-0.03531686088077258,-0.010604539399680545,-0.006952452327047055,,-0.03473564204508499,-0.030459125980535864,-0.034697733189589824,-0.05614358252012238,-0.014673389155401206,-0.03570235824133515,-0.0018234668344130273,-0.0029805653788466412,-0.0016065180301592682,0.0005552334708189921,-0.01980271492091067,-0.008324911453643441,-0.02333320137257891,-0.007493698914979187,-0.009950431080461212,-0.023810716112075206,-0.038855043476707776,-0.022076013249652568,-0.0010424380396742584,-0.02139106404275596,-0.003861168642002613,-0.04580962692311009,-0.026605773547768618,-0.028039390114020363,0.0,-0.03448618856745838,-0.026132155676218103,0.024748397531865203,-0.040035488066636926,-0.022593678815306096,-0.01076717403539201,0.023716375671329115,-0.05604214606511437
2020-04-17,0.019926815764167022,0.016129357000103473,0.017094394815659008,0.08326982573641388,0.01586505666350015,0.05651214008110839,,0.04745709138018503,0.0254466781480144,0.053409368762230555,0.1148171446722677,0.008957195972573686,0.041964380514159086,0.014753412665130161,0.05798724017966057,0.050167282824196274,0.00037019320833242396,0.06952615124933513,0.03578456648254785,0.058469127406136745,0.027334579236888323,0.013751152760579692,0.054701179291462954,0.0860756686864713,0.008888972364244251,0.01885161103972563,0.026668156328440256,0.01725847975487687,0.07341037892472932,0.05541395748958834,0.014117934505254516,0.03149865957105977,0.05462110407573494,0.022155981929111404,-0.0001708936967689313,0.04696667071088704,0.04780534390363228,0.013440991197205413,0.0,0.05393009503586727
2020-04-20,-0.035282653721695326,-0.01207256261263179,-0.0383922431641886,-0.03407949698232713,-0.008430195124084076,-0.02447298381953679,,-0.018631664635181393,-0.012278989299390359,-0.0023199384012642555,-0.032196119337281955,-0.014111763621483185,-0.008533016231495544,-0.029992735307591695,-0.028573309213514586,-0.032636914940971054,-0.017355952655785007,-0.022642526145479867,-0.016983754214254264,0.03491003602835977,-0.017094132788885143,-0.009146392715653383,-0.03679015099901167,-0.03713838181745354,0.008810654191485823,-0.01885161103972552,0.00524939070255537,-0.03481980523385723,-0.01462553931611116,-0.015684533603973566,-0.03325741648031509,-0.05784263535145218,-0.023530658873206284,-0.0039920468399451915,-0.0053141549444609875,-0.005937928466590615,0.003107207613154111,0.0039974092616597776,0.0,-0.02497439849746216
2020-04-21,-0.06327420968148936,-0.017356222025147985,-0.037890996079532765,-0.038972001667832476,-0.011708233173221545,-0.04138501743047764,,-0.0423821110836087,-0.015379392830722493,-0.04405275974295352,-0.05703794224800183,-0.014313859193543454,-0.03832556570924594,-0.04052451180336238,-0.026433365587299373,-0.0402956296421941,-0.028837845206181385,-0.04090140743016152,-0.037213998116379016,-0.06024701238971344,-0.03346933247723084,-0.0232388136261222,-0.028001919650559107,-0.02943357823911017,-0.01769962655572993,-0.037449610600924374,-0.010526482988239579,-0.040165996497425166,-0.04520537918323457,-0.03718902814957695,-0.024450981484667032,-0.02494928471269775,-0.04167261167795167,-0.024292644893072354,-0.038368567441200194,-0.04647259756054789,-0.04440492109101144,-0.04626691261297424,0.0,-0.03081698620616876
2020-04-22,0.009288006889752141,0.02441615421329083,0.046658464299642245,0.00736682336240582,0.0032067811322127426,0.0023444656617796415,,0.011872259406987794,0.028375847859331036,0.009127614348923634,0.01598915713676202,0.013021005814409204,0.01120364787691455,0.05053501831168289,0.023530557547035237,0.00164347992386719,0.01404521449473766,0.029385004194196096,0.012407285574179187,0.04539944170332568,0.011682102368138348,0.015552506692930089,0.02800191965055912,0.003251590835068523,0.004454475137584937,0.023008004258524294,0.002642027101677,0.051907746345380805,0.03966520572579483,0.0011987216261807386,0.014742198553021465,-0.012712017761851432,0.04506835504288147,0.010193781945112659,0.026089964346125708,0.005185189338932791,-0.0021644650721483853,0.0,0.0,-0.00149114803385332
2020-04-23,0.013772180658616632,0.010000183377181024,-0.00486119413347998,0.0032055032213417277,-0.016138078349914944,0.027715466840867096,,0.0025256268217110633,0.050360309223670706,0.003201640521955482,0.005194308639509566,-0.003888619312420677,-0.0032398108794016085,-0.015852458638838978,0.02865519371794602,0.014670221365068669,0.003623518657745978,0.00577481197478516,-0.00529839652329542,0.0024493043116418944,0.0016005830070605915,0.0007711909479957873,0.0175955935300319,0.0005595208943258504,0.01762153811206766,-0.00903297636606215,0.020888496476381427,-0.007812432807480079,0.012879509487572008,-0.00017127374723203522,0.01452815664480813,0.037661302474549276,0.0300523062386461,0.02206708353501163,-0.007334803772408642,-0.0002584792102238076,0.01077584210000368,0.10187257660477123,0.0,-0.010125865646503102
2020-04-24,-0.04189907891421992,-0.0019920676661272607,0.01739157426189985,0.01407514567765071,0.0021667776378504152,0.006810663164773509,,0.007747961387237913,-0.014428290884340405,0.00716646581581831,0.014960736758127818,0.009049936176972214,0.009152145222454606,0.010596342190093404,0.005633699614554524,-0.03792713461293536,0.002471830090099655,-0.007707162416258171,0.011078037894400228,-0.023012357065512634,-0.0012002236589503464,0.0092096831522976,-0.025516335070420344,0.014658592957801876,0.0,0.013255798685243628,-0.005181328348093832,0.019417730767634707,0.005469674714797011,0.007843242661424294,-0.014528156644808096,-0.01032018050129494,-0.019934323584395352,0.003960327288226686,0.006290124301623603,0.006189043384306774,0.008538106992999958,-0.06630102778095111,0.0,0.01459331727016927
2020-04-27,0.029666565413368835,0.05243922957930145,-0.026202344443252864,0.05653224157670467,0.00431968914122191,0.024582049243089134,,0.0366581745171592,0.044000432880578116,0.025073001408775206,0.07721877999208075,0.0266683476454401,0.04009285799300302,-0.0007911064469729228,0.030431108239275338,0.11722273568449272,0.022160611419226935,0.03795532078387217,0.03628286940908106,0.015893065299028293,0.03307384472975005,0.021164780089323442,0.0541718840975339,0.04220136720366084,0.021599170723549773,0.03468314107620322,0.03320863605450738,-0.045238593784567405,0.010850069584042804,0.026811289352529882,0.02884826490670605,0.0,0.04590982011514338,0.02536732691141602,0.06539835034924739,0.0385776232756405,0.03856647377489915,0.018642318344223745,0.0,0.053871742580859874
2020-04-28,0.06693932054454564,-0.015253114487444574,0.011730526571591286,0.017737011730284583,0.013911413314884038,0.07237193885915612,,0.023451085170379325,0.04721200804314495,0.021687475254269003,0.013863589492236818,0.00437623253206691,0.013297125130375774,0.004735628812226475,0.053063034084607434,0.023634747719524635,-0.005774375902905503,0.04905607770782654,0.01872938811116249,0.006140269704212562,0.00232115520745697,0.004477501574685236,0.04059601271498232,0.007056169865564555,0.0,0.020644638258771008,0.010000149638064204,-0.004032304110345047,0.06273825846075717,0.016724419117809468,0.03263698532361901,0.03666415628168721,0.031548462909818914,0.01339727079606034,0.02354176737144245,0.023950377714682797,0.0547127301308827,0.02861065416699566,-0.015748234153228576,0.016061657378500592
2020-04-29,0.07081382135595922,0.010511583892143328,0.07035219249886755,0.03657687796646027,0.007411328157231815,0.12528408558190632,,0.0544703915182498,0.041453591661248984,0.04972711014638867,0.06260395273835535,0.02037738928758843,0.040001911738166716,0.05415044660382729,0.07705662179840343,0.11306797977702868,0.021255493311714273,0.06354074010170549,0.01601994258692651,0.09499836651473524,0.02668848682507026,0.021363583519176898,0.06306793279165952,0.026612961162269355,0.02947579170741675,0.025072685562309644,0.01970495571188342,0.08701154665907083,0.08419210540916906,0.0343622905832129,0.06654314165009226,0.08617758398507869,0.06609004245358627,0.01883297394331441,0.026886459600155826,0.048088276015981084,0.061933411649453256,0.0,0.0,0.038394735594965354
2020-04-30,-0.06364523349826037,-0.0201639695697094,-0.012762075585467008,-0.029901934626254425,-0.021322741472115807,-0.04255977214249751,,-0.04035346156863915,-0.047155128250315086,-0.03668774266488056,-0.034408970362540786,-0.0316699131788106,-0.03392368115457087,0.0014905172103278177,-0.059130492490434214,-0.034486177331272884,0.022066433828194468,-0.028693973941132104,-0.03540324651139716,-0.03535369065952233,-0.03250166346440643,-0.031842707253262444,-0.06850787347757195,-0.021692862035192512,-0.029475791707416803,-0.033910043250622225,-0.02719567704402053,0.012879530648674154,-0.021978758944843104,-0.03289989351005093,-0.0711407368596908,-0.04695685431911151,-0.08806909832948567,-0.01883297394331447,-0.022275470339438344,-0.039432569474546604,-0.021150007950391427,-0.06624927116639598,0.0,-0.0321792830532592
2020-05-01,,-0.034537383874935115,-0.07523804603020919,-0.041168663646942674,-0.015201089839373107,-0.030712476847529133,,-0.04254277809408826,-0.03490993620999617,-0.03782682006380243,-0.054090714551767644,-0.026855743296582066,-0.02851245940466188,-0.06699129241325706,-0.02831590885211006,-0.03571808395382662,-0.028856092387733196,-0.03839913577965804,-0.03506410031119103,-0.029258900995959118,-0.017643816976372535,-0.032890225052214804,-0.052250666152171346,-0.026561393083483608,-0.017241853365636668,-0.026469241293297988,-0.027956007773211968,-0.04678112254771174,-0.022473067260705103,-0.025321808413616746,-0.009259358973032995,-0.03922072966596729,-0.04214549081480405,-0.03679010235027623,-0.0648771268686426,-0.029395645152496624,-0.03499186796169742,0.0,0.0,-0.05156501343792985
2020-05-04,,0.0,0.02442748965521513,-0.0065201468356214974,0.0043668470345130635,-0.02566768808558935,,-0.004314303132253047,-0.013245197149389513,-0.014857619745695723,-0.008825983475076295,0.006459818026609835,0.003457524106878122,0.024906251121131658,-0.018445856545933628,-0.01408469234049499,0.01770291395941498,-0.019767042248536305,-0.006060240597671473,-0.03381956675253664,-0.020784227448691874,0.008517383969993833,0.0019138212708694762,-0.011974525204528757,-0.021978855469980664,-0.008105919684938675,-0.015584768828947475,0.024599194876061325,-0.034685578076496755,0.004651899450479245,-0.014051939267416033,-0.02020271607935294,-0.033673328119529715,-0.009910996392533553,-0.011576377865905332,0.005163882778063437,-0.02238526030712296,-0.0013709379022414769,-0.047749039445780954,-0.008736697929331615
2020-05-05,0.022384456304850347,0.0020061311695638608,0.025727926538737927,-0.011845105332069018,0.0010886538516880412,0.005981900379341129,,-0.007854585689139775,0.0033278947274567065,-0.006851114104645553,-0.02627310681906973,0.006418551309633731,0.006537385217603665,0.01260810512530874,0.0,-0.01141257434689682,0.006311672441306065,-0.02573666584020569,0.012813412784364644,0.0014729683676193857,0.005236561779909629,0.0023103559402700273,-0.019305529315103775,-0.0015207087555775393,0.008849639014623465,-0.002892212363718069,0.007822712241725129,0.036701383821656296,0.0033557667523999527,-0.001659089196234045,-0.014252009535790078,0.0,-0.0137932236147781,0.005958397204994854,-0.00549454578203086,-0.006644785687268892,-0.01387854731322976,-0.026408645171051234,0.0,-0.03838762654647587
2020-05-06,-0.027906018261750952,0.008977622051725849,-0.03347994198281662,-0.013774734279893562,0.001087469973196341,-0.020080997210637757,,-0.005201446464399667,-0.0019952817436467473,-0.011167117512285612,-0.023015781583835663,-0.0012803406319937135,-0.0018882480434544752,-0.017800150595292445,-0.01879240813755004,-0.02469250786314799,-0.013574029600074103,0.0018605727760859809,-0.0077698983713507625,-0.000490681223813913,-0.00281626274221776,0.0,-0.025667755595758096,-0.018983370905490196,-0.004415141787964168,-0.018066092543007416,-0.00260079896192645,-0.03431897196302553,-0.018597364297482565,-0.007332063863247051,-0.019324347244487308,0.010152321680871578,-0.035339485670968736,-0.0019822234578881705,-0.03059412618394839,-0.00867933784513899,-0.006230375941797449,0.00561785850472398,0.05368394264559853,-0.027345958186946774
2020-05-07,0.031489446274744565,-0.0009934834129548837,0.0,0.021686878221979712,0.0021716522009034307,0.03781550902232392,,0.001250947382529415,0.020428905212355287,0.0013361970067528365,0.03859352482380529,-0.0025658051913294015,0.0041147274933762655,0.0,0.03462393910628384,0.027558003521306523,0.01734153453647518,0.02568919301844131,0.030065652267013125,-0.010610902462550129,0.015591173641139567,-0.0007695257163624972,0.043059463639992565,0.010359373488038944,-0.013363152134389412,0.03968458163051279,0.0026007989619264826,-0.005708853460833404,0.023609837219125664,0.006335507772657046,0.009708782931645406,0.03766559400706451,0.01428596337388573,0.01379336029212927,0.03334513301874301,0.0007472717011118848,0.01959824495624383,-0.019802678925339143,0.0,0.005165601684896506
2020-05-08,0.015966796842095482,0.027452587968701408,0.001943644924782784,0.031461489096900795,0.015070182473758397,0.028875977783776745,,0.022250624898985202,0.020659212062534026,0.016156857679646884,0.0369435135432007,0.019084581784046435,0.02183016924472375,0.014983663619161007,0.023286852993537593,0.019830719963669138,0.00017951802438972452,0.014388789237365604,0.01669828378917072,0.006922137507814981,0.01652278080047668,0.014520678476942203,0.0504306311856788,0.01620393947324705,0.02655019301979779,0.03219951818851536,0.028170871551207934,0.0,0.006644659230365981,0.019095337461346527,0.028573616507333664,0.011605530057384147,0.03141636413329296,0.01360549558588301,0.03343207191661092,0.019226271947285503,0.016211184904870342,0.01980267892533904,0.0,0.00789589309004722
2020-05-11,-0.02555081605819501,-0.0029054739021010696,0.002908434320429337,-0.042910085319529986,-0.007506618805840652,-0.04066404660528697,,-0.002039504965595462,-0.01935535473790054,0.000525176930531631,-0.04979455601107396,-0.0012610620003849695,-0.003521428796249024,-0.0012829298870321523,-0.03646229539925846,-0.028451481431454255,0.004644127356651852,-0.019838466966507224,-0.012101556484384185,-0.052344147939468684,-0.005477489993966908,0.000758549999159298,-0.03145475250826245,-0.029892217044272584,0.0,-0.006256982441183953,-0.012706608125263773,-0.00766309628427537,-0.013333576367714088,0.006338748567686705,-0.03341612181467729,-0.03522864254305017,-0.020834197657869816,0.0019287983216304135,-0.02454328865362452,0.007297871457889684,-0.02030532059637252,0.0,-0.026988457630065632,-0.025892779646710558
2020-05-12,0.003904548274699372,-0.008767718418810142,-0.032467056645152384,-0.031948974229669504,-0.0032346931685091505,-0.032131165113325255,,-0.023341120400173727,-0.019737480793342033,-0.015081424077559554,-0.039810722962028845,-0.006329081680356243,-0.015404551467751316,-0.010582151919114734,-0.021448496700563147,-0.002890181634626442,0.0010688356859797018,-0.020239515289299632,-0.03302451365305269,0.04715699126270872,-0.018211146408017798,-0.010670931741474658,0.014925798148420788,-0.03322341640294087,-0.01762153811206769,-0.0360426890835614,-0.015464263425944251,-0.04725267941243418,-0.0050463250388089785,-0.022612902766949345,-0.01960847617732343,-0.0019941585860573717,-0.03571820516309392,-0.023392831554215853,-0.042233916281729414,-0.023046044089817707,-0.016546309615453916,0.04919025107465946,0.0,-0.03031755696428746
2020-05-13,-0.09555006346124996,-0.015779395647790184,-0.0090410878354811,-0.04680304993764065,-0.0054141494050553626,-0.03954717561661104,,-0.054543139721353016,-0.05041949282882113,-0.046380273340638684,-0.04220033714411406,-0.0031796744698625815,-0.029077794913262487,0.005692012267805373,-0.013642798060047283,-0.045900006383492634,-0.025240102450506615,-0.04563545028036632,-0.031004450523859212,-0.06127496325079402,-0.013271895956186523,-0.00846471743943107,-0.049346020526019656,-0.03507886256486845,0.004434497226659334,-0.03793027286689258,0.0,-0.008097069199793971,-0.03955798960190303,-0.03062660990992331,-0.025063920732072982,-0.04908965802919409,-0.029522341557477873,0.007858537646702269,-0.05585403038898203,-0.03713967942088155,-0.01576488958923254,0.0,-0.02254184323394231,-0.06487156537875509
2020-05-14,-0.0026420455286345606,-0.005982100634255271,-0.007088506415307088,0.03946029890851915,0.0,0.010559758939039668,,-0.007754746460666353,0.0020942698216394814,0.005846992547576186,0.03532882088618486,0.0006368023894005143,-0.0008784283405543249,-0.01376811729432389,-0.011049916905379403,0.009049772353122543,0.002188539291029771,0.011605377924372714,0.015306892306774667,-0.010321757229025173,-0.006498571401578127,0.002315590480896743,0.03442022237759879,0.04069326687361101,-0.008888972364244197,0.021926179534650623,-0.010443963084114204,0.002030202350660115,-0.008810552112880267,0.017111674539018167,0.01010106221936782,-0.004201531000755669,-0.026566980252079687,-0.007858537646702376,0.026490456634405798,0.013042072962751292,-0.008510736442254948,-0.10240182229637015,-0.03801926561846825,0.0657030109220898
2020-05-15,-0.03465435831500136,-0.00803215933289742,0.009104779344128082,-0.012514721845450516,-0.008724042019033613,-0.010559758939039638,,-0.01456236660550706,0.002089799089142137,-0.01623310542991518,-0.00333411173483647,-0.008951566022843164,-0.012202972791471846,0.0018293069455945932,0.005540168780649854,-0.033590935188012865,-0.004748213354132646,0.005752729254119916,-0.014899711029431882,-0.03107100650035704,-0.00859438240795026,-0.013975363265567899,-0.011342276112448804,-0.018683420757378125,0.004454475137584937,-0.01384849133846557,0.0,0.0040483938472351344,-0.016057415370983822,-0.013359325526364922,-0.01010106221936774,0.016701789501461752,-0.015504309205157264,0.003936939124859591,-0.005315889387265907,-0.010471067080138854,-0.010741270441553917,0.0,0.0,-0.02952537471637972
2020-05-18,0.07134085924888305,0.02587223861094058,0.02092752639358267,0.06718800471685353,0.03233044042330857,0.09318471435223055,,0.07351086820729733,0.09042709950478885,0.07786984999076438,0.0856785299877754,0.03533482231886054,0.0750481815947289,0.027300114182449747,0.07961775734320176,0.10178283228446361,0.038953319532852075,0.05758320472654202,0.056608934670489976,0.002466915787287879,0.037511878128564095,0.03533388813118796,0.09944954985214968,0.05161349228573268,0.021978855469980598,0.07712996661333484,0.023347388748822955,0.021978995070019536,0.07616119926192433,0.04819004917413485,0.07338247606537199,0.0,0.10026944487693847,0.05355012913990046,0.07179487604808235,0.06509945289920449,0.07287309588087239,0.0,0.08853510755375739,0.08411745893241952
2020-05-19,0.013614223966997574,-0.010864495230833047,-0.01992094556460759,-0.03190391087532979,-0.014957555830710349,-0.03143688585437827,,-0.018838255518221676,-0.035590928313822226,-0.044297707466808674,-0.027526404283397074,-0.013732877362293647,-0.030333361069829527,-0.019497574271572518,-0.06046521115842487,-0.009866203605505013,0.003690637034596246,-0.023745378747595556,-0.0225192024657147,-0.018232540456312465,-0.01435443763332991,-0.015209397907085578,-0.05120257302508423,-0.019875687325916387,-0.03090751037771078,-0.02386746369863314,0.005115070554275365,-0.00793622816839785,-0.0134229408011672,-0.02646671677057851,-0.08358668477529886,0.02454107659314704,-0.07329267349047536,-0.00373146489789008,-0.029863285740237677,-0.03202038213244916,-0.012121368966296692,0.08083757630131644,0.0,-0.05917420548589005
2020-05-20,0.028825744381510924,-0.0009934834129548837,0.02973461591818666,0.031031104518128537,0.008574514681997181,0.03143688585437829,,0.021560606024224542,0.0362264913590021,0.013281322765930524,0.02313774763957752,0.014971968024249098,0.013184655426165695,0.025576768707322766,0.024097449204005306,0.06179039380182677,0.004200668222130884,0.03986047389624942,0.020096937766169033,0.051613886555515756,0.00919467197292203,0.005349642410502421,0.04775427412183675,0.029557668739788334,0.02217380632587513,0.043046702431436414,0.012674398453641076,0.031374942129777116,0.026668275470175223,0.030191223200537555,0.0352681294419998,0.014042481521398392,0.04824668383875355,0.011152510468606566,0.0284939045794534,0.015771884124520293,0.025089188053597753,0.0,0.0,0.023520578227151104
2020-05-21,-0.04180261100727217,-0.015022850701273334,-0.012776878651697741,-0.00043659208258049986,-0.013971300712064493,-0.02150637362229431,,-0.023271207402255096,-0.015365165397829238,-0.007567744891658368,-0.010390383733367472,-0.016859443993082857,-0.0065704712943569785,-0.0193786713034802,-0.018692144325838534,-0.02017550153995732,-0.03169542248488468,-0.003558690306605983,-0.007412602737778036,-0.015206332217225813,-0.029479212570313783,-0.025474132634604768,-0.01742196235457115,-0.012782673390925977,-0.00439551240352152,-0.018682793402795272,-0.010126609484660761,-0.017527254820582688,-0.004946417501445207,-0.0310244118271912,0.0,0.0,-0.01828199748051812,-0.009285037541885668,-0.00497964596539186,-0.015026470659510727,-0.006961848172771616,-0.0837962696627726,0.0,-0.002450057857709905
2020-05-22,0.03782297853369585,-0.01730338110931901,-0.005952233016718537,-0.010535706892287434,-0.018569657332698948,-0.0059464429901760155,,-0.017707619891539832,0.005789476487735699,-0.008719259506649726,-0.020202730934751726,-0.0197144689877331,-0.004234676635584363,-0.0015458815244634519,0.002691836829215155,-0.005449540960009012,-0.01254163163644765,-0.0017842842109090475,-0.000944424466483595,-0.012987228717077906,-0.06039400283691082,-0.008637654409944597,-0.003521150221421195,-0.007793553362931515,-0.017778293922353524,-0.00422737457259103,-0.01797229765599192,0.0,-0.0049710686254967424,-0.018679582092022213,0.029270355197829605,-0.05528534761600715,0.0073529771454397515,-0.015037878781941245,-0.04885922808294305,-0.015004249709494667,-0.02016191051976495,0.0,0.0,-0.011926726588448084
2020-05-25,-0.009245184173669605,,,,,,,,,,,,,,,,,,,,,,,,,,,,,,,,,,,,,,,
2020-05-26,0.09333826833730355,,,,,,,,,,,,,,,,,,,,,,,,,,,,,,,,,,,,,,,
2020-05-27,0.04655830372129164,-0.006116335033742554,0.09288612235795729,0.06767393504615017,-0.0021976458977527647,0.06923778525544744,,0.0179690575110937,0.09482844004157258,0.041168198842690296,0.08149468023785165,-0.0012846476902651925,0.042441775232113156,0.05082589213589979,0.06377585554979469,0.0556685310714028,-0.004008039227881717,0.05389048519596585,0.06706642739231226,0.08216802297099159,0.015006662584656553,0.004716983223434659,0.057783660193935535,0.05630581215302077,0.037426507740672424,0.07004537194448518,0.036455980622605404,0.09780907353915202,0.05637444782809765,0.048805053286321454,0.06509908377856413,0.020000782637319334,0.0826917010579836,0.036943530090778325,0.061207456113822674,0.04663531113855527,0.04239919691432065,0.07524270592694672,0.15738263000308292,0.06237023411620584
2020-05-28,0.0008072221548891232,0.02623763084142699,0.028055057776383067,-0.04406684597295703,-0.0011007225642691292,0.01193539961715356,,-0.02608232884285568,-0.011847170062767044,-0.013134657183128158,-0.061150861623975684,0.013405837483929936,-0.01777219620430988,0.01461927950103223,-0.011507452171237734,-0.01977950099025568,0.012336849134873434,0.007917679673118903,-0.04108846513180077,0.006836048666829332,-0.02428937838126071,0.008590318880107757,-0.007616225327840109,-0.015008211508589423,0.02419469203137403,-0.05392512051852535,0.01891316001113358,0.02951038723442981,0.0029584671169649982,-0.010809109892510433,-0.012685266671308794,-0.046614544520525325,-0.03226087627811544,0.013722258162149597,-0.029655181655008606,-0.03905328080990017,-0.008337328035107025,0.03855896291306446,0.0,-0.0264652033815127
2020-05-29,-0.030864144207496516,0.008924285702212396,-0.03730250450197521,-0.030218500101673183,0.007679650086640363,-0.041528660863201824,,-0.020474372366946197,-0.028573262234732475,-0.03872100346674276,-0.025756211672139054,-0.0012689670414935935,-0.020437374627319028,-0.02590284447611506,-0.013986211184121921,-0.013010330295173048,-0.013432495603608128,-0.027179954403116564,-0.017555827704197963,0.017605700235934826,-0.023157151442833947,0.005428582705674074,-0.02476920787010584,-0.025867544049975034,-0.00800006449062662,-0.004514353549182299,-0.023697770212401492,-0.05308056563375462,-0.01039343563680429,-0.02135871347406184,-0.03463550360037145,-0.025211274840432864,-0.04698832443478665,-0.01891697761315222,-0.024308245616241054,-0.02058112547985947,-0.004661918788224406,0.0,0.0,-0.027939923359020135
2020-06-01,0.0652316836004506,0.012751371311549548,0.03648836547286317,0.020111496807095668,0.006535843343396765,0.05666776983610334,,0.031146368697823064,0.043627319646755806,0.03438459746946569,0.031638211901664055,0.023840384215555323,0.046456087792841445,0.027053772509316346,0.036870370090702646,0.033941307841976465,0.02739877408951705,0.017671251870562857,0.01735588249097782,0.016125532690475924,0.03285972771912931,0.013062019412729676,0.038436714807070976,0.013169630021619586,-0.008064479753236634,0.011248468726565182,-0.012062952544941507,0.03679359021581472,0.02505654653919604,0.03767727723108306,0.026088227514919262,0.08167785638070776,0.06001773331305399,0.006920399618741412,0.022545526812601975,0.033317208794430245,0.014842549129289392,0.034846687060244776,0.0,0.023152632799022434
2020-06-02,0.023373392856777742,0.0038913478301354156,0.0129450160865782,0.00930234171683157,0.022545300849103556,-0.006700192248762713,,0.025234234322478892,0.021642422267060157,0.019366938818654134,0.02772125481618797,0.016600575026675557,0.02127447256890141,0.018014496852930172,0.022372335949946417,0.023878264520645086,0.028397957630491896,0.049699635080263205,0.020838712138362497,0.047994412968212045,0.013758741618162694,0.0278528336068868,0.026787365767789117,0.003341246979526413,-0.004056914179786742,0.01949562437823867,0.007255279458259335,0.01305073247343719,0.03010976254607396,0.029123534362528895,0.03375878892699202,0.007812774349995479,0.022401091014807896,0.01878781922226449,0.007350887495252841,0.016362480885885856,0.023658975647550304,0.004555778280133646,0.0,0.011378433515331857
2020-06-03,0.03957225558719011,-0.0019438183783131642,0.06308060203476046,0.04525652120456446,0.0063491863077312985,0.05238495013544858,,0.04936515371799517,0.06077832961204127,0.03421737519205916,0.04800294380448795,0.010312400736018263,0.03179409429324761,0.04398987613639129,0.047525204280437744,0.035323957673184005,0.08827807915708248,0.04590011613216613,0.031012069032903097,0.03286219591261686,0.044937883583319405,-0.004464398187699699,0.06122904216248181,0.052571139464561246,0.012121393933023306,0.028761767664727614,0.019093546505858587,0.05517563095992643,0.05094006144249298,0.008760014278179993,0.05253729678807475,0.03253877859552014,0.04637604297681414,0.001690670647840702,0.04802384904987967,0.028492014593478786,0.04225984204190627,0.06062467109881238,0.0,0.050873574735618786
2020-06-04,0.013091011275909233,-0.003898709452174423,0.006019512532836566,0.03689312688275191,-0.013807813190494978,-0.006399930889354314,,0.0020047702218003467,0.011724568400351484,0.0011433171123530518,0.042395752218705944,-0.01765635012624739,0.0031103141048941852,0.0073260599305816675,0.02294148149350083,0.02886340064827731,-0.006189903677305156,0.005771873327751989,0.01998221747174559,-0.015524484970568228,-0.004364302048089469,-0.014269843637238546,0.028592802025315864,0.020597682460357918,0.00400803235296117,0.03724283548883851,-0.014285873419176212,0.016730303392231714,0.013333614352493308,0.007123917486549113,0.0271859122799823,0.029686576275867748,0.038523431737711694,0.0,0.04640267794456159,-0.0006484796517414294,0.0008618383350107894,0.025344590954407015,0.0,0.047087401019358766
2020-06-05,0.08093161551425251,0.01742550249666647,0.04904022376588497,0.04847019511356208,0.029506742967977933,0.057693362150472986,,0.03119082487145661,0.05802128778514275,0.029059654116121096,0.05607969430783253,0.020067495535132,0.02797889657963898,0.04921940255264515,0.03644150570758172,0.020855745105270704,0.03165407193780059,0.02416608579608393,0.014327674374502044,0.04797132667196708,0.0541719741358337,0.027603576861214296,0.06369942282612696,0.04401907617721033,0.03536714110666052,0.01710471110080926,0.03995834022737378,0.03991653799144943,0.00264550077058262,0.02079273697628239,0.07383444017772281,0.07567385852888248,0.0862842773799116,0.038115585132840815,0.023904668303720508,0.044818309351472886,0.004297297608815994,0.0458562586771251,0.12931366148484874,0.04686578493463954
2020-06-08,0.006862323107631215,-0.027238920915858077,0.015592218387792232,0.015181207731091575,-0.012539185079807301,0.018018505502678212,,0.028533568533806317,0.021759990551517533,0.012576049767506894,0.03963875664152058,-0.015777004358997957,0.01579781663175996,0.007533279654801922,0.025516354647328605,0.05129340809337173,0.03322276003467774,0.04396309521669879,0.013174598737223793,-0.03810386007341671,0.004509429331623836,-0.014826045449474117,0.03100045594641919,0.019761860961768962,0.041593914997369655,0.012440243653866824,0.04063768603492902,0.025752540197398036,0.03249144585993591,-0.00041703454028886296,0.03152627181278573,-0.024014812721575372,0.07201071553726808,0.03514737266244922,0.004656721790104587,0.016403966940283652,0.02456712258482369,0.04954875667919744,0.0,0.050787971903490235
2020-06-09,-0.05673055910171299,0.00393708187624393,0.009100401096115514,-0.011275872873134092,0.006289205583976769,-0.04411357179630286,,-0.011038312837477094,-0.030043442883174648,-0.007040732852547565,-0.02882427216585807,-0.006134936701017474,-0.004740447977719632,0.004048859942615901,-0.05374420144919293,-0.03796668152425989,-0.005986328273224079,-0.021739881224060616,-0.012348817575263174,-0.04370807668167431,-0.035104574246892284,-0.0029918821897154486,-0.03226070254850385,-0.025984643903959714,-0.02247282183410053,0.004972598694188009,-0.03146336398556072,-0.01136373866638234,-0.014166446609126906,-0.017399039866913164,-0.02090676362890677,-0.021053474615443893,-0.08543362012482084,-0.033522707245107204,-0.007773447538822211,-0.015577330954390841,-0.02028811471477738,-0.04855338245065066,-0.008915306881667806,-0.020925667862707272
2020-06-10,-0.029619228961486187,0.005876336542947552,0.0020883975593786485,-0.05911945787957992,0.0041709631924485005,-0.031598295856848486,,-0.01890822702682406,-0.033359838546181374,-0.010878394128335057,-0.06312771773539776,0.01284033554515026,-0.02071262466442576,-0.004860583948523687,-0.029047543295927472,-0.004081647497607943,0.011046727396815923,-0.012439716088482768,-0.021223270934836554,-0.0054859294648757365,-0.018025599540139273,0.008205927469479297,-0.03333651874302395,-0.04137259441153825,-0.007604716240805247,-0.03451755344886405,-0.018433592226626758,-0.007168476755029642,-0.011741606870109382,-0.012964418108327136,-0.04317244457776128,0.01583144429300779,-0.04138527215355436,-0.019672727324859605,-0.06355517823075552,-0.01855571766310702,-0.018966115698026142,0.0,0.00669386906601215,-0.0937485625128709
2020-06-11,-0.09214067499793244,-0.04188039737765429,-0.10938642248595723,-0.10577861280469272,-0.03710025122588024,-0.09949211993019333,,-0.06216137504361086,-0.08627317916212125,-0.06239792516664925,-0.14355552430837568,-0.037763818191912234,-0.06189032181884256,-0.07896053175715619,-0.08109600405496012,-0.08311479592871775,-0.08050075558247761,-0.0856215731601574,-0.09520225668527703,-0.06878003187420685,-0.0725579344290708,-0.03400398173456995,-0.10290066293795351,-0.08713123321725266,-0.06301294431510893,-0.08841274351295587,-0.07482392187551345,-0.09502256768169232,-0.07774885440893961,-0.05527064000387201,-0.10047026743062112,-0.09705684029887493,-0.12591464999387716,-0.05268843326464187,-0.07877095671264901,-0.0645384729794237,-0.07216834943896722,-0.12715508326762215,0.0,-0.10345501523808631
2020-06-12,0.00788027388427202,0.0060914189440316865,0.00695775037677456,0.03490432565723895,0.008602426718293584,0.04845218530036588,,0.03110798836464169,0.03430063919137012,0.021854869648392616,0.07674663151044782,0.008794124333222611,0.01971011638329189,0.01893229944281483,0.04465026206231613,0.042420863534995475,0.007054822406266392,0.009049854639324572,0.038649699822369744,0.03853110038331373,0.019368951048681332,0.0160124050430659,0.04382321554842387,0.02699562577742216,0.024097617585162382,0.03764897048385401,0.024753840493857114,0.007880539879775798,0.03347599015580371,0.019657129533858283,0.020121365854048542,0.0,0.06193923521645637,0.01901525682327611,0.03203505297347945,0.029853125025790083,0.017617519944282515,0.0,0.0,0.04310374751558177
2020-06-15,-0.002095462361619054,0.017060115565323716,0.003076940957458889,0.01482092045558806,-0.008602426718293532,-0.003384001340405454,,0.0032765592599841974,-0.005045373853350376,-0.006062008852431694,0.013874797504595361,-0.0006256478869662741,-0.0031858184239774243,0.009226497245440467,0.002181062424978699,0.008483514481642794,-0.010600851344037512,0.001500511860515672,0.022201921049697978,-0.01307817693825644,-0.006694569453429223,-0.006069699294679144,-0.008333523631736457,0.01372332015439027,0.007905200816168769,0.02391238821352515,-0.01230035908979646,0.0031346958519949683,-0.00964868418625101,0.0010395684351526995,-0.02828470779575148,0.0,-0.0030073869343783585,0.0017109181208758723,-0.007474051967348003,-0.0067767958164157765,0.0054994020159945915,0.016807062778576957,0.0,0.008544208900511403
2020-06-16,0.06962215188947722,-0.005987994199703085,0.01826533926799697,0.025516505353078568,-0.0010803357064270906,0.03660965212702131,,0.0283070662283614,0.020030736142676423,0.011856606536772799,0.02736838434204982,-0.0037617472329471075,0.014113441731200719,0.017362253709989554,0.0,0.00841226483812449,-0.0017779654433653412,0.0029939868585877006,0.01577327315860759,0.022249412846077093,0.01334461951965758,-0.004576545910682601,0.024794703631704648,0.007968175983256946,0.003929189616777309,0.024177860318417878,0.034066477225689715,0.015528233966942874,0.00414651079472664,0.01634166404026174,0.028284707795751526,0.028437896739490987,-0.003016730664717,0.023649646998002267,0.02552907113829486,0.012641861537308369,0.014519599480496243,0.07490117727279114,0.0,0.010929143670464311
2020-06-17,-0.01627268086325513,-0.004012189177477957,-0.015197735849223622,-0.03149854880712579,0.009682762424720485,-0.03830615107932131,,-0.009406373793211872,-0.007964130864794722,-0.006259454364632887,-0.026991007843945692,-0.0050379051337995995,-0.009627118644868161,-0.0021011788088882073,-0.006557427619025413,-0.02223506691122075,-0.002104939375826578,-0.005997165199538668,-0.016354956696117206,0.0,-0.009573452878779226,0.008374493975012259,-0.015079192116773063,-0.025603782504307282,-0.003929189616777354,-0.016612011260673184,-0.014458059349293733,0.0015397386287408295,-0.019499306235165513,-0.007328010091572656,-0.01606466495329174,-0.01886849290244386,-0.024465971573654204,-0.013445582550676183,-0.016630248043875157,-0.012203308857339683,-0.0036102872816246422,-0.036749380643824665,0.0,-0.03823949472745757
2020-06-18,-0.016794527916619537,-0.007059932188142805,-0.0015327265834991046,0.0015985964234700224,-0.011847363755775466,-0.011955590216027302,,0.0012473124907534446,-0.004006248587447497,-0.011931255633999983,0.0007545045392923956,-0.0037950585412307855,-0.004921245871473772,-0.0050612895971666955,-0.0021954273420744072,-0.010764390844390657,-0.0040608869808931615,-0.0030120233905381838,-0.011462816168218204,0.02382432837235866,-0.008821389303309175,-0.002277151107122953,-0.01671357702261773,-0.00544343835711171,-0.003944888738747912,-0.0037757207999536135,0.00484265674621681,-0.021773854951309485,-0.014164419009605207,0.006890021748749861,-0.02459114632203307,0.0,-0.0031006391422202183,-0.003389855505328851,0.003001370956020549,-0.004174576050916426,0.0018066692989340914,0.0,0.0,0.0036364814583602525
2020-06-19,-0.023012977877106367,0.008064393438552288,-0.027207180399766058,0.008351745779151612,0.004324359120275115,-0.029644665953894107,,-0.00750784627353155,-0.02335117375245367,-0.010409119840544045,-0.002265044681371371,0.010088293170747291,-0.0029062515023462617,-0.013837230035048786,-0.038078469526195,-0.002166613995485544,-0.021884886695090398,-0.007570142492058429,-0.01090090955938846,0.021258128024683555,0.015075234388856015,0.011531415315180012,-0.035743529777022706,-0.011486931339081978,-0.015936535729559796,-0.013755283467033324,-0.02445107462261263,-0.014252094887811227,-0.012922023261173657,-0.006743180511330831,-0.016737034338284943,0.01136384470108901,-0.0188094322609397,-0.015397963716935689,0.031058527181293493,-0.003970705293054133,-0.023745408475364875,-0.010752933141214303,0.0,0.001813333247870614
2020-06-22,-0.008572617681930246,0.02184824845212279,0.03256102413596047,-0.025267361271654788,0.007523004635500419,0.012313209602254276,,-0.0034151893313140763,0.018321163107399542,-0.003335265882626596,-0.016384656884412943,-0.0006272288016880456,0.006816083558300341,0.027068492069051094,0.03146320267123168,0.014001216137479577,0.013221140400357576,0.006060772221489471,0.008838390769560393,0.0006711365258675765,-0.015919835582466957,-0.0023914886857529048,0.020173708760173034,-0.010896208131739455,0.00400803235296117,0.009542990258182326,0.004938314283274286,0.039098143033691364,0.011494473107315769,0.0007351351817851536,0.004210788168053916,-0.009460863072368864,0.015698962218495927,0.0034423658781603927,-0.025553130306893327,0.0033101590590986422,0.02193873917643094,-0.01744856507746125,-0.11620899045813517,-0.009099408893900755
2020-06-23,0.05556273597461765,-0.010864495230833047,0.0015243478594827904,0.006881313564166183,0.0053389087382788,0.006968569987707118,,0.00931912456782582,0.025393386144810334,-0.0009548820099402849,0.016951399213872242,0.005009131792360624,0.004470434439501656,-0.0037625165720255515,0.03264721295433632,0.02116485561361724,-0.00016392577014956908,0.031229171310646443,0.00666320194359036,0.01575180776852299,0.019239443375699387,-0.004799977431268803,0.021172301025351538,0.012122400357180919,0.015873392115346593,0.010706742987164543,0.007362044806522321,-0.007698348424710337,0.02259980313586466,0.004107090739553847,0.04518198380453872,0.0,0.036701198357413596,0.0017167064034478454,0.014637483849740798,0.002640217558819458,0.01792157185955162,0.0,0.0,-0.004397520417750124
2020-06-24,-0.07452561624905162,-0.003980098760645414,-0.02780115915783503,-0.04033471613562258,-0.018270205955980844,-0.04618928314098854,,-0.032266951167665675,-0.04938027024404232,-0.025152222036578308,-0.041254817938067345,-0.010043961699698813,-0.022554593544929363,-0.021378639002450083,-0.04153614171620284,-0.04607144832138948,-0.018729417080120655,-0.02971980104007739,-0.03356822034258256,-0.02948614987478249,-0.02601900111490979,-0.02025193955344108,-0.051587461443646336,-0.03396122356308888,-0.03200281840133117,-0.019823717706931903,-0.027263268799784156,-0.032995961303080946,-0.03843895564711109,-0.015339427293667943,-0.04098926895083668,-0.015325914934543087,-0.04924055174008769,-0.019048360368409456,-0.04845824538298933,-0.028302739355387446,-0.027004205931937676,0.0021978858812583563,0.0,-0.04161771671660089
2020-06-25,0.029860811778930477,0.004972596143831731,-0.007861664217051485,0.03750731268716416,0.0043288704994085235,0.02690750355102713,,-0.004801518968284868,0.036017197473272144,0.006591031086838904,0.0361427163493561,-0.0018945316682913117,0.0029392834196530046,0.006610379785546681,0.04580956246067602,0.048163273370460266,-0.001842370799642294,0.010502677904045058,0.04483390634222277,0.034317014630292214,0.022699393321677395,0.0032679939043312647,0.040351228105210774,0.03426758266179718,-0.004073233607724024,0.03844222165179004,0.0,-0.004803645025191714,0.022956611145595714,0.014753731782237163,0.03696521776808589,0.0,0.046233164805709236,-0.00525845927057835,0.04023149695678537,0.011238578779477728,0.03936083094051376,0.0,0.0,0.046746254198836046
2020-06-26,-0.043783389172682534,0.010853625415472655,-0.004746711856160054,-0.06561825552250565,0.004310463548805095,-0.048967221615759345,,-0.047384287366194655,-0.035500702055288484,-0.03239296692579139,-0.06064840870498892,-0.0031655829705713842,-0.020011461305887417,-0.00939557065082046,-0.04804415329060276,-0.061408467903833454,-0.01282045677419074,-0.030305176429113023,-0.09044995625302509,-0.012342995679632925,-0.029525227375430393,-0.004906062344034883,-0.056659853682442314,-0.056378321419915826,-0.008196789265711341,-0.03631466592055669,-0.012642350866543039,-0.012924426433158396,-0.0420046719081671,-0.023711795878478357,-0.04959713375526947,0.0038535294687758502,-0.030583341380591517,-0.01773089586428028,-0.058241019771247966,-0.028106989897542768,-0.01591531636619479,0.0,0.0,-0.07706322858668757
2020-06-29,0.04300888519699853,-0.003933060365337097,0.017296062891228904,0.010314037531154317,0.0032206354503015876,0.04186229436880037,,0.013495911368652481,0.023470388681248244,0.023104059065398308,0.01421870935555534,0.01635263853008497,0.004249573922725394,0.02353547893471253,0.03732591936419497,0.04984773519830945,0.005418247194573551,0.022814521915606154,0.022370682178077535,0.011685536240751153,0.009797639372709936,0.0016380684397035686,0.04100127763200474,0.0044188953394129656,0.00819678926571142,0.004030240241334931,0.00760458636324376,0.017728071458350182,0.021946827501812333,0.01088844491184482,0.03742655174996485,0.0,0.02150598307204697,0.012444550372650152,0.016873322265692735,0.013698931016673865,0.014159505765969799,0.03133670106573255,0.0,0.014106489555182126
2020-06-30,-0.01012342752881264,-0.019901276905021057,0.003889689309244731,0.015273879408414046,-0.014031621699418836,0.008873021505978443,,0.015768996365868013,0.004026206826282875,0.012689476580961572,0.015978049907858487,-0.008142893539108487,0.014135531790039676,0.008555119848402438,0.01709439748165804,0.006322479686565361,0.015582136994204613,-0.0030120233905381838,0.02122358755782276,-0.003513287542289565,-0.011082693665450144,-0.013179715150816191,-0.010093870221017494,0.011332707127100784,0.008130147787510653,0.022190424742556152,-0.007604586363243646,0.006369535238991905,-0.0014483330139122353,0.0057687447965867585,-0.01646110444625228,0.03774014450854266,0.006060627643827418,-0.007092273707954201,0.04029759422090841,0.011498333017893339,0.01396181017738343,0.0,-0.01679285917738591,-0.003898507766860082
2020-07-01,-0.0018278457066553558,0.014189111147439643,0.018461949820720323,-0.020847350109943853,0.008658118979975855,-0.0070921279456310875,,-0.009089153336371942,-0.02029498404700103,-0.011707896346260164,-0.014785942998095476,0.01869460874330134,-0.012168679883172698,0.006832993238015774,-0.012793324667163835,-0.021232267294387253,0.003650866251532102,0.013483378631722118,-0.000253132313877871,0.05290887899482232,-0.00558780691841487,0.0049627569094198845,0.0,-0.008541283273283115,-0.016326937053222114,-0.014388626694528247,-0.0153849568398705,0.023530453995491276,-0.002902755859610427,-0.005620872659514291,-0.008333531316529042,0.00921670981056873,-0.0030255859831310405,-0.005352276664695825,-0.022597997301044496,-0.012406128540123598,-0.011328947153724251,-0.054658195159706525,0.0,-0.02012280251435701
2020-07-02,0.04522417835755132,-0.00851053515337319,0.02037025388349951,0.0012891201658942445,0.027631951515919,0.03152635544953293,,0.006257529945404343,0.040678404338403445,0.019437151016039794,0.003964518630927223,0.025841270507296992,0.013958791439356065,0.022041627900339887,0.03168168805736119,0.02228213846466294,0.005780973296067152,0.03221371809458003,-0.0008606849405756145,-0.0035532032164928883,0.044676536962261516,0.03007130099585319,0.032789813178289114,0.003243132770056728,0.024391416806458625,0.0037737322890472364,0.012837167870890141,0.019954484431275194,0.014430246054944453,0.010916539584431267,0.044997419770247925,0.012762462646793905,0.04154901772084288,0.017730895864280404,0.015967169269778852,0.013302077447684791,0.02081593124020322,0.09121601747596092,0.0,0.009914820726035025
2020-07-03,-0.005762157549962002,,,,,,,,,,,,,,,,,,,,,,,,,,,,,,,,,,,,,,,
2020-07-06,0.05332615692056504,,,,,,,,,,,,,,,,,,,,,,,,,,,,,,,,,,,,,,,
2020-07-07,-0.019240529064311337,-0.0425177251894366,-0.02499208275577325,-0.02785685922694058,-0.03698251673413019,-0.03136135550506791,,-0.03057654428631767,-0.02142412769962053,-0.028315277782960085,-0.0322639116486373,-0.011799480692981378,-0.013472824303267407,-0.015519599245788192,-0.024243636127203507,-0.013151568857471362,-0.02554025554591315,0.0013956146534094423,-0.039344194138751204,-0.018607031322652703,-0.041407189789452264,-0.026189303914929733,-0.044572018643488184,-0.028616133207031165,-0.008064479753236634,-0.027620823714371308,-0.0227569477696071,-0.03569030508571649,-0.013966691360066527,-0.015918522058593506,-0.039067397792732196,-0.01911443264670601,-0.040119838956448786,-0.02443409284900987,-0.02052610451819503,-0.021227329080380386,-0.018613087344686686,0.0,0.0,-0.04124711934339831
2020-07-08,-0.028573226971493153,0.00503779293805624,-0.006925828963354693,0.0039038864224674274,-0.0010770204777514165,0.021016534308672178,,0.009234197788368937,0.003362834717610934,0.0032137189512630874,0.011067429271054467,0.008274359153651916,0.008460544084938874,0.010105056079854983,0.010172967975406007,0.018164011019869544,0.020959087238828923,0.01933772273827394,0.014392514018644123,0.014707714347410191,-0.02094955865916888,0.0052929122717066636,-0.018118970063450406,0.010559445366216036,-0.012220144024594091,0.029462372782340762,-0.01028293507785038,0.0031546686852659354,0.012578872026383345,0.0019117188247095112,-0.008000073641017107,-0.033901538689297385,0.002919754884738352,-0.008873095460283018,0.02778847989226124,0.007873156557240218,0.013570911416671999,0.0,0.0,0.0036728838493522956
2020-07-09,-0.026074206189545333,-0.027510495700655634,-0.011650445347338969,-0.014388861924892537,-0.019587080443209292,-0.029905634523361063,,-0.02238337660092765,-0.03713162934013708,-0.01667347657819989,-0.028507895829521606,-0.02262009720177647,-0.019853012920808932,-0.021134681194299343,-0.03292471558510668,-0.028399424645553964,-0.016120281640735656,-0.02493190598861366,-0.02716424648374726,-0.001646546529718914,-0.023945814252889816,-0.01826522833618172,-0.04311007209903146,-0.021888422366880506,0.008163229844807322,-0.02904167112718642,-0.007782127310020329,-0.0079051648076472,-0.029600432156856447,-0.013311681899858235,-0.02851492983650344,-0.0018165610311973645,-0.05390537416345796,-0.012556253139779192,-0.051982360688200814,-0.01867719794775569,-0.016992809065473825,-0.0030816564240423,0.0,-0.02099272849227798
2020-07-10,0.035771928376659365,-0.01982328125128964,0.003898480035874498,0.05344309243491708,-0.011049904281286436,0.07065849096378694,,0.0274351524981979,0.04430015072536816,0.02551888565651107,0.06270423578943837,-0.010895973472299878,0.015408999805836316,0.01771035601235514,0.052965575408581884,0.03834999549677855,-0.0008047837945409204,0.01392767559111602,0.04339745273752603,-0.0033010790627404254,0.015189960735385992,-0.013921355735232637,0.06260950219327936,0.053225013576570626,0.0040569141797868235,0.047074941945511845,0.015504224626635222,0.004750496122381256,0.028210579609373416,0.01946368756274087,0.03651500347752062,-0.0018198669314578215,0.056816541630711606,0.023194629591064955,0.0391208717474313,0.019924967939323142,0.022034984993488663,0.0,0.0,0.0577820098892085
2020-07-13,0.008378586909053753,-0.008465732013686854,-0.005462054944571818,0.007052504593541364,-0.007808206689609699,-0.016779203524222915,,0.0031677046085257727,0.008534952887103344,0.010221499819151336,-0.008584068481280384,-0.020910896072348667,0.005182364636211942,-0.002019977264291237,-0.013986249364488399,-0.037321828796081015,-0.007110597381614589,0.037996449505632975,0.01602195365068302,-0.028720091235614042,0.00041885293535783106,-0.012539303150583358,-0.005532738844046853,0.014232981976026418,0.0,0.008398380878945098,0.005115070554275365,-0.00633915425011946,0.012439778176190186,0.0021881723668877363,-0.01202412482376782,0.03753796665195247,-0.008759139146185905,0.0035210645006274496,0.007303146109449493,0.012170477209493328,-0.010956849799433187,-0.012422478913009577,-0.030746859688902277,-0.002358480129833912
2020-07-14,0.007335097003059784,-0.009610398893236626,0.007017529355745384,-0.002069220768794674,0.007808206689609795,0.011774784948212918,,0.0085217344155455,0.012200822556959175,-0.0014537709208570597,-0.040063792674445306,-0.001866487698411543,0.007357159753353735,0.01703983608225192,0.023858013600004953,0.029369374966980874,0.006788466668304635,0.018470191466250584,0.024262930955083504,-0.015431122538665569,0.0025084397080773015,0.0007883645459657132,0.012405373209248984,0.005718331717847951,0.020040703405375573,0.005559837624013921,0.007623975524643584,0.012638570974288133,0.03243513302635938,0.01432229289875844,0.012024124823767853,-0.028471765173533704,0.014556258848112971,0.00525845927057829,0.006173970799762832,0.0022380840512764314,0.03005246347935697,0.03379733085924916,0.0,-0.046726335707891975
2020-07-15,0.01666911833689863,-0.010787433083056675,0.019238678249469943,0.018875930522954408,-0.01342312038284076,0.01658403391495906,,0.03195051522948354,0.030319493950993554,0.015399400033314404,0.033143597346519366,-0.008755344416437466,0.017295864531873845,0.022017842235509663,0.023301974775248032,0.016823678306545863,0.014393329833501422,0.015564548858186901,0.013413692401909203,0.009244280825309203,0.013272772045085694,-0.01909375686955514,0.0389573722055366,0.015358500231796867,0.019646951753119583,0.016691686478004595,0.010075592616806657,0.010928953288916195,-0.003997335630596967,0.017654192778442546,0.0197244694612084,0.01611511242123975,0.03409405527756389,0.01216360791906238,-0.005399994410308449,0.02144903147050843,-0.007428917926758017,0.0,0.0,0.04436245213174515
2020-07-16,0.012381020957636756,0.004328931974521882,-0.017685926555332288,-0.027613479492857227,-0.0011266942919051141,-0.030052250965825787,,-0.007352350228666521,-0.01412660798369334,0.0047642195232570385,-0.007357491261900371,-0.005669296892137204,-0.0005763501271199977,-0.01134185230267781,-0.007707150695842458,-0.01482965553781084,-0.016166816452178746,-0.007752165857651414,-0.010334527675432718,-0.005794446535156152,-0.006614420582552216,0.004807670043730569,-0.013262868875845614,0.0028036201235706708,0.007751998054363135,0.024811303171936958,0.007490721332137077,-0.010928953288916105,-0.005354758674802709,-0.005944624510242774,-0.01972446946120837,0.010600696927663036,-0.008415074340686623,0.006884752449347049,-0.0018582514360441275,-0.003506722205699801,0.0,0.0,0.0,0.0043297840223434445
2020-07-17,-0.006647789357958488,-0.004328931974521759,-0.0015527516941376562,-0.030118726217530697,0.0033766072112520955,-0.02054856924270821,,-0.01122175450239386,-0.00598375981310289,-0.009791350278555551,-0.024391274808400615,-0.004431832523899529,-0.0056387342270715676,-0.0015741961193498776,-0.0038758921215226,-0.0069965449294354855,-0.005825981731523906,-0.005201438990554592,-0.015302811727528658,0.01749570494464956,-0.020956315794871474,-0.0016000651747017573,-0.012088680693744648,-0.018671445665219655,-0.02343863773006194,-0.004378517857001409,-0.017566313948943868,-0.003144748038902929,0.025183540691108987,0.002551593713488459,-0.008000073641017107,-0.030332218523336018,0.002812815965652276,-0.019048360368409456,-0.04452930114157863,-0.0035185294806621505,0.0,0.0,0.0,-0.020234493855398668
2020-07-20,-0.021184959456732287,0.011859818997423855,0.0015527516941376978,0.015385034791805858,0.00560208733348613,0.008613169625554735,,-0.002916515367786026,0.004146509085478153,-0.006983460224078025,-0.0015944136644242242,0.001268087305474115,-0.001306011203061231,-0.001182550841241492,0.0,0.020844470463435842,0.0003243175164432784,0.05701349177955925,0.0014185390300961837,0.08568853822320914,0.0008466534478958126,0.004792422898786339,0.012088680693744731,-0.00879961754497474,0.011788087175875072,-0.010549819930795507,-0.005076186555663172,0.0,0.014295320381113747,-0.007105226119682769,0.008000073641017173,0.0,-0.002812815965652179,-0.003502477375506799,-0.022118868962311435,0.003299209539488202,-0.004150926139825956,0.01697491087238325,0.0,-0.015347850064828684
2020-07-21,0.00024328271238193406,-0.022765205463993136,0.026790738194829296,0.035003409569875014,-0.01690162964063773,0.008539810616015307,,0.017014075465434913,0.012337353467989826,0.013680721250120579,0.031218854146267273,-0.022429500871565717,0.01641530121865512,0.03640291670047253,0.011583042817365084,-0.044184212610089806,0.0016213602694655602,0.009803912745460977,0.0014629677622340638,0.010428818709068042,0.022181351766796312,-0.025011376094160976,0.010624420917797573,0.021453421302987354,0.00389855249982365,0.00997715120100202,-0.007662859523255549,0.021807677857840775,0.01790326913035015,0.013738397523870152,-0.01606466495329174,0.039081138323325194,-0.005649734697973113,0.001752816012594895,0.023576367923852908,0.010919479500044342,0.023839846216329116,0.0,0.0363088865799659,0.06423321467613967
2020-07-22,-0.0349003302970684,0.0,0.002263284022140493,-0.0045145083906740265,-0.00798645854370798,0.008467499339525454,,0.0016137778316779416,-0.0013634063403939328,0.0014292449740925819,-0.0013540886592982426,0.001295283169734573,-0.001143169917804568,0.004931499234176603,-0.011583042817365127,0.009197950340880218,-0.013208507567180934,0.010915919766345488,-0.02880446395927188,-0.037784675769045394,-0.02514823222662028,-0.000817475830442068,-0.01329823454264306,-0.00726895621275811,-0.00781256132017334,-0.026699173400168297,-0.0077220973166148696,-0.003086416601398841,0.020075931968340968,0.0005628174088362943,-0.008130041875780758,-0.006992963975358124,-0.011396139116704443,-0.0035087979076664074,-0.006493397005104189,-0.003699496822608293,0.004053522622962881,0.028308428687040137,0.01416244168177962,0.002287446564518186
2020-07-23,-0.01650844659229576,-0.014356872430891036,-0.017484454047461982,0.009416456478353505,-0.015003117102764718,-0.013582648906423118,,-0.009903967857330349,-0.009136696399971174,-0.00501135072062932,0.008097346216232823,-0.01828910660778076,-0.00028622628352803286,-0.015637123804988384,-0.0019438145932905238,-0.021594718417316923,-0.01188927740304089,-0.017032133310158435,-0.014571675370747217,0.0005984473476559163,-0.008953140067164826,-0.014827310920323827,-0.004024080885633414,0.002934103314586433,0.0,-0.00866501880695471,-0.0025873408161214344,-0.0030959720685977033,-0.006230448253267981,-0.003097587330368871,-0.02061936708810368,-0.019486925738238594,-0.020261149176119122,-0.008826105911291297,0.016315566613648164,-0.0048074544534097265,-0.01631352477270795,0.0,0.0,0.0034215544987175437
2020-07-24,-0.01496399109924674,-0.007816819000994173,-0.010794044404082555,-0.007772433299772294,-0.012873376432497644,-0.01550423696422409,,-0.005989486871410606,-0.01293308835226907,-0.01009861550358402,-0.007903910485979415,-0.0006595278042888391,-0.00516180228685815,-0.0059759588812010695,-0.003898632377148329,-0.0010399294266539142,-0.010856002872819575,0.006116213543813019,-0.0076640291142580355,0.0019919694658271825,-0.004722254837520255,0.0016584424950963448,-0.008097162891251695,-0.007097240883566206,-0.003929189616777354,-0.007544240435191894,-0.005194786493898891,-0.010912013444834107,-0.0037571381963910255,-0.003787439472937517,0.0,0.0,-0.017699672707704464,-0.003552513288293189,-0.0009620042266613924,-0.013230805954127949,0.000821976002870088,0.0,-0.06287328391909978,-0.003421554498717443
2020-07-27,-0.02074916867701558,0.008928467826826554,0.007722032723383723,-0.008661683962154533,0.002353059249711698,-0.012227177516349061,,0.010863873617067971,-0.007934846051651161,0.0024133893634231546,-0.0073813282651696175,0.00788445362043893,0.0014363629631854466,0.0034743882736627675,-0.011787856598333082,-0.006262966803111789,0.0005036790759631738,-0.006116213543812899,0.00766402911425804,-0.03441634437449764,-0.024832246954882405,0.007428793556487834,-0.0013559399970109868,-0.014140915704172351,0.03481976100004604,0.022464002105864852,0.018065062387870746,0.010912013444834117,-0.0050314509738759615,0.0001430502585569575,0.0,0.0,-0.021053464321842633,0.008857554698957087,0.007987321921927231,-0.002667104266736269,0.010625495497575516,0.0,0.0,-0.02976078353967767
2020-07-28,-0.009600204611266473,-0.006688986546655002,-0.006947212095038162,0.009072335659125604,-0.01301024038355577,0.012227177516349145,,-0.005236011935728928,-0.005639125505009046,-0.007258459697459161,-0.0003900529261254828,-0.017828108411148975,-0.00561438316960768,-0.00347438827366278,0.001974292778573457,-0.010526551556320358,-0.012158308736000935,-0.00491993308613477,-0.006919950588485466,-0.0010303641803578493,0.0035226718444581052,-0.019095477231324473,-0.012286818743565629,0.004324912629392764,0.01509457190812749,-0.02087105256754754,-0.005128185935308533,-0.010912013444834107,-0.0037901763935657556,-0.010650387277251124,0.008299070439655576,-0.023530303116409832,0.006060627643827418,-0.003533594963672512,0.0038113101286657526,-0.008493574315218846,-0.018048286830931733,0.0,0.0,0.0015682330712280897
2020-07-29,-0.020301127319648525,0.003350006141694645,0.04023285847786576,0.03667527676619694,0.01301024038355565,-0.04437280413214868,,0.018829336845556727,0.005170447966120102,0.014225697762416029,0.02408833310363208,0.009283786521501912,0.008767477302306278,0.02369241713359712,0.0078585699900143,-0.024639520194776464,-0.025465896857758557,0.020745116758262436,0.004750422892541645,0.004320413348079105,0.03540939778818452,0.014149085131600233,0.013642758740576681,0.02396055798588289,-0.007518757804574575,0.006544294223301692,0.01783479406057228,0.03390149022822378,0.02376594032745934,0.01036419927698779,-0.016667053968035153,0.0018295623547799852,-0.012158210581172864,-0.005323959735284602,0.020396012489644542,0.00827090441821838,-0.008312622665980337,0.0,0.0,0.009744688322162888
2020-07-30,-0.03647894653861965,-0.013468052837539995,-0.02868090811862972,-0.017162466477099656,-0.016588109942605872,-0.04263858188733481,,-0.005343717633786571,-0.044089545987941306,-0.0076905197047808715,-0.031920675059673644,-0.02337319521520439,-0.00430203359645953,-0.016180086728144374,-0.05428460497844717,-0.024150571103665884,0.002089251697219828,-0.020745116758262364,-0.015170394860243562,-0.024523079193052813,-0.03496997891373608,-0.013311297567475686,-0.04716544541218762,-0.027047976197063502,-0.03455237666647204,-0.02601231679209857,-0.033379185947013744,-0.02609515993780273,-0.03138975941767398,-0.00632092605339436,-0.05617029246603206,0.0,-0.046956863044520604,-0.028882786889090736,-0.013918232990060175,-0.008944764053690818,-0.020236697804176116,-0.15479255255758176,0.0,-0.04482233759634629
2020-07-31,-0.003978462312716378,-0.011363754946418383,-0.02167257580289015,0.001608796363620906,-0.01201918837902823,-0.00760460021238148,,0.005780516415398629,-0.018793858048240047,-0.007993001561440356,-0.006974398968976965,-0.017036310871437563,-0.0033110092419117373,-0.02565742304492663,-0.02510602563924567,-0.0089286499587143,-0.005230948345308909,-0.01615943533178416,-0.007899844160589784,-0.016546920737915173,-0.004844612890930518,-0.022872632200635384,-0.020086871535778768,-0.003924457490490664,-0.02371659055247368,-0.0014306948109829498,-0.023779216743400167,-0.022013428968816494,-0.03240739358217042,-0.004332729173046985,-0.06424237726444007,-0.07791210579552886,-0.042559480559843134,-0.020352312272942222,0.004556519144129685,-0.005405210287157486,-0.0051236934995262905,0.03857217329017665,-0.010033697689560389,-0.015948009596442266
2020-08-03,0.020293789611597595,-0.0045818256746853895,-0.020554235612346754,0.004411574441432528,-0.0036343014784360242,0.026366985026144443,,-0.012323756819393284,0.038682993552994316,0.0012149277515604551,0.007569833123180222,0.0,0.0021603929964595908,-0.009296773254989643,0.027169888519878914,0.03307922106238019,-0.010015078070369754,0.009975220966148697,0.007197876784244858,-0.021403762962528917,-0.048392806508739686,0.003421809415479377,0.024339204899880038,-0.00560310845698694,-0.004008032352961194,0.011795806598244493,0.015915428194925512,-0.02739892498284477,0.02729201132014702,0.000723482837837973,0.028039390114020395,0.007873976574145378,0.003338752012781148,0.007448871657122328,0.008274212074691346,0.004956044392401276,0.013605531185398883,0.0,0.0,0.0012360132206999973
2020-08-04,0.013854463224456381,0.014814998617436315,0.001596124839517575,0.0007998494018482305,0.0239819401083538,0.014760625155067892,,0.0,0.025137609227183402,0.007260525923520677,-0.004973534934813386,0.029792249881877668,-0.0014398144271838035,0.014402874036631935,0.026451321846337496,0.003248520544594735,0.013679497001424184,-0.004975255571830243,0.01122142713000125,0.01194746214815522,0.015175985369644948,0.01693511455840121,0.007046994701508812,-0.005739739802794956,0.047067540007150944,-0.004051766753087574,0.02340818043491612,-0.001635421670740191,0.0038389637850328377,0.004185572714235826,0.036202987150419655,0.0,0.05195975919594138,0.022019286024061047,0.009131033880109544,0.004484121700336819,0.013422998354096426,0.0,0.0,-0.0028859604967083905
2020-08-05,0.0032965523765338045,-0.005672244682659949,0.00952382468388227,0.015079612050447031,-0.0011853807423592637,0.021739777064458603,,0.02164624625462561,-0.005165528418137782,0.014602250665393718,0.017790449683814036,-0.009383346344950597,0.014022114008745642,0.014584654908025472,0.0,0.009682484295281324,0.008153555011146877,0.009925715779107178,0.014181669613719963,0.0021570530333442956,-0.00411617799130099,-0.002522052979538348,0.01671357702261781,0.017223865524045895,-0.015444364601892404,0.01030012212841037,0.005128185935308601,0.0032680721246501564,0.005095450133380123,0.01699413275398812,-0.017937831506013364,0.023257041172672285,0.0,0.0,0.02780268262816964,0.012892179561529176,0.017348722015720096,0.0,-0.01609510101235902,0.007404446599488625
2020-08-06,0.013891096313300348,-0.005704438587118758,0.0102164822636317,0.003146081133696784,-0.010733612509009597,-0.007194275634027085,,-0.002680391911215588,0.003290251764642066,0.0037951732827072484,-0.00294335141033356,-0.006078938747201421,0.0,-0.0011589332926290892,0.00400801259821824,-0.012931004839876182,0.024743017576815456,-0.003710752351564958,-0.001321074312547897,-0.0021570530333442244,-0.020371147223128123,-0.006756758106609123,0.06289697181495897,0.0003083931524945961,-0.00781256132017334,-0.006450521855752933,-0.0025608377612354443,0.0048819182578497995,0.005069808057172454,0.006914806006610566,0.004514761589559296,-0.017391719264232004,-0.012739030648879325,-0.0036363906839015077,-0.003001003758897866,0.004187389721599661,0.002454014080646278,-0.010869615253437173,0.0,-0.002472340758154367
2020-08-07,-0.0018951496873763352,-0.010350948205272863,-0.002348426412948484,0.02481720430135915,-0.01449302631952827,0.0,,0.0058870467008211936,-0.0014086737675271471,0.005901174927290708,0.023882514947119897,-0.017772215377983007,0.0062324150952071675,-0.007176830054621694,0.003992012540330818,0.0,0.011229631567839009,-0.0024812859204507167,0.01949066623073922,0.004739195681619459,-0.0018727174880662889,-0.011078112887733142,0.017995446022481064,0.021768812379688255,0.0,0.018036336021846757,0.012739046078918738,-0.011428574545740788,-0.01016525819055265,0.002668409551449949,-0.013605767994546408,0.0,0.012739030648879391,0.012669797382571887,0.044530251248835716,0.00657591239813562,-0.004093344132161931,-0.03900212270416093,0.005960060972719773,0.03366800708750911
2020-08-10,0.0499509415767045,0.01491716468977464,0.023238806041153748,0.017087777841272446,0.007272593959589459,0.007194275634027231,,0.0202489363854343,-0.007073991585380393,0.01957649879417265,0.014098067065862563,0.010291701248803244,0.013882327553916569,0.02366177995000152,-0.00599404867225911,0.02145997718726951,-0.002503174495118122,0.002481285920450745,0.005315582293078842,-0.008416924795524533,0.016268270344083274,0.005128243113136837,0.011399807014002963,0.012598657506484038,0.007812561320173429,0.00455795639189864,0.007566164310879887,0.03231293081682589,0.012690413960770922,0.010186303595161993,0.01810004659846829,0.03448623103707553,0.003159608835821919,0.005381258117483351,0.004302910383602807,0.014317155265432717,0.007355960743005114,0.0,0.006768132768048465,-0.014868748786753134
2020-08-11,0.04190418428308378,-0.006857085247730099,0.014443374390942199,0.013463200270212116,0.003616776575068931,0.030011028665475087,,0.015394175731530072,0.028460139714824507,0.00918908173867627,0.01688295911986985,0.011537243127164672,0.012592888058717193,0.020696910444135356,0.03350056204228305,0.014752669306787473,0.004667430918305038,0.018416767508479214,0.007991407250167665,0.019318057429246357,0.03621940808825359,0.014388663565396496,0.033439579214303454,0.031109238536109186,0.03442031699522665,0.02344767471694257,0.019901223993261958,0.01889807049025564,0.0075376208506201595,0.019113671512960822,0.039565319298544184,0.05673959145153983,0.03105822355981947,0.03169272992603619,0.006846153607185597,0.022152131277965573,0.0032519133666489633,0.0,0.08869625738315216,0.024791308197694307
2020-08-12,0.07773896073529558,0.015927439268034596,0.031206105731226216,-0.007082914152054438,0.016706797741812707,-0.0017407940761858616,,0.01870478724266542,0.020487884322740863,0.012498417174573631,-0.0076561338683898954,0.014735663472334487,0.013793163091495492,-0.0013044889359826646,0.019194551921497372,0.015568360344120668,0.023503523320640797,0.010889664319060167,0.005057053356666486,0.0023358930523253393,0.027627481549616875,0.012526179137717738,0.012106670183145677,-0.008512477283806885,0.022305723302159474,0.011521011532772643,0.021925383051380917,0.03675780373647789,0.008722973370760747,0.007598434458826764,-0.004319370841958212,0.019384000309198877,0.0030536678209409696,0.012058749949686245,0.011729164240688983,0.01629774530681726,0.016103451032702415,0.1167724792131768,0.0,-0.005147521219829126
2020-08-13,-0.025247357145707444,-0.01135093782836547,-0.027439678695581466,-0.014318131599860532,-0.008318466425514716,-0.021127448879668036,,-0.009308619578939015,-0.013155133786144926,-0.005888711565927049,-0.008659366721795764,-0.009352197217375399,-0.0046221809322912625,-0.03356084639000893,-0.011472448948991135,-0.016614935087081055,0.005830879428382955,0.010771800004979308,-0.017788082713443808,0.0,-0.03431971970825014,-0.004991658866901605,-0.01332553008291109,-0.005552401717160064,0.003669738753373082,-0.003825461565917653,-0.007255279458259324,-0.028987673760093164,-0.0074720050511140855,-0.0016236178823724513,-0.017467634949702,-0.014060030325385605,0.009104542760232093,-0.008598516821801403,-0.011729164240689009,-0.005194998153015191,-0.008824919700243777,0.0,0.0,-0.006771610941450046
2020-08-14,-0.035334440650393054,0.009091050593337837,0.0,0.00454363610117097,0.0,0.0053240336866115226,,0.0018687507952744723,-0.01611089234608784,-0.011423472907772106,0.0007559337257137286,-0.000671290192456555,-0.0005452090980265371,-0.011832093073789261,-0.017459221229602393,-0.0031464279698879037,0.005457960972717596,-0.024097578692647705,-0.00201744022714487,-0.010232650111919787,-0.0026890438196384243,0.004161405065877373,-0.008573026058691586,0.0003904485700922927,-0.00735299410688032,0.002296577007813018,-0.007308058786599474,0.0,-0.008788589170266979,-0.004341667686460674,-0.013303952469433025,0.0,-0.009104542760231935,-0.0051947194510025335,0.0025555246283711698,-0.00208541787453356,-0.006467132811323963,0.0,0.0,0.011128710413791907
2020-08-17,-0.027095178475830112,0.01682596642033536,-0.0022580739626242947,-0.021769028787551305,0.016568391450776182,-0.007104927246958881,,0.001187181026223212,0.000464019231371025,-0.0043753144395508505,-0.028943077557407056,0.019947500772092588,0.006251962521130808,0.0023387380056440472,-0.005888167364376793,-0.006322479686565226,-0.006827230722568844,-0.007343826963037086,-0.023843153650053666,-0.017290237579115058,-0.0035973565400565354,0.019737703082710528,-0.003697052038480684,-0.026718502168035035,0.003683255353507144,-0.019695264699010805,-0.00490200276461921,0.0,0.002518889920963029,0.0008154799659388362,-0.013483401230932116,-0.017857530116968473,0.0,0.0,-0.018892919744518216,-0.004393665986711968,-0.0032493649611506914,-0.034983044742568845,0.0,-0.03335642853412893
2020-08-18,-0.006010436758417506,-0.0022273315791280683,-0.01671784763438625,-0.014388726350472463,-0.009434073730835529,0.007104927246958748,,-0.005439396370664243,-0.013072025551323013,-0.001154624800603861,-0.021227264601888132,-0.00594256289355006,-0.006524543920831303,-0.0037054486849792587,-0.0118812277485507,-0.006362825126729619,-0.01329964403066569,-0.006161352013422488,-0.008704692055191079,0.03639108103072367,-0.01406238898446023,-0.010642837282243859,-0.014925649578350974,-0.014038522847988661,-0.0036832553535072624,-0.007044985366648733,-0.002460042041903012,-0.018750321430955293,-0.001258557235977403,0.003932371062897451,0.0,0.0,-0.018462067955642456,-0.0034784609258562884,0.006624538823081743,-0.0069434854837672425,-0.012280265291192348,0.0,0.0,-0.017728555509280097
2020-08-19,0.01866420502492631,-0.001115368877379363,0.02944702828905308,-0.0011760328446655155,-0.008328450250889565,0.0035333705926636426,,-0.005640515717352295,0.011214906232468036,-0.010451758146945513,-0.0009937911927488641,0.003965566627094756,0.010715495745930947,0.011075587547874787,0.0019901587226951144,0.014783830586604171,-0.003974727222188044,-0.003715182019123569,0.008458527016540082,-0.00802039767503677,0.0027371305011322537,-0.0024721730491552413,-0.003766590756669051,0.002336820807006363,0.007352994106880329,0.008798459362568817,0.0,0.018750321430955206,-0.003785488455203716,0.00040608173324821283,0.013483401230932154,0.021391255980111337,0.0,0.0034784609258562103,0.011133412882892423,-0.0027490394529347947,0.000823518726718535,0.0,0.0,0.0012467218939512363
2020-08-20,-0.037171582799117704,0.003342700456507394,-0.004474057275909156,-0.0158105051137195,-0.002392204491610284,-0.00885740427927516,,-0.010684072795200984,-0.013567432427216707,-0.0072643503557703725,-0.01421873120827355,-0.02133411872701512,0.00027000951125007963,-0.006980955897601909,-0.016032523142876468,-0.021187164714642007,0.00892122580334972,-0.03407268080752598,-0.0057795247752674885,0.011168670928770875,-0.010533543610661047,-0.01663928853416516,-0.008843814476493284,-0.012045979482615852,-0.0036697387533730142,-0.011158161109227308,0.004913924480212296,-0.0015490883434109808,-0.019145421880332192,0.005531095347581956,-0.022574407635919343,-0.05809263909714119,-0.015649823425117823,-0.0034784609258562884,-0.036425451970379774,-0.0006353027418842177,-0.00992564710453099,0.0,0.0,-0.013383728042028933
2020-08-21,-0.0030753904087063985,-0.024776034096054517,-0.015819543211332936,-0.004792407608080265,-0.002398201704371794,-0.0017808935603473499,,-0.007826639204846837,-0.019981648324896233,-0.009214277193277297,-0.005663227702071566,-0.004051250846021517,0.002021222250507753,-0.01648976251709473,-0.020408982564705216,-0.017278966650782837,-0.007760392512371678,-0.0012846385694681506,0.0028690126801900924,0.01414919579648693,-0.003689909232670245,-0.010118123344640058,-0.021809839442336672,-0.0005136290148611927,-0.01109071672743876,0.005888488063775617,-0.014814998835410003,-0.017201233087544388,-0.002580837228949706,-0.0002689365828677141,-0.018433508212452137,-0.028437896739491014,-0.02556069985062987,-0.014035232304412122,-0.005609665984733781,-0.0008479038891080664,0.0,0.005222012335722561,0.0,-0.0046420272126943924
2020-08-24,0.039753658806018465,-0.008013860511825528,0.0158195432113329,0.028026467254674465,-0.0024037925893670665,0.022908342440015432,,0.016795141900276665,0.027957380855832156,0.011093967249510193,0.03507711564831875,-0.0006768394375476848,0.008577886693345697,-0.002007705941572902,0.032457295032920844,0.04369377662668649,0.0021526417203794543,0.019096653347231894,0.023965806872539457,0.026706381093300074,0.027798440627005355,0.0,0.04066639658635734,0.027765378222168534,0.003710589481785622,0.024549365519407246,0.014814998835410032,0.007855387790598129,0.01665645105210933,0.007774757027169338,0.03203927620699853,0.011472385465767185,0.0412105232757477,0.0175136932302685,0.02036835911296999,0.025953767397873015,0.01975374320247804,0.008298859937446681,0.0,0.035324632525084866
2020-08-25,0.01736194359161652,0.006872877594206677,0.02363460558786105,0.01199464270861996,0.004801994293738742,-0.006992936515952557,,0.05690095373133028,0.0027997268825693455,0.0,0.01148890619615009,0.007419866860021554,0.007313573896530759,0.013969476460578707,0.005970191671677699,0.005200116157919934,0.017380248533116326,0.012531629946840041,-0.006483619406714776,0.007615272557109455,-0.008575958963451428,0.0025391298924754974,0.022168435664430046,0.004387971713427348,0.01834909614574724,-0.006129291195247382,0.01701145857116865,0.03081902426643327,0.012626414801266713,0.014581291536586178,0.004494278603922031,-0.025025367964706672,0.0,0.01721197913974884,0.001883930498886909,0.011708109613951283,-0.003265280105366539,0.034520997751429694,0.0,0.004888027724583124
2020-08-26,-0.0055911718441079535,-0.005723948024098504,-0.0007300286923069638,-0.017067857959512933,-0.004801994293738815,0.013937707202409331,,0.03035377880759263,0.013882808904459684,0.012132610862094067,-0.01560996796621355,-0.013531929949980159,0.02731280521647135,0.003758357701280279,0.003960392624627523,0.01748120258730527,-0.013912816784655625,-0.013793322132335873,0.00590474157275891,-0.007414132401517009,-0.010938945539708665,-0.0110498037202923,0.007281709438388887,-0.014129458643964282,0.003629778034110336,-0.006553451246153617,0.002406635540877133,-0.015290790299490332,0.011229143247504993,0.014631090463371313,0.004474361037450861,-0.011764931335906547,0.0031006391422201676,-0.003418742866944774,-0.015906823716338666,0.02997308400102828,0.012190256443325989,0.0,0.0,-0.023433626888896046
2020-08-27,-0.005377744158024125,-0.011547634206417311,-0.00659570983344685,0.018989192125305917,-0.009673724650096461,0.0,,0.0031422791762019775,-0.014348865076186334,0.016787736284039456,0.016964432799085022,-0.013717657038835483,0.021679059817882734,-0.00613927422727518,-0.007936532344339707,-0.00818850816333218,-0.014778349013388797,-0.021698464172794318,0.014040701560887466,-0.0062545672481468416,-0.0078216444105128,-0.005141426228927557,-0.012165751506458383,0.032369930743633306,-0.018282002287711718,0.017254985980477477,-0.01696997378573592,-0.003086416601398841,-0.009975226123601317,0.005947957539941563,-0.004474361037450911,0.009813469288130728,-0.015600899820127443,-0.01032709335942254,0.018509579089946167,0.0019799136892763225,-0.007296325871432759,0.0,0.0,0.02262048047730355
2020-08-28,0.023974970105074496,0.00347842949289691,0.006017954588702801,0.009551265902984586,0.0012144335779813201,0.028987485966846874,,-0.008664891153926893,0.047790812344559695,-0.0107761290105963,0.010769100786992296,0.006882350099325077,0.002519783414109652,0.007125810475878905,0.04670106529152111,0.016310397482427356,0.02461912072611378,0.012820658827511716,-0.01167878238845039,0.03343603725903516,0.0178534720372198,-0.0017195784310695104,0.028952644278584426,0.0040950879610449345,0.025502270012790124,0.005308038821244243,0.026539428811431124,0.018377206900889176,0.024753892922948353,-0.0047812709019094774,0.039565319298544184,0.0,0.04609098899287704,0.028987507130117187,0.012342199931118887,-0.0071458791909787735,0.0056795248995388,0.003984158124309516,0.0,0.004058696043577406
2020-08-31,-0.045779627320413026,-0.03533952347341714,-0.003710687264979133,-0.021522832296013976,-0.01960846877754275,-0.02209100589246609,,0.005837079538886123,-0.03298246719711343,-0.00369501654178793,-0.0224382692030949,-0.03916592605468172,-0.0015110955592840456,-0.010110110123795098,-0.036790240168607935,-0.03707950792861559,-0.0009796588384862934,-0.025807823978877327,-0.007731186455884562,-0.02959799177924218,-0.018777715058473986,-0.04398250158216344,-0.03879270784223897,-0.02542497953671171,-0.014492954910391693,-0.01198289011009323,-0.0047733106755378195,-0.0015186945382117875,-0.0197537949306748,-0.014088428618733936,-0.03956531929854417,0.025073848383762393,-0.03982137361938606,-0.011834405478488796,-0.029235138492435135,-0.006795774506351607,-0.01713627146401273,0.0,0.0007713918343625356,-0.022114032254615782
2020-09-01,0.0035008358969745505,-0.02673296690195434,-0.01952000301965021,-0.0011661753939345028,-0.0024782595176720255,-0.03853376616858308,,-0.016015400897207935,-0.018544761060254076,-0.01609388789743835,0.0015639500320043418,0.0007130341203154119,0.0031455224114770707,-0.017891777651534935,-0.013902837663243961,-0.0010498711702757867,-0.003436789547843596,-0.02917988099143608,0.0028759359231654044,0.033115043241278175,-0.018194796135414526,-0.009941485536924342,-0.0061998533013270275,-0.0004992572941426367,0.0,0.006104386552848942,0.0023895033969158165,-0.016858512362677405,-0.01254719949248811,-0.004344682105587535,-0.013544277332412152,-0.04479804638009732,-0.03174871041856093,0.005088974275995939,0.007170651062099084,-0.004220779565480394,0.003286838894835678,0.0,-0.032918228910107414,-0.004149367460033496
2020-09-02,-0.013065508832647317,-0.003701510427592373,0.012057356108732837,0.011985536823078662,-0.00997518852343955,-0.012578731770311106,,0.003988260409291836,-0.0037505558923338236,0.007029346603226387,0.01454212418112032,-0.016529286596191912,0.002258680062948046,0.012898251839246325,-0.0020020361319283368,-0.007380123586432434,0.0058844533625120685,-0.021769462349189944,0.0220463923170375,0.009511881481397118,0.008905512135358421,-0.012797122987596932,0.012361251703575703,0.014966397648148033,0.0,0.012662058064357764,0.00238380727862199,0.0076983484247103535,0.0,0.001582181383049043,-0.009132323295876738,0.007936361561525372,-0.019544603717589648,0.005063376515184558,0.018778358723893412,0.0024138605451482307,0.01949688255019675,0.0,0.0,0.021391249257143332
2020-09-03,0.009063356811385544,-0.00619955704042066,-0.01890411296666634,-0.006990218036569248,-0.0025093543661336213,-0.0018097998684471564,,-0.012657474977865788,-0.004236289900521305,-0.0157671378558912,-0.008699727691889331,-0.008733525685251656,-0.002886707997762006,-0.024527319669135926,-0.020243639406909954,-0.01707610823158692,-0.029270743669786953,-0.018043584196255503,-0.011877318850955176,-0.016951312614049203,-0.017416210908864967,-0.01482895961972538,-0.014851584330566232,-0.003153218595061526,-0.011009315102398323,-0.009434269173519857,-0.021661399381449058,-0.023274861642249425,-0.008877662189266345,-0.01848074767979768,-0.009216623667015384,0.0,-0.009917390730369567,-0.022128661018055037,-0.03613408322842204,-0.0182483930941439,-0.016220905452451917,0.0,0.0,-0.0020370674221887506
2020-09-04,0.03254751797096816,-0.0024907498307089166,-0.0045906874217594845,0.033719497287946244,0.0025093543661335606,0.028573168069677343,,0.004664984224678826,0.05103376069997688,0.0054405234614976926,0.019612035567176698,0.015953784889627513,0.0030120820159741588,0.005117201285620272,0.05374420144919283,0.04627521343448338,0.015321032197525295,0.004192794224221536,0.01615295199295255,-0.01564550748843481,0.01461244671751742,0.021247862802033772,0.03311130844735208,0.02138255124509557,0.011009315102398278,-0.0007583537561725503,0.02641203376033944,0.0015685277041072648,0.015170846565577017,-0.004034110329153583,0.0496715378021883,-0.02197884308292373,0.06744135017093648,0.023810715705363344,0.01399642898926084,-0.006157988164329268,0.004893930571893294,0.0,0.0,0.01095124452345408
2020-09-07,-0.004132883991544215,,,,,,,,,,,,,,,,,,,,,,,,,,,,,,,,,,,,,,,
2020-09-08,-0.025911287935978144,,,,,,,,,,,,,,,,,,,,,,,,,,,,,,,,,,,,,,,
2020-09-09,0.014395806569123547,-0.0012128561087701047,0.008445073683580311,0.0011768848020849338,0.009732391038917562,0.00558135676477299,,0.0141052280775237,0.01571921614671177,0.016283802677759796,0.007028459250464674,0.002111997261721649,0.009540049892398109,0.01526438632654097,0.017946641989115945,0.0010622543175540559,0.011639661530165855,0.011315530920075437,-0.0012852079339109286,0.007651911187387919,0.01616010098243113,0.005328449500724841,0.01823769124119546,0.009462811203266244,-0.003724315003982031,0.017584167503871862,-0.004842656746216691,0.007770129976384651,0.016445446457656374,0.017304130945970286,0.013667560434807578,0.0,0.013114848817541326,-0.0034482148871328804,0.003654468219386339,0.015620474798936171,0.024651810379768893,0.0,-0.018496717451377757,-0.00543822214320495
2020-09-10,0.009564798794291453,-0.01098241378571176,-0.03184724929428842,-0.014610560052798096,-0.022032744951769205,-0.016838619238748333,,-0.015097060482281021,-0.004597730077822873,-0.00691206860746862,-0.008793411897574129,-0.02420048719683952,-0.018656411251829246,-0.03097369109523226,-0.005946373621644615,-0.007458761049789945,-0.018015716976989133,-0.005641713219691329,-0.010989033881095985,-0.01170308086064028,-0.023856255621079996,-0.024205353247407798,0.0024067535735935357,-0.010363620808666202,0.003724315003982024,-0.01519505218971111,0.0,-0.029852910883794243,-0.01389777362351528,-0.013600101299068216,-0.03687041122615353,0.0,0.0,-0.0017285765376210762,-0.023997352283067996,-0.013733148479651295,-0.008968544058138381,0.0,0.0,0.0046037184430744735
2020-09-11,-0.02571216223867517,-0.012345743468785475,0.0062945007487776004,0.014218390377439456,0.006169133719164083,-0.009478690493916397,,0.009380512501803348,-0.010189773487482444,0.004295866258491758,0.0009809240089648044,-0.007230701056899065,0.0037337265102396814,0.0018733348985698105,-0.009990183861244197,-0.009672315258244163,-0.00016811932454519323,-0.017118856710936124,0.004539750077682037,0.0012171666629293301,-0.001933168226410067,0.0,-0.004819479690634456,0.012344464791184367,0.011090716727438854,0.0011920565887790157,0.007255279458259335,0.0015935244383452022,-0.005102141114727701,0.009403395353762452,-0.004706042658701817,-0.02242707928975279,-0.026403985180687744,0.010327093359422609,0.010531174537744435,0.005432475432982073,0.0032706198550911227,0.0,0.0,0.013272517907937063
2020-09-14,0.0385655846043773,0.0012414646460070235,0.012470867868385176,0.009756355812842355,-0.0024630883870201295,0.007590169678688642,,0.010428762293055525,0.0013956294674039747,-0.0011913714480531314,-0.05750445296934153,-0.008014648777717074,0.001283875187454357,0.005598850113523129,0.011976164858261362,0.008602103960640642,0.015701016205215333,0.0,0.0020879917918641983,-0.010392522780074851,-0.00145221976830137,-0.009115880305499733,0.014388656773391052,0.013756425031834985,-0.01109071672743876,0.015764376562609005,0.019093546505858587,0.018928171905432778,0.005102141114727698,0.0068944185357984146,0.014051939267416092,0.0,0.019868011315647038,0.010221533698088788,-0.007422408845116485,0.0018736754460627599,0.021801375235749678,-0.004175400330368668,0.0,0.022005712469473908
2020-09-15,-0.028597941510274533,0.004950503402539175,-0.013255695875012989,-0.018421238019376535,0.009815983721091413,-0.013320789898960123,,-0.0009731774861707142,-0.015460620171990402,0.004045287348446226,-0.07188968104800689,0.010189520496177239,-0.00102714584990918,-0.012484649451781425,-0.013986249364488399,-0.02603165567505242,-0.007986888341334004,-0.0072203279488118515,-0.01672791033622835,0.013630633686645294,0.003385387994711453,0.01002281855356403,-0.009569177082756532,-0.031625489907841337,0.007407461373931524,-0.014970127462599517,-0.0023668215603956503,-0.009419106890938956,-0.010230351060119061,0.0024223194574392666,-0.014051939267416033,0.0020596566905191,-0.0032840272865519342,0.001693448870113051,-0.01927508265904978,-0.0027074137247671457,-0.018541417472718376,0.0,0.0,0.002817599355151589
2020-09-16,-0.001985542098431876,-0.008679619929474183,-0.011049560377700995,0.012578649064492414,-0.014760525715535516,0.013320789898960064,,-0.0068382592336065934,-0.007582969570317704,-0.00858580741180464,0.026644609263742524,-0.010189520496177114,-0.002186241940728193,0.0018825477435462001,-0.008080911103406323,0.02066406279836578,-0.0018393364438600362,-0.0014502652670994878,0.013444521998663915,0.019410111832862856,-0.015572118023921323,-0.010939090753143173,-0.01209203048139077,0.00422136218979084,-0.022388960777230526,0.01497012746259959,0.0,-0.004743376908087956,0.019096673709758302,-0.013666733143596942,0.0,-0.006191851593183756,-0.01324523201631408,0.001690670647840702,0.0018970988313040927,-0.00963981629395573,0.004870096609868189,0.0,-0.02465209789487865,0.03281566203070737
2020-09-17,-0.03206128787667707,0.004968952995357378,0.005539887635551329,-0.009813461045944822,-0.0024812445761017952,-0.019084549734351072,,0.004076122224797565,-0.005246900867783363,0.005017275668296156,-0.010704761460040126,0.0021923534193158964,0.0046244516181466674,-0.0039785287391235465,-0.00814666733098653,-0.005396797967704005,-0.007053809923703258,-0.008746430435578217,-0.029584106053198157,-0.004568341234209356,-0.012336750129637763,0.001831511986343907,-0.029631880006169505,-0.01150032040972415,0.01869208888508463,-0.017752170883232308,0.0,0.009464068846691081,-0.010139395591701144,-0.0016362667615969632,-0.014252009535790078,0.012345929209403875,0.01652925930286594,-0.005080526153169462,-0.015116865638360948,0.0004209939942159325,-0.006498747076394948,0.0,0.0,-0.023613757636485336
2020-09-18,-0.041645303787444486,0.00494438453073248,-0.01912383421073148,-0.005538217183006963,-0.002487596861411401,-0.0333037083555186,,-0.011619434331999754,-0.02714655095689093,-0.00909763927489854,-0.01482469430280433,-0.005122636811499283,-0.01030564270861986,-0.013094045209434194,-0.033267108985824675,-0.016366772428462604,-0.009824142824681085,-0.01772576160351179,0.0001539018486165195,-0.024996131874612602,-0.02056726550969581,-0.003666449344018554,-0.026668312294797988,-0.002132777082118803,-0.0037105894817854998,-0.0033888300889546464,0.0023668215603957353,-0.00788053987977574,-0.017995514781792794,-0.012910180836543435,-0.03406654579750885,-0.04175973647271726,-0.02995238645536997,0.0,-0.006756926388026596,-0.012070086580593187,-0.01975374320247809,-0.06481755344055207,0.0,0.0007962271796752026
2020-09-21,-0.07006349909390776,-0.0124070142160963,-0.03104844273298388,-0.029792721051315727,-0.008755464307431871,-0.05739291869950298,,-0.02095906202390148,-0.06025617171400791,-0.014534690782779172,-0.020948951457156556,-0.005886664943981211,-0.009627998901329864,-0.03350606573396422,-0.04984782347546368,-0.08611174501211007,-0.004093365861204391,-0.033336427006779336,-0.004423251188411312,-0.018542028945812344,-0.056830873650115146,-0.011080308819850039,-0.08595886764137703,-0.03139801515424206,-0.02255731350685203,-0.03494863278301923,-0.031215048200553912,-0.032156956077357184,-0.041038138378404594,-0.020530347036227005,-0.05077222701472532,-0.05477828771075796,-0.0663418203652564,-0.027540383886149104,-0.033317174541410186,-0.02720938799523582,-0.05642521467027296,-0.02371644872182499,0.0,-0.04434317236402287
2020-09-22,-0.007486251611086874,-0.006261758974742479,-0.01000845424449569,-0.02189730572719576,0.0,-0.012739027324902237,,-0.013027500685589007,-0.013133948175641895,-0.0034223821379857295,-0.014675997583618722,-0.005921629690062191,0.0010453938210360184,0.00438700085754554,-0.015677822194122604,-0.024273020613198828,-0.008409936004856837,-0.00463322326238544,-0.012343907294879832,0.0037358762415590436,-0.015680071702631526,-0.01496755058076757,-0.019830595393349783,-0.010971428222594358,0.0,-0.015210345469384337,0.0024361928798188265,-0.013158060463671267,-0.00270615468791237,-0.00014085916652433486,-0.031748741361308244,0.011198151138924356,-0.010889458729188136,0.005222020550471946,-0.01750886510108336,0.0030600025411079267,-0.012389633328742667,-0.0710358299785077,0.0,-0.016356222851919202
2020-09-23,-0.018964875285631937,-0.015190159978762205,-0.007572519955496059,-0.02881556475480487,-0.019024014684389336,-0.008583806397381809,,-0.011992751912731291,-0.04488452379782742,-0.005401535231399253,-0.033829947403854393,-0.021764473806087717,-0.009711196775600043,-0.011889144064679297,-0.032112870994516325,-0.01111811204032254,-0.014408704663827362,-0.007769821516268764,-0.029122566777954176,-0.003943920127612727,0.0038077180057997212,-0.01328299753446255,-0.031979448396078906,-0.016363268022073038,0.0037950811545370182,-0.025732312293296138,0.009685308814876597,0.0016542570469212762,-0.01777235144845261,-0.012210784740995176,-0.0383610145145724,0.0022249110947776254,-0.029631697936689252,0.0034661429133815698,-0.019031864208456865,-0.01185507802619429,-0.028908922991419703,-0.006153718992627504,0.0,-0.03528738585135213
2020-09-24,0.0067519156721053365,-0.014130059319076526,0.009247458430658375,0.0034337956690473656,-0.0064227157015853045,0.023430316315960143,,0.006528113050220743,0.008262344503118434,-0.00024618160423801243,0.008091714653254601,-0.0137511491485298,0.002633877197961239,0.005081230881836268,0.0,0.0074257244632007936,0.007837687163885812,-0.0015613184495642976,0.04717203565305359,-0.009193512464010074,-0.001630403975013141,-0.014430170813411133,0.024800626268593758,-0.0008628126990122037,-0.00379508115453708,0.004084935335768973,0.002406635540877133,0.014766443121289862,0.010974033459764013,0.008534769877996829,0.016621023673357823,-0.020202801020463935,-0.011342223397498151,0.008613328986968127,-0.0015591727908677937,0.00704247126192989,-0.011987394645398441,-0.007435105847993224,0.0,0.02123555525459079
2020-09-25,-0.010884102320917187,-0.0025905812994519183,0.05929485245408125,0.006405768124712531,-0.006464139840689374,-0.010581988881797953,,-0.002228528952930344,-0.026683205711331037,0.001968136302985538,-0.0040375613328041135,-0.0061728242194852385,-0.005446025332366836,0.024595841936098706,-0.033178237860923034,-0.013656287473188006,0.01069888221582637,-0.02371657580813355,-0.0008203889829981475,0.020567995909947314,-0.01534258419233527,-0.00778231881160161,-0.004332161260063086,0.00870373997380025,0.011342306932131365,0.00918314892149999,0.007185647747072969,0.05543778607153117,-0.0054718600682396356,0.0002830671172621308,0.005479486278577269,-0.025259467665254283,-0.02307807074525657,0.003424682493330094,0.014116275894176378,0.004594473694093391,-0.025365104370488844,-0.056280834289825554,0.0,0.013629020087908457
2020-09-28,0.06470482684893515,0.03692325098779135,0.0,0.02522227096508855,0.015444343303104775,0.05987334371960955,,0.02105691841058118,0.04084467983912165,0.027631279948606213,0.030930080451398508,0.012307888127847137,0.014783550478296537,0.0006448786719263955,0.04706740832131104,0.05235520852320079,0.020892598264552607,0.04840906892927681,0.020913465036114815,-0.001852365244594605,0.09726611917876732,0.02030050053740241,0.029937965203997496,0.02837273546170248,0.018622467948652174,0.028087881419671532,0.023586096578125593,0.0076747155471909995,0.021710356749360175,0.01168467796220984,0.042787133487088874,0.04100796438920225,0.05672594876518614,-0.0017109181208758827,0.033451484479830644,0.017741949101742142,0.051911318896280624,0.056280834289825686,0.0,0.007585378566481164
2020-09-29,-0.03297460455796364,-0.029171369340733694,-0.016700239441113006,-0.013372576505601178,-0.015444343303104699,-0.006029996349705102,,-0.01917111418207051,-0.020213818429805953,-0.01057461121496533,-0.02145611253791196,-0.009216823874183013,-0.014514969350166359,-0.01297595799343513,-0.01622284484040449,-0.01916217147167161,-0.019348713108915547,0.0060790929089374664,-0.011519560871755574,0.008615165018373014,-0.0284574041867414,-0.01154968776399381,-0.007046994701508768,-0.008459135443166524,-0.049159372151804395,-0.023845398972972522,-0.042863688680952465,-0.015408692077212792,0.004018754741294565,-0.01878977704140139,-0.03733766314723447,0.0307715189109448,-0.045120340201235565,-0.019015256823276008,-0.009968771527886845,-0.014473043247781325,-0.0054345402522389214,0.0012429787172782264,0.010757267138942466,-0.023790584844981266
2020-09-30,0.024343042828556295,0.0012862656208617788,-0.0008022487616376432,0.013372576505601164,0.002590709780802723,0.0100300019119048,,0.0005137537545963753,0.008244032101145186,0.00289541273861541,0.016135197774873215,0.0007714415482809975,0.0022776220794013128,-0.001524906691574606,0.016222844840404434,0.015597032021260905,0.01530618254223653,0.016529204204916853,0.021018665297316264,0.02021923777574391,0.00923578689014695,0.008674696765108677,0.0014132413715750875,0.009602427387739653,-0.01169597411224782,0.02322532564044913,-0.024631763963110148,0.0015515878600251508,0.004002668974811643,0.00028473765341336125,0.005420165318455487,-0.0021667677049263595,0.03774034081099696,-0.02473622305244649,-0.0006738312134672787,0.006074079085979046,0.01263553819390107,0.0,0.0,0.010690583502324108
2020-10-01,-0.012380642433790221,0.01657125622783616,0.0016038544360813226,0.00041484630657630494,0.011575660925156628,-0.0019978311374331775,,-0.007044028616646149,-0.015444331626547254,0.005285658414854575,0.007625605930775227,0.014542927484675058,0.00040136472356718607,0.00043599641906736026,-0.027973791683936818,-0.004773289421807952,0.014244259705317012,-0.010486943931578072,-0.01211485151922283,0.0357812048671351,-0.003581387795772789,0.009551355296262455,0.0,0.007244886342766808,-0.007874078355525371,-0.02280192990729831,0.004975105069283564,-0.007782126196605401,0.01847035651435686,0.0038425244171313316,0.0,0.0,-0.030077465421458026,0.0035714549123671575,-0.009823900873962694,0.006466657438394627,0.006258295463693469,0.0,0.0,0.0021247653017205897
2020-10-02,0.026817413627468957,-0.003799877219536871,-0.004014260185094633,0.004554157113542475,-0.003843839369357003,0.015873009481363533,,0.0022388087047170843,0.0011111761319468475,0.0078769883774395,0.005051658000529526,-0.009927615920078188,0.0006685617415669364,0.006732506643167584,0.0,0.016607902926993913,-0.00517155415328279,0.00600597052647895,0.0067762385051301135,-0.0001931372970660982,0.018283584839310786,-0.011472527797966944,0.022347330352551407,0.009442580732246495,-0.003960312077420922,0.01491156289561317,0.0049505376577608845,-0.0015637191003408785,0.010403103336555003,0.0049585214379557025,0.010752755980096366,-0.010905297049696406,0.007604601989129001,0.008873095460282907,0.015705712116804937,0.0085578761459644,0.010638406325685032,0.0,0.0,0.018086685198692467
2020-10-05,0.011510087767499906,-0.019218944976766638,0.03478611161109721,0.016793425024946764,-0.00773182155579956,0.009794678604225667,,0.01688743080611791,0.02305255145486617,0.015251278805554791,0.028228224823177564,-0.012355299986295124,0.01919969440995463,0.026275102768383043,0.016412950096773262,0.023256783197543228,0.018066381981392137,0.02658960993106066,0.009460110870009282,0.014383313885774511,0.004519420253056425,-0.005785967374674554,0.02185891703194596,0.020916114778963938,0.011834390432946264,0.013047568574522543,0.014706121236065883,0.02930032972822135,0.02301898541014264,0.017372160551040156,0.01591551539927992,0.0,0.03352264830631326,0.014035232304412141,0.028250117643236372,0.019619040766009684,0.02007931588074516,0.030583448659279262,0.0,0.018993138254298818
2020-10-06,0.04917943490443557,-0.0025905812994519183,-0.014084882596640279,-0.010206443287886195,-0.0117112276570323,0.028820274413951796,,0.021585279612511114,0.032036908163861975,-0.0004761149829180875,-0.011196084906095301,-0.0054539038636559544,0.0014416245575335968,-0.012517312566395001,0.02298955616082594,0.03501205889124805,-0.0011505208275122388,0.007262275401287546,-0.0035246570851700477,0.014554496417872499,0.001501857079204051,-0.010695311124803177,0.018742011729313026,-0.01035231906017638,-0.01980258173212395,-0.01785373146449581,-0.007326149756292083,-0.010695175824170228,0.0,-0.0018069241742972829,0.031090483868846018,0.030239922750071323,0.028882885105213554,-0.008748886812781848,-0.006045407716135974,-0.006286525893366686,0.0008638737008469879,0.0,0.0,-0.01110438198077932
2020-10-07,0.0018141076544444953,0.005174468824467766,0.031797942217974,0.020711428648824245,0.009120517876229526,0.020619342487553524,,0.018695286851768494,0.03053287925957943,0.016060951291761584,0.009636073266400513,0.006230514904796932,0.007566923944805481,0.03193550452881581,0.018018467174354125,0.02412384884384974,0.011120303637324058,0.004332145362487317,0.012404686937788323,0.012308913348096523,0.018831000920220744,0.011662000911097859,0.022296043053699886,0.017295160662433192,0.015873392115346593,0.020114411144165283,0.012180560058772452,0.03174854974451203,0.006301115337810782,0.023378178249059054,0.010152482232517572,0.031416155033156444,0.034968713840326626,0.0070053271881660925,0.03842006461986226,0.003567117542583918,0.014573885049647843,0.017910941020633037,0.03716089137082792,0.025720890797989254
2020-10-08,0.015416289783321957,0.008991801230088619,0.011385257745095557,0.01436556468052371,0.007751894107798313,0.027449168911708854,,0.012111523493385176,0.018682626301252198,0.007237059881127022,-0.002679636321990589,0.006963377380557242,0.009443202590856108,0.010695186100721484,0.01769962295890432,0.013986273475852537,0.006160947641387226,0.027009450471858803,0.021284488216193324,0.016544651766344353,-0.002457814270434284,0.003857237576900862,0.019268440312712135,0.020346742526023063,0.0,0.005936161025903638,0.0,0.002971857309263079,0.014962947438028932,0.00609797815546604,0.020000599799621113,0.0,0.02040877577074616,-0.005249345293094497,0.024765543682630113,0.007312475858375221,0.0025497686822049553,0.06970277322292306,0.012608585325435483,0.01955754260843518
2020-10-09,-0.02112918518358933,-0.0051281227866369836,0.01274861768188543,0.004743226237812407,-0.006455794064144736,0.0018033754557732838,,0.00016055589568700286,-0.009045273417806893,-0.00023268714109174354,0.004684844435324125,0.0023103184175400173,-0.0038701473038279,0.00449066622119041,-0.017699622958904357,-0.00858376297224487,0.00933067760836671,0.009769656601473858,-0.0021178355454732926,0.02467048355184923,-0.009394344887839873,-0.004823927363195478,0.0012714632141376,-0.005714682974398257,-0.011881359977681114,-0.003475242338917624,-0.009732439732462355,0.008862762890872214,-0.006207523595343093,0.0018897271400607435,-0.014962858512705143,0.012295330381659588,-0.010152528226087226,-0.00881064135937151,0.021761633109326273,-0.01292791182685046,-0.009381796812020417,-0.04284767888343867,0.0,0.0
2020-10-12,-0.007843094933333922,0.047687725743615565,0.02501986982282518,0.012539559279653703,0.038124201962168654,0.0,,0.009424081730182087,0.0,0.011796341736165016,0.02092351984255575,0.04805734646669517,0.006826976979783728,0.015560768731133769,0.006674218707247601,0.006444719934247101,0.01462448161555225,0.013793381776029125,0.031212485421832425,-0.008395329230029279,0.005943934478640976,0.052742866451121195,-0.007653054161347807,0.012178537451482906,0.0,0.038369538244413616,0.004878029429981977,0.021819008101223135,0.0037292108111028175,0.006853336767274,-0.01010106221936774,-0.0020387703720489724,0.030153201937627102,0.01231311873487818,0.011822097239469701,0.0010658772923164343,0.011925080705100254,0.0,0.0,0.014908146899311275
2020-10-13,-0.052813932400328674,-0.0036831562453348743,0.007962330495080834,-0.02883868023394235,-0.0075094317791582965,-0.05556985410014667,,-0.01683381003014677,-0.051266714243721076,-0.01739607491613174,-0.04913878682994749,0.0014651408327306511,-0.017481889243148904,-0.012307305564821153,-0.050010570915652405,-0.02493347661161507,-0.0011052883284592256,-0.03911114937961845,-0.01557925545053131,-0.0007177236179186864,-0.023989090538581177,-0.0018364927240585892,-0.0744033611496633,-0.016337175135512957,-0.012024225834124642,-0.005930300348368182,-0.014706121236065742,-0.0014398824912706244,-0.027674589705161286,-0.008607838475618688,-0.04145687271451685,0.0,-0.05425060908026164,-0.008779523771205644,-0.016953640196181372,-0.020015612065636627,-0.014498914319812515,0.0,0.045914536017362756,-0.0372910745099822
2020-10-14,0.012647828270359707,0.008573140253566676,-0.007962330495080851,-0.054780008679408174,0.00626175429465433,-0.003816798735070711,,-0.0068137735988072125,0.007938542189328246,-0.005866399456472692,-0.014993130788061249,-0.004401983782924464,-0.0031400932313475093,-0.0038645214886410583,0.006968786113744201,-0.0055036032313875655,-0.012398957325996421,0.011331464305048304,0.001990297998803861,0.012486755296985562,-0.02769458794834636,0.0,0.0013782728277296902,-0.005572153668536738,-0.012170466197249359,0.004155035708657551,-0.007435027355636226,0.0,0.006357100938974197,-0.0028406016721469005,0.0,0.0,0.0,-0.008857554698957082,-0.0009081154215516649,-0.007856998882875287,-0.011231169184406692,0.0,-0.018113694326786414,-0.06211601046898576
2020-10-15,-0.010989072315583128,0.01572921173387534,-0.002911218479688014,0.022190331693415433,-0.007518933413668297,-0.007677581320591711,,-0.0013032769913582651,-0.020234943440649033,-0.00047078778188179674,0.013389047667938908,-0.010347675966258203,-0.0026244680335077816,-0.0014275688324698293,-0.021053407337292857,-0.004424734611878284,-0.008513248055557013,0.007017556892014738,-0.012528936551324964,-0.01806679687563759,0.008801640980394255,0.0,-0.004140720741722495,0.014855907954601627,0.012170466197249387,0.013336004001268163,-0.004987574497020172,-0.010137740210443098,-0.01147248320099762,-0.004752935680559257,-0.005304921634087844,-0.031090544413737164,-0.02112755424235091,0.0,0.013836956848944074,0.004590609281102295,-0.006100433040075586,-0.09669362731756426,0.005317195814090969,-0.012987332352116692
2020-10-16,0.018881156124029397,0.03653936943627073,0.005088895205559431,0.0037198184614254124,0.032181068924459134,0.013397602230923514,,-0.00016283234824523537,0.017595853917201858,0.0032909879762859154,-0.009677175784846915,0.05913776973343524,0.006548014573631596,0.006306636442100609,0.0070671961531709425,0.025179330159599684,0.014890945745267932,0.004187128474993735,-0.011523276840152774,0.010772051181897783,0.015853067975273034,0.041410145496273795,0.019178588210144204,-0.002066701224486823,0.004024161343497977,0.01007963926184194,0.007472064194895617,0.005805700796679963,0.00128132487502698,0.003125923112200641,0.02105348806595238,0.0,0.010619519928615052,0.0035525132882932567,-0.005541960482767141,-0.0013094238654457857,0.01561192662295383,-0.011486926985261235,0.0,-0.003929091765435917
2020-10-19,0.009711469814640916,0.02061903483916722,-0.004360390436660881,-0.02168571454406897,0.004860254105647075,0.00568694750342768,,-0.01329309668570817,-0.005299452665881103,-0.006120617089969136,-0.006737379255386593,0.01321758421849352,-0.008652380143806357,-0.0016237122721295112,-0.0023503054571142553,0.003237764361034235,0.0,0.006939636921174806,-0.002525147347421381,0.024692771776564426,0.0065740487352620725,0.03296041249400249,-0.0040788864564665975,-0.01698885911323223,-0.008064479753236634,-0.0175102196698989,-0.004975105069283604,-0.008721059393130557,-0.0025641972041323727,-0.009954462661743916,0.0,0.02494928471269765,0.024349193911711475,-0.003552513288293189,-0.034067328197731124,-0.014961679484082713,0.011125537346056,0.0,0.0,-0.014097342640191666
2020-10-20,-0.009440230097115285,-0.01254983012564695,-0.002917589064943665,0.017552090229836115,-0.012195349036177496,0.01500976999835158,,0.017847345869840547,0.03754352222085111,-0.0004719866815183502,0.014348912821650161,-0.0027681522438442615,0.007215399642587642,-0.005908192141407523,0.023256900987880125,0.033901626871007375,-0.003024236599967593,0.029975088722139966,0.011312110779879888,0.02579674530426851,0.003521857069966613,-0.0034187038870262614,0.029532329224053074,0.0056951701282459315,-0.012220144024594091,0.010154435384920125,0.0,0.011611140064117008,0.008945927425269869,0.0010956252080087676,0.040821858109950995,0.0,0.023769973563839253,-0.0035650891069341317,0.003567937654539465,0.00022140044025173734,0.05142077615410468,0.0,0.0,0.011907253190672042
2020-10-21,-0.005434771621281689,0.00914275393477644,0.015223245358492532,-0.0037355285062990727,0.003674361445181774,-0.0018639867091484541,,0.011937600247216592,-0.014952553692183422,0.00023608081157589574,-0.011788264353115249,0.00896874285233401,0.003784044582356103,0.006517358292547368,-0.01622284484040449,-0.019990188906920982,0.0003187163528642606,-0.025834287288195965,-0.024919672791931764,0.014829873989436132,-0.0015078296479928053,0.008525184519034204,-0.0039760795244974815,-0.010013069533282591,0.02429265613079185,-0.021404822878404124,0.012391689726605794,-0.0014441304418724528,-0.015385092229860911,0.007093248107058371,-0.005012489607930792,0.018311778981181588,-0.010117982654250648,0.0176996902015902,-0.009021728745837463,-0.0022187610767176835,-0.012200171979075703,0.048851202896600526,0.0,-0.004834170936888299
2020-10-22,0.0103009297904756,0.01915551064648783,0.0035904919516872038,0.03352723930322424,0.021766131170100747,0.025784117155714634,,0.00925778985524766,0.0020757472092158154,0.014071400191355478,0.021620109832832038,0.023082991438297073,0.006101728687930099,0.004860387142816007,0.009302460493760578,0.0042417973250608995,0.007778466291034467,0.008230516456735731,0.012196610598712585,0.004006899179105564,0.014482264564668383,0.03010246958344996,0.010568188624136828,0.0347128498229797,0.007968191299177882,0.027216436554905188,0.0,0.017192459496848486,-0.00258732054726238,0.007178385779813083,0.014962858512705245,-0.010131748908093118,0.016807074222331936,0.0,0.02469273243261201,0.01433472342652937,0.017843069677733806,0.0,0.003780716481958585,0.023940684503960297
2020-10-23,0.0271366224348033,0.01440475665253168,0.018466490170755277,0.001205733581864512,0.0023896060830037287,0.05826885905609509,,0.016544830512187664,0.02508451190611692,0.013646450771334591,0.0,0.0026809519141507503,0.009917168344088482,0.009049625788105288,0.011507452171237656,0.02094321975774306,0.0026843248668603106,0.016260465024392653,-0.0017540506502401704,0.005648751129788033,0.034595245529954015,0.007386116459009547,0.015645598374818593,0.008999047875300955,0.003960312077420782,0.0019297526375692136,0.007362044806522321,0.001419531961601852,0.03437635627738268,0.00030013067244065645,0.029270355197829605,0.07643277687592823,0.019802635143989465,0.006992904917710357,-0.004430415065120231,0.00850347616933967,0.0,0.0,-0.00833650416754408,0.001289429649541856
2020-10-26,-0.012944390546213783,-0.011062056196024203,-0.019183595314219128,-0.014563508640319345,-0.013213320909977157,-0.015557940312011286,,-0.009893907959854429,-0.011696242877769748,-0.013879526499422506,-0.015824251896349874,-0.010767107174006772,-0.018757642815443423,-0.013707133165189489,-0.018476238284981867,-0.011464570398001306,-0.019909749234536187,-0.028631782915072422,-0.019203825034848552,-0.015191009000447547,-0.00720954660826954,-0.0057400748687396995,-0.015645598374818725,-0.025068655375531906,-0.015936535729559796,-0.03033808135545675,-0.01975373453312815,-0.020057941687564102,-0.008799354253054987,-0.023465636243496398,-0.009661879020506189,0.0,-0.01647479385804499,-0.014035232304412122,-0.0279481289572816,-0.01707945985598731,-0.004027402619090763,-0.00982800548245678,0.0,-0.02523011415350229
2020-10-27,-0.037934577191560064,-0.020225402016949338,-0.010093844423830288,-0.02852023563819274,0.002415317491674748,-0.04453070335437925,,-0.016871506496241653,-0.06716757918468605,-0.01454697283285012,-0.032420135876398276,-0.021197426786930956,-0.012482890109295515,-0.006515938077660974,-0.055103688620521965,-0.03086964900992329,0.010083998569628322,0.006891901691011816,-0.027520545151671263,0.007540849464076633,0.03740069615071256,-0.03174851117371976,-0.056772130847406656,-0.01904610643215023,-0.016194627540747433,-0.03498476017172799,-0.012547298769955344,-0.018992591055459643,-0.026873176971059086,-0.015482351221357965,-0.029558845082097843,-0.07439826371056335,-0.06166349537660517,-0.01423511740950737,-0.029724120878155437,-0.015355888871108619,-0.02451090869691482,-0.050643927862232097,0.0,-0.039537542335173356
2020-10-28,-0.03455902207962448,-0.032298235882381676,-0.03165491178609266,-0.0160610896359902,-0.02442130211781336,-0.02957701577950777,,-0.03645093135945023,-0.053945549147978104,-0.03683203811132048,-0.01807030003231571,-0.030167148549553793,-0.0352567061696369,-0.02335557711363598,-0.05051577712020046,0.0,-0.036821939101903435,-0.08751092274879994,-0.03066787927233596,-0.02245393703838868,-0.048070249247991394,-0.024926308443116264,-0.055768579804530496,-0.028490131634971733,-0.0206193430459915,-0.021215596503689503,-0.025576884019235597,-0.014859087068938641,-0.045100325485757146,-0.029071069893428326,-0.046043970546807665,0.0,-0.047024794860784244,-0.03278975692554131,-0.05278818747631833,-0.026358888063185617,-0.04223602046578222,-0.039740281206502616,0.0,-0.029769541590643114
2020-10-29,-0.016719821443082393,0.004678537661249558,-0.009771064908842619,0.002977935375017149,-0.00619946169730356,0.020427874190450925,,0.013887036357930064,-0.008116068774596438,0.017019742383733116,0.012803254824032977,-0.002853052907654239,0.014009074921633119,0.009987826663208736,-0.0051949040392891815,-0.0010819065491092874,-0.004471211095904648,0.0014978642999775764,0.0008953998595090329,-0.016699876357189298,0.030727385142648916,-0.001741985575992738,-0.010347323070085238,0.006504558907707771,0.016529346808908038,0.01888051834656019,0.020513611889108895,-0.009022694307230664,0.004062187107352541,0.018375813951394832,0.02584125741944333,-0.0870113373250092,0.0036968077285445427,0.02016565914624474,0.005456941385041923,0.015762602303182285,0.0,-0.013605495103914289,-0.04355266339969262,-0.0018906809935521857
2020-10-30,0.023841442035513985,0.0,0.007524610377421169,0.006774106484579939,-0.017566376628332405,0.016408597765379417,,-0.01077091232917658,0.015020520845781732,0.0019267534059174561,0.006540086538873626,-0.012940593671267446,0.007803172906775172,0.010503651460604353,0.02824320260031786,0.0010819065491092937,-0.008500547557920932,-0.010534290029155137,-0.004749659849086972,-0.0027818403662273855,-0.008070488448255204,-0.006121700474429997,0.013284199350848565,0.008913569352306725,0.016260462434332743,0.0006232712245083378,0.0,0.003016681411477541,0.010752778745814165,0.003434975045226657,0.02519027375886235,0.006629849627235203,0.018281997480518144,0.005429866588741782,0.001699161797817751,0.00249004182763842,0.008591042295836224,0.02033969779351259,0.009493571841101691,0.014557793496492461
2020-11-02,0.03760366017565877,0.046732134423943736,0.02003754737227638,0.01590672826940446,0.03238139220049589,-0.0036231925571872693,,0.010704408423989578,0.026034210484028687,0.011483385499511682,0.018893136217807645,0.03274321090998183,0.013973095695907552,-0.0030778010410257013,0.015075725845087514,0.04129741042910502,0.01594155845236454,0.04148745547334412,0.0061176269584409465,0.02747423385200819,0.020288748433386416,0.02426480997450475,0.04865058516288279,0.02229161391905494,0.03174878424893277,0.02522420271603151,0.02753621362712653,0.00899545382347826,0.022473025489168463,0.008110856848601558,0.039029354070785095,0.015300863417218213,0.028573384698750242,0.023194629591064955,0.013155846723600442,0.008106243932364966,0.021160196521735286,0.04334216004875526,0.0,0.020761813134261915
2020-11-03,0.038084455412656947,-0.002229734642369466,0.028966726670135428,0.025016391253941256,0.018215420344958117,0.06499219066327061,,0.03079674317085369,0.07322968530130247,0.018149980350124016,0.030793563340555403,0.021476458219868953,0.02454117829271039,0.029562688946598387,0.0510439155268512,0.03265592212141614,0.042099814592720074,0.03843888431943577,0.0398371073236499,0.01862629383675809,0.05143341031286659,0.016136105388532152,0.060953249208290816,0.03103435633584759,0.026976562562919013,0.03580337758990147,0.03159420994197691,0.01775200533480531,0.04598505144616745,0.02283840151959173,0.037563307776239174,0.03201988118018271,0.06805349105994606,0.029541648512069602,0.04424806569092954,0.021959551134537052,0.06406735377499444,0.0,0.0,0.008638368707049541
2020-11-04,-0.016985490586340708,0.00222973464236948,-0.008602229263240587,-0.04176745844401966,0.005998725233294439,-0.04344726894797189,,0.00723292221078098,-0.008341995584281272,0.0030322250329722247,-0.03387774460047265,0.01766345153966898,0.0048881131777908475,-0.017104850838088482,-0.00475059252802361,-0.004024159220970114,0.019086987549646276,-0.04426145952427035,-0.00030305210189396174,0.021219584279244728,-0.04863493918889048,0.017537104518246718,-0.03340333293417532,-0.031034356335847613,-0.01532601200873219,0.004872693131665757,-0.03654474759973774,-0.0014674399244560296,0.004981230494283228,0.015940710041247644,-0.052021377396424595,-0.014815102612629258,-0.019934323584395352,-0.03130692950307243,-0.03192472929790197,-0.0015370600965290933,-0.012648187862531704,0.08261010887957854,0.02103714216066733,-0.00955168697189818
2020-11-05,-0.007522878211811458,0.01107438575188081,0.02769079089388918,0.03852216482864401,0.0023896060830037287,0.0245626371355608,,0.007658032559367591,0.04103136933335898,0.010655734322990083,0.023254104250837352,0.010716816028213182,0.0017949236754704306,0.035686131798310164,0.04196419663481856,0.013019851575468238,0.034273452443353426,0.04983254752881389,0.025398802758848784,0.014381904476001874,0.025294501638240634,-0.0008283077705126323,-0.03315239628261733,0.0400835739897827,0.0038534826709709516,0.014861118223264306,0.019656658893826548,0.04311031196585209,0.013572061189757704,0.006116672900347963,0.04740234893900789,0.0,0.05864885076402255,0.003527362977418324,0.03911262486885302,0.0008785793486631323,0.03286669692240609,0.0,0.0,0.024938832895257
2020-11-06,-0.022914176632337108,0.003298359937690752,0.008231707796562996,-0.0122651078730496,0.014218182502330133,0.0034602108936413857,,-0.008939952346157336,-0.013151583386980146,-0.0020758467429239577,-0.008393634320311821,0.001996637694904659,-0.005265624215039647,-0.0033349720253583993,-0.004576657136646045,0.009900982952460318,0.0025422918526178625,-0.009769656601473716,-0.008411724060725522,0.017809301721155166,0.011738403846810179,0.004133996455190961,0.002805163471900567,-0.01341020433267648,0.007662894251492947,-0.009624617476425816,0.004854410302480301,0.0,0.0036697245045443083,0.005270326169266222,-0.00930242715134926,0.02109772480985236,-0.00634913450055507,0.008764309702378233,-0.009595705445801664,0.0015357112962752408,0.005374377889508912,0.0,0.0,-0.018988047171061
2020-11-09,0.14153602897870732,0.024933688698261618,0.049631124712006425,0.13270847434353886,0.015178376551711446,0.17248631095348654,,0.045148652001754365,0.16572174276587212,0.05917045457710035,0.10923957117425684,0.03206044143243568,0.01075854559244672,0.04889310027612094,0.13496384389444369,0.045265406408371414,0.043548502086144206,0.055910761242938596,0.06571492955820608,0.0508519347937933,0.09865028895757101,0.004938365364215437,0.149337234503774,0.12697850638283792,0.03377440996705183,0.0802506287162308,0.04959691182645246,0.05473311994558188,0.07750372690071732,0.011658463894498474,0.1554848698491677,0.1290851374301679,0.1641099820074399,0.051031463033320755,0.11908573959129214,0.057292317971291376,0.035355222049040305,0.051884806775774346,0.05036752593762676,0.10023555427415595
2020-11-10,0.04152111906233073,-0.002143776593178408,0.0,-0.003608844755149045,0.012665604967386114,0.024409005455624574,,0.029600594544822043,0.07318310663637775,0.022593399304670345,0.00020967833690549009,-0.003870996666906722,0.030114659897826978,-0.005065187654746299,0.04314392740273586,0.009372056404212657,0.05521833908943642,0.04029137929893835,0.011748511465879413,0.008353251011295379,-0.005300726411678512,0.0024598940658181814,0.05400371339961612,-0.0032560093585407425,0.011009315102398278,-0.004831302955740807,0.0,0.03532096861059582,-0.01250733821966949,0.01454846213118558,0.0732504096712919,0.0,0.03191745600093689,-0.010000063277294467,-0.0007135226496902974,0.02150179137057594,0.011025499597798073,0.09633112232223456,0.0,-0.001239141420346601
2020-11-11,-0.05721248668091093,0.018076130906923428,0.01667255009406574,-0.011636769952492932,0.03153424252759947,0.0,,-0.004026069598046632,-0.03841914535348449,0.0014883451070135017,0.02650816689363183,0.032435160199301705,0.007512164723278141,0.01733978221909896,-0.02921334638613704,-0.022642421044179118,-0.027714721516473844,-0.015404702610373093,0.002663532363558795,-0.012405784274457732,0.034160584654175104,0.027465464464605807,-0.030164792336927263,-0.015045656130987937,0.010889337566950293,0.01052748940146274,0.009174322049368272,0.02287254072182097,-0.04564868055703351,0.007065180800132463,0.007407469395025693,0.046603420856138,-0.05101759228534149,0.010000063277294517,-0.022667425972821488,0.007870083267917792,-0.0021954973543195353,-0.015424482994074186,0.03562732795540716,0.0
2020-11-12,0.01927770521535288,-0.004224021273942876,-0.02613213579757751,-0.02406170347561858,-0.016769601212212094,-0.034635579246173054,,-0.01323519645132829,-0.0451717095265277,-0.015414707532889323,-0.013373341542988035,-0.01767721928257071,-0.01011074898701085,-0.028878722679081762,-0.02602755309252229,-0.006701916246577448,-0.014574379670595054,0.001292942726438607,-0.016368045479000892,0.0016528414773286904,-0.04237073611815299,-0.026646765653243188,0.0035273607672990284,-0.012360482195717027,-0.0182153973158413,-0.014121250446372012,-0.025434892064340523,-0.025446619563884946,-0.02056927022112306,-0.00431157492933085,-0.06085517808764512,-0.04660342085613808,-0.013870061528463068,-0.016722820446115814,-0.023343107824942064,-0.013354912076532494,-0.013274500114293089,0.0,-0.03690452366256126,-0.015833822335215485
2020-11-13,0.004048867015055525,-0.03335426986691845,0.02016196982411914,0.011547773297125634,-0.014764641315387423,0.037468523139514716,,0.009342876170951607,0.0368033095644113,-0.0017272992684571875,0.007840220742317501,-0.01734701734411954,0.0033402276565040415,0.020153192561852693,0.0319389247034113,0.030276740302259544,0.006472390224421156,0.02551152774736433,0.02108064502299404,0.019626138110819518,0.01106780458110563,-0.01567047740675683,0.0346056461276831,0.006243011998202018,-0.007380127245653206,0.01890215979113794,0.016260570014972303,0.008716633677392713,0.010942161731462232,0.0009165494869648958,0.04598517219784875,0.032493984242467,0.03297019781286767,0.005046258136498442,0.023926797769828645,0.006092401376544058,0.014738784446869253,0.0,-0.012103196891909213,0.010860316998050542
2020-11-16,0.051649982521918755,0.005455549194202945,0.03850398880587985,0.021254059042339728,0.004566197026226095,0.02099435161051643,,0.029120314900509002,0.008784835508203276,0.024339312012244638,0.03513362842158798,-0.011078695170537604,0.016901819533331308,0.025224568688823893,0.011718931957883089,0.005576234618447766,0.018068587819830208,0.033439636950148115,0.014950753301161116,0.011709785155421202,0.03799702656861961,-0.00583578303308068,0.010152350987888359,0.02783493709509339,0.01834909614574724,0.026152098086755296,0.042847590873589414,0.020513585994244195,0.008428877593559222,0.016220513176196563,0.029522027121438532,0.015859247420663167,0.03453187699386409,0.02975428519746817,0.018651644176245114,0.023017014235291195,0.042254759951089425,0.0,0.0,0.0339018302422931
2020-11-17,0.033954358591625204,0.0054258699941873425,0.012722707372310656,-0.001088347656891914,0.013575051500413365,0.01101939524961048,,0.011011662676276986,0.009946229730170855,-0.0010549770108371154,0.006526422508562157,0.012373978340272174,0.00954872854292624,0.0034484071492897088,0.009661780429418204,0.0027765000939277825,0.015580571004345338,0.0109026948968794,0.01015605358566691,-0.0005822829595161218,-0.0226242983011844,0.006666609447129875,0.024391513565745388,-0.010196786516252753,0.0,0.011974009677771425,0.019672731169111748,0.008844001214257045,0.017825671584354677,0.016214479186345027,0.007246643217920776,0.022472949674141755,0.020672579624485852,0.011336185215969342,0.010686425726992911,0.01531571778898986,0.016690246211054683,0.0,0.0,0.005606753584650978
2020-11-18,0.014513062033644759,-0.0032518789165849192,0.012563111016768762,-0.020906571782566826,-0.006764408742047223,0.0068259261498906055,,0.007893740697849557,-0.013283708066502036,0.014672080240831352,0.0062879772523036295,0.0,0.005876955147590551,0.021155506335408487,-0.005785888307895553,-0.00928513772387866,-0.006257476621213355,-0.006042461540472283,-0.0015593733712389543,-0.022380159197080078,0.013160634089487708,0.0008302538010240612,-0.006593467350685659,-0.0074343669362004275,-0.014652224253601269,0.0,-0.017467809461464874,0.013741559162008898,-0.001178637656796316,0.007695624203820652,-0.018215719117702315,0.008510647686502937,-0.015464232278043404,-0.01787211576516147,-0.019751735465076366,0.017193273587113308,-0.01739178854971034,0.02658649190389642,0.06980440719088733,0.0007984294324228882
2020-11-19,-0.025703755753696225,-0.017525085673106938,0.01977819528347188,0.0,-0.017114084548377956,0.0,,0.010382065507075891,0.01616614965771708,0.004567056991724989,0.02112690469660619,-0.013685399469529841,0.0021503433108918946,0.02089070551194118,0.019157704813195883,0.0027945024605473684,0.001428380544685107,-0.010968973707083478,0.0012030440841060326,-0.008073050421223013,0.005531489027286045,-0.020964972928517896,0.00878151390429695,0.002686220082379355,0.011009315102398278,-0.0030652063015910724,-0.01330383228188847,0.008647269687366581,0.008220911588063906,0.001507095523659839,0.018215719117702273,-0.01709444120065485,0.00518136095815667,0.006535930549192027,0.0012999925461352124,0.005348765557937543,0.015320658481942648,-0.00202021668630144,0.0,0.042958467979530075
2020-11-20,-0.010870865767605464,-0.013348277202993248,0.002445014319678282,-0.006320879646435755,-0.0034581798419124027,-0.006825926149890537,,0.00929431606284034,0.0004111792195019817,0.0047522923503032655,-0.009442343721893441,-0.009228801569634331,0.0022649753620455123,0.01654083343065793,0.0,-0.005597042192653572,0.00956302038037045,0.009756087650768993,-0.0054473138665801606,-0.0018028896829075888,-0.00434341084121172,-0.004246343033079711,-0.0010934248334600561,-0.008603786815604036,0.010889337566950293,-0.014084999024648912,0.013303832281888446,0.023101400224588252,-0.00468933458091109,0.0006272286881415099,-0.010889545332447285,0.011996548097905438,-0.005181360958156623,0.0,-0.019239850534162602,0.002473388072622849,-0.003461417919882081,0.0,0.02592078491255294,-0.026337640331715925
2020-11-23,0.04193679358570763,0.026520644184632788,-0.006123820681437316,0.021402920544289345,0.0011540837489631883,0.025694334795708783,,0.0172323073251403,0.01225499965592472,0.006779838184897014,0.03144596374691974,-0.003981450468710729,-0.003698139979309814,0.0020484495846853877,0.03541838571727809,0.03221638769900667,0.018322131558911048,-0.02208658855313018,0.02423939073118786,0.0016527780991682699,0.013364760012463738,0.0008507363408841355,0.023784964184246093,0.02839613377703349,0.007194295243774097,0.04167284893995971,0.008772044791764695,0.0,-0.004711339381296748,0.012215127187209962,0.003642902114526417,0.02357032585075976,0.023107622899431864,0.00325197466832996,0.03769159345310366,0.013777976430252718,0.00966182593941728,0.03575356346499469,0.0,0.03167506361523459
2020-11-24,0.05917662686123634,-0.016492868797035216,0.04268746598263688,0.05642797297842267,-0.0011540837489631304,0.06836973892836891,,0.03026225623292321,0.06408184247843625,0.01604596294017542,0.06816726245176413,0.005305022419888543,0.020580852654051955,0.025590636743188875,0.062131814450397255,0.037337750905926205,0.019695135744413554,0.035348025653600505,0.03718822741731203,0.04376604468227533,0.040181475988355676,-0.007682506195537551,0.0898563388794245,0.045200349572241796,0.0035778310477050513,0.05377902744904509,0.00869576466970019,0.03542276106551277,0.030234735499656544,0.026045326597708075,0.06340175937662591,0.0,0.04467238383557718,0.011299587264896022,0.039732774095372035,0.02681608109823529,0.0391015270088075,0.0,0.0,0.084187415739551
2020-11-25,-0.02966980153415987,0.02301462951848613,0.02327034134198065,0.001723782907817804,0.004608281744821273,-0.048540818699994055,,0.0,-0.004962924365482947,0.0020129921836018858,0.0,-0.0026489933062100787,0.003972203473946336,0.009100791448336776,0.0034364220263443566,-0.007884420266889207,0.007432986073002395,0.009535146354260246,-0.004050455625330305,-0.020029660507684805,0.0033700129338074696,0.014462168861894725,-0.03275731809499778,-0.010515623119610866,-0.028987523607320556,-0.0018885761749583298,-0.015267518787302951,0.01952960865182873,0.0022883277640551544,0.0008444464749012473,-0.006849270059795406,0.0,0.012062985668880475,-0.021087492482417838,-0.01620271529713944,-0.002009271642181454,-0.009530321181530717,0.06788651903486899,0.0,-0.0006993237068009345
2020-11-26,-0.013801936057176244,,,,,,,,,,,,,,,,,,,,,,,,,,,,,,,,,,,,,,,
2020-11-27,0.0,,,,,,,,,,,,,,,,,,,,,,,,,,,,,,,,,,,,,,,
2020-11-30,-0.0935220878147797,-0.01684242346045206,-0.025573896854458808,-0.02904847222153849,-0.02140939349521238,-0.04530634536566868,,-0.027399068045118654,-0.030223235315380098,-0.02731038645994045,-0.028639756247313266,-0.011465165934526348,-0.014502304316067591,-0.024052367601054545,-0.02777957048453017,-0.021352974449665257,-0.030171454373039305,-0.023242712064175445,-0.02068834515757866,0.01724942251955384,-0.03789773659088365,0.0007933681646473054,-0.037625322187454444,-0.027939929529611482,-0.04207113447104664,-0.0319912030949337,-0.04556592802875494,-0.028337153471768302,-0.026823643944474004,-0.01489194450116914,-0.03141651677947887,0.003322316983202975,-0.0465198514906782,-0.0440749561597309,-0.01562643773289184,-0.016245590403185278,-0.02858329169768623,-0.03903828430349861,0.0,-0.03978293630416712
2020-12-01,-0.0034741999915378643,0.029290862054750167,0.019093782856759087,0.018646207658919816,0.006810642758366031,0.07831245483016468,,0.025390077040378947,0.03820635016676634,0.030100414988310745,0.007237202529313361,0.022173801403240708,0.011454263111484042,0.021035430492038005,0.06640745341861955,0.029244404919284053,0.016186950819370133,0.03406649255327455,0.011920160006942493,0.01766903730264349,0.05266376039678262,0.03659414130639555,0.03362515676454422,0.015655498419514077,0.015504033225157922,0.023180542518207385,0.020761955497348463,0.017804659898245468,0.025672494404570253,0.008260617727502695,0.08167825469048137,0.05485232667418977,0.06547791560449467,0.013769668070561994,0.024941821247418918,0.017343559323669846,0.025141018325222475,-0.10588742894171727,0.0,0.025628257543154332
2020-12-02,0.0034741999915377554,-0.013492899804564657,0.009997415101489788,0.01281400378197722,-0.006810642758366122,0.015464374303170794,,0.00973898546083995,0.03057665725597837,0.01892418859409352,0.030711476980866164,-0.004395564298790497,-0.0008224186704672789,-0.0005037860572309499,0.026017670987593184,0.011289670763117637,0.0051199076016107655,0.005963033416989016,0.02371688522291299,-0.007144584314866071,0.017795825028774383,0.001527946098302052,0.01294188021102526,0.019026114564222287,0.007662894251492947,0.011626137610872361,0.0045557329296204725,0.0011755709723549653,0.012592993663176176,-0.005824105001747289,0.044735882793668205,0.02020279156592031,0.018605263491056224,0.021978834049256685,0.024605145276132414,0.001827564337265235,0.002754765985073109,0.0,0.0,0.028458209975604037
2020-12-03,-0.009524865470415707,-0.02539810989646722,0.0011692662723037535,0.0010382212617742648,-0.008004476044198005,0.01144311872711399,,0.0076713274730071425,-0.007741978776716006,0.009135852780156542,-0.010898065826753718,-0.020343971308459042,0.007259570560222403,-0.0037018711792856773,0.020652149045352546,0.016274484454019814,0.013913440617386759,-0.007159711250427091,-0.0092156120658658,-0.024682204687972775,0.013586232213642208,-0.02082602404553196,-0.010939797335477413,-0.0065768608909091844,-0.0038240103749346732,0.0006247285304674207,-0.009132430352370999,-0.0011755709723548754,-0.0068494190950057115,0.000365072374978951,0.003120405311706905,0.01223236139965799,0.013730060139703376,-0.008396366406203611,-0.002433880870550241,0.003099084095062669,-0.002754765985073094,0.0021054079166128994,0.0,0.009994831480332249
2020-12-04,0.01252609510991514,0.0032103514993078995,0.016232115074633617,0.013058593352374512,0.0022935266937516327,0.018785883234203316,,0.011527381594557223,0.02377141959835562,0.02219764820950051,0.035420030323455455,0.0,0.011713499664012786,0.012730574899041641,0.04006696101427494,0.0,-0.002974415562206057,0.0035863030914618723,0.01730385664897232,-0.007821181470407291,0.007429804902595589,-0.0007798687555748926,0.00995031859771306,0.009032083641104052,0.01142872661573995,0.01456714850079915,0.006857158223132853,0.015178291000748028,0.0034306167369924185,0.0010938558210492556,0.05750427406917992,0.0030350356734646596,0.011299593581145236,0.006722757168821418,0.033278858014841206,0.009600589291275947,-0.004146507837194399,0.037155916603830615,0.03265597578909597,0.01328572142079104
2020-12-07,-0.019318578542448867,-0.011821735321108704,-0.010985745712092146,-0.006851650848804404,-0.008050672281477864,-0.039220823888411825,,-0.00902737864661831,-0.027479263906634677,-0.006074434513206226,-0.008393932523321513,-0.014882175415080896,0.006894175053006164,-0.0036684607080526275,-0.029120854063521755,-0.01627448445401987,-0.016058932656791414,-0.002389625258023727,-0.0047274451606044154,-0.0025216154432996375,-0.037713274637741434,-0.026078070697926795,-0.02000064194817452,-0.0037671390716588087,-0.022989678425557908,-0.011450054568447962,-0.013761777471055543,-0.006976815076892091,-0.008023041765259345,0.003154456846467201,-0.038985596505362485,-0.018349114575611836,-0.031966204113777055,-0.018597400065805483,-0.005513983269172721,0.00036067800446865544,0.00207536443584376,0.0,0.0,-0.00713194913363593
2020-12-08,0.0023475361003539685,-0.0032484351756230895,0.009259347686496633,-0.005515443482683691,-0.015125396466154843,0.006431001065420881,,0.0023626461631917222,-0.006335049766341166,0.013240361816272951,0.003949074645717166,-0.019085910313307107,-0.002866724477772413,0.015416730877214053,-0.028393192377672148,-0.012163512974256994,-0.013648994797210585,-0.009615372363140764,0.0016339692944279053,0.0007421899907387322,-0.02595623139936208,-0.01777087263397321,0.0040322169874471535,0.0009841888292448173,-0.01169597411224782,-0.005461342880027513,-0.006952275555953688,0.004656543387969618,-0.008087670453695935,0.00012095862697221116,0.012158251822985603,-0.007745933989920935,-0.016374676594307188,0.0034072654252611323,-0.0015808269267260173,0.005750314382514615,-0.0027681108276274425,-0.017374121245630973,0.0,-0.013726983803530799
2020-12-09,-0.003523246015462723,0.011859818997423855,-0.01158773624594856,-0.004503616823113071,0.0023419530255451124,0.0,,0.006013469175072709,0.011522270682174292,0.002627202587885528,0.010058911523579567,0.002654362025998317,0.001376910543796282,0.015182733724827821,0.004788597000623981,-0.01852716051186336,0.006516609060543833,0.002412605026019323,0.01652667134476999,0.0010383727952691638,0.010835137464177073,-0.0016313876267551126,0.009013700769860931,-0.007817282960317312,-0.011834390432946233,0.007171859307231297,-0.007001299837713768,0.0,0.00347405771741844,0.003988696352290139,-0.006060475080179059,-0.004676541493822978,0.014051899000835366,-0.0034072654252611744,-0.04145941978957112,0.012287375683838067,0.0006927463917836625,0.0,-0.002680982969625139,0.003793700477052236
2020-12-10,-0.03203716890275133,-0.01948113103615453,0.009280610778187369,0.010706207257459242,0.0,-0.03257628410312426,,-0.001956774203101284,-0.02091210433429037,0.005978999960120951,0.025953604487526982,-0.004649671877326153,0.006059813985209047,0.013358229765670197,-0.00799366061905753,-0.020693440919491636,-0.009589920378633144,-0.019465402117370998,0.006485520917918308,0.00029658435126208124,-0.004842426140915945,-0.001634168765088471,-0.02626414293665853,-0.006464601714522685,0.01574839925329594,0.001086725956907488,0.0023392562799355717,0.02296340012711684,0.010350942164608254,0.008169208076621033,-0.03400640716840735,-0.03497969908598068,-0.03310017429875225,0.0,-0.014257524899903512,0.005823924137040667,-0.01958103271950006,0.0,0.011344800472683268,0.015032864379339051
2020-12-11,-0.010747508176957268,-0.0010934151121508027,-0.006952222218735406,-0.018724394682272,-0.008220858917815361,-0.050248146216341716,,-0.005893527008761267,-0.01138506560391219,0.0022329640845855357,-0.026293147262633963,-0.012730394308663117,-0.004798937730135845,-0.010446159791559464,-0.00967741272336461,-0.03515622850089361,0.0034734223868551945,-0.016099397553999504,-0.018208582361748042,-0.010578987673753175,-0.008625707408579809,-0.003276023713858883,-0.02592169103798697,-0.005920746006983449,0.00389855249982365,-0.01753338616547812,0.004662043557778227,-0.007977506995916707,-0.01964260681538975,-0.003235548076945192,-0.0287102153957139,0.014458148823515017,-0.026798021578205277,0.010186910349097732,0.014806889532803841,-0.008659836804950914,-0.014225016069351105,0.0,0.0,-0.014000623833628184
2020-12-14,-0.006158497513797832,0.0,0.010410439091645731,-0.012326432911658223,-0.007100459655318925,0.04493620049127254,,-0.010564115466444052,0.020774899256028316,-0.00727546241394342,-0.003229252168437303,-0.0033772456751416623,-0.005627986542900196,0.022049206100696085,0.019262190160786948,-0.0009421689898814773,0.015483775402989853,0.01609939755399948,-0.00920953951011494,-0.0023996917858334875,0.004884573214778552,-0.009892844711368781,0.003146323388573211,-0.010594734388106564,0.0038834127920744843,-0.023004156978016655,0.0046404097265053835,0.00911166688858696,0.005817606933362972,-0.013778570624964468,0.01286205404533146,0.012678411756994296,0.019560386950159152,0.01008409895408983,-0.029270441803701,-0.0030219581842737355,-0.0014338230111259902,-0.005167847747055169,0.0,-0.015246286991894112
2020-12-15,0.02657739237319779,-0.006586111808835953,0.002299169856555971,0.014773484552452957,0.002372340317954996,0.030166183734283075,,0.021147607659568676,0.028378655567031036,0.005228808413546809,0.015708344937137336,0.0006762845292046548,0.006200232496781803,0.0020522164373746456,0.02201347855868329,0.022368074049611678,0.01628156265451695,-0.014851789604376312,0.01932507751410974,0.03235405853621424,0.009697751485643636,0.013986344255669692,0.021751225864827778,0.016931032508257424,-0.003883412792074441,0.03290454785873025,-0.002317571240371978,0.006779659860989806,0.0057836114177385375,0.0009733113634599907,0.02211770890045904,-0.0063192408217220015,0.019185321000122307,0.0050041706789005075,0.0152995347353101,0.008509460273045576,0.025497320911728707,0.0,0.0,0.03735229895654981
2020-12-16,-0.013566195793141316,-0.005521981813312724,0.010847972388710712,0.0027892960767776863,0.0,0.0012910450284894632,,-0.006519977382306754,-0.021300996398838284,-0.004854339796389017,0.001339804070842053,-0.0033863952977673177,0.00034363593553633954,0.005504449888483731,-0.01251981656968759,0.009174396678631248,-0.0016807276875634486,-0.003747586636402716,0.005512222766373911,0.0052194478430532655,-0.0104476807626253,-0.018969828436364477,-0.011334549325694094,0.0029048427894669913,-0.003898552499823731,0.0043689848080569246,0.0,-0.011325011238078646,-0.030447365957724404,-0.0015818728768398,0.003120405311706905,0.018838920821016288,-0.0023783020165037364,-0.0033333577301549793,-0.00825233874355349,-0.0021206918558060745,-0.006313700573283873,0.0,0.011873517401227282,-0.002694527245499195
2020-12-17,-0.008573169577791676,-0.004439438124430172,0.0163335474587066,0.0038229433846665574,-0.0059416957674908585,0.014093873810990013,,0.003395365020937135,0.0,0.0020566030735630725,0.005008511768309616,0.0006783139386610989,0.0020573389603257817,0.015562257375695273,0.001573709618934489,0.01630484382026067,-0.006752441200695604,-0.013862941082010303,0.0027037681986336578,0.017204888037185766,0.001124832737248322,-0.005008325666395222,0.0020702636781970954,-0.00832164070997204,0.0,0.006826700669160787,0.006936431691125037,0.022523405447512804,-0.003573555013415749,-0.0006090448646857585,0.006210957647389839,0.004654773214254132,0.004750676600812973,0.008312611322487761,-0.0064815710653875844,0.00035366250687293596,-0.007062268511689738,0.0,0.0,-0.006089309237792355
2020-12-18,-0.017119934847834403,-0.015695384416667988,-0.011801131809350149,-0.005565322510905558,-0.008378378223332168,-0.007662872745569137,,-0.016431309043554852,-0.012324949408290509,-0.007122849802212023,-0.01662381028567681,0.0020317968299017417,-0.0001140374297421953,-0.01870378116241154,-0.020652149045352602,-0.005405429834579437,-0.01285090530533221,0.015113669974741674,-0.009454214582264265,0.0012785178683487734,-0.018529868514111078,-0.010092475684048629,-0.011440433703324591,-0.004942333324264218,0.00389855249982365,-0.007605533570033915,-0.0023069946213047543,-0.017978054070423896,-0.013213479611265863,-0.008688891022312822,-0.03464926903107315,-0.04431101379405783,-0.0143200609563858,-0.0016569702313211164,-0.0011313119705431676,-0.007454583669644882,-0.0035496475092903802,0.0,-0.013201411634443248,-0.015732197503103538
2020-12-21,-0.05081928967956535,-0.007941048788944185,-0.007375797680247064,0.03664162768536287,-0.013309247496873478,-0.02072613051711697,,-0.0019899407097056284,-0.03285252071958824,-0.006416121773293612,0.03608331712709907,-0.02396557903077525,-0.006991288230718967,-0.015378939208119058,-0.021087546709538482,-0.0386789369936869,0.0013187118478544299,0.025911354568538977,0.05952357706064948,-0.030119651914068457,-0.023948528261319046,-0.01533257859691356,-0.044927301775097225,0.03685033128426253,-0.011741750936950702,0.05531298617764063,0.011481316670673071,-0.00796821892951563,-0.03694997177831414,-0.007649474195697627,-0.0358927827079899,-0.0196085324333045,-0.03922065831293284,0.004962779462424736,-0.004539321203591395,-0.008947930923433938,-0.018665390892557282,-0.0697333295257359,-0.03860967361006215,0.018443013936142925
2020-12-22,0.018779867565395836,0.0045452982934872845,-0.01781146508129883,-0.01798163782761696,0.002432947801361469,0.011711296428111374,,-0.00572699987552047,-0.0011656384731741217,-0.00322366059107352,-0.03270270351801223,0.0,-0.007619406366315655,-0.004483500132589544,0.0,-0.002820778730355838,-0.011933303993882965,-0.02591135456853906,-0.027177481738717608,0.0010235238407015784,-0.0019566771618296955,0.0,0.0032767692809430333,-0.015333757170170301,0.0,-0.01769956153290411,-0.011481316670673015,-0.017291392458558083,-0.010088345518681935,-0.007583682394651795,0.009917567636617415,0.008217020787430933,0.009950409612933774,-0.016639341772042068,-0.002134521122741428,-0.01138927770307284,-0.00873374470596266,0.0,0.0,-0.020167914538435423
2020-12-23,0.038027455020484366,-0.00796800445096157,0.019518435209722105,0.02835141822331875,-0.01345586571765049,0.05902525466366693,,0.011156969416873417,0.03851756347806332,0.011706915127200632,0.025326301458467402,-0.013254467081526085,0.011407783334297102,0.01797248744836942,0.03858991521946607,0.028772143613647456,0.004126456845334141,0.031983085420500275,0.025112918762121305,0.009455183682944528,0.01939556827257709,-0.012089837854775288,0.04165053249415423,0.027561467299987208,-0.003944888738747912,0.023286227825836368,0.009195528973934441,0.010410658743523229,0.016342360634859176,0.016829794419620403,0.03554470345426206,0.036951747835764395,0.04595728229014441,0.006689114347023894,0.019609712633573115,0.013005571501518553,0.031657393338141944,0.0,0.019829758445378157,0.04688091597896978
2020-12-24,0.017263034565217626,0.007968004450961557,-0.004558533083385669,-0.0029995150673505773,0.01102291791628897,-0.011036321416097094,,0.002506583305812065,-0.000748546776765983,0.0041213960172082975,-0.0034613109122456484,0.016713486545959607,0.01344480478945927,0.0007880105046126523,0.003149780535425192,-0.0073462385539171966,0.006619983851810919,-0.0012114974955539342,-0.0011314771795677351,0.006925453562815779,0.0007680727880400719,0.003469110014733048,-0.00209410935130589,-0.0044073098473932214,-0.007936471238933228,-0.001760756537524681,-0.006888534352629765,0.0034464599271291476,0.004975128131327805,0.00465235758642923,0.01261851268824823,-0.01589851064509134,0.0,0.0033276443311394564,0.002790185987497531,0.006440370216154738,-0.003547526334335179,0.0,0.0,-0.016946903188021528
2020-12-28,-0.010816200546093118,0.025743121257402145,0.002281608998121199,0.005658178369479909,0.0288134701932706,0.007370970975297043,,0.0001318870041017308,-0.0033751583044748508,0.0009343210221702045,0.00920321671625365,0.023209248571238638,-0.01978011718882705,0.0007871732661750197,-0.00630915490794849,0.030855411754613024,0.0052644701866660145,0.00965025010584819,0.013301153756808426,0.014984163487499976,-0.007707095887563854,0.056388546664681814,0.001047602837299681,0.0065636725679867,0.003976159161512279,-0.0005877421456615153,0.020525200028131886,0.002290825828834469,0.002478312784240327,-0.0007331989294174434,-0.015797996655513753,0.03310007563164227,-0.009501262850186059,0.019737526519304965,0.004725345133954694,-0.0007134665118969073,0.000710624057910484,0.02197885774589908,0.0,0.0030115370840357618
2020-12-29,-0.007940506633969805,0.005509574837422941,-0.0028527524882561448,-0.0039907590878905394,0.0023640135594251827,-0.016039720638532422,,-0.0010544523512050201,-0.004140780462973592,0.0016797317698403439,-0.003605384277343846,0.022682680568139865,-0.0009349985850075144,0.004083414098871065,0.0,-0.022594575654296498,-0.0021022191791651747,-0.004813443953364125,-0.0061050581367656015,0.0016984526106208905,-0.0011611995818121014,0.030622850684145823,-0.01158531262841085,-0.00263653893863509,0.01574839925329594,-0.00500899869676197,-0.002259959522709042,0.0,0.009852191607671193,0.0029294629351299057,-0.006390004415624159,-0.01091196276716831,-0.007185770739959264,0.0064934894033265135,-0.0024987374427612517,0.0044510706060329796,0.002128292046093154,0.0043384984457830456,0.0,-0.0050241335744535985
2020-12-30,-0.009009193380398102,0.010929145046591931,0.006833737919424356,-0.001000074356346999,0.002358438177005373,-0.0012446621060851048,,-0.0013197882282056123,-0.0007548630190447803,0.005207132715227461,-0.0008210936121345751,-0.000659868269208227,-0.0015211272311877611,0.0029738301416659296,-0.003169747438185733,-0.004580970935915665,0.007600652771600629,-0.004836806152483937,0.005565815990877841,0.01793747924985024,0.004636627248085713,0.005540181612914674,-0.005310497878714801,0.002796084687627458,-0.011788087175874942,0.0019181415630856189,0.0,-0.0011448967841937376,-0.006146386109683386,0.0008526764655859288,-0.006430915643243437,0.01863405366294049,-0.0024066327493534358,0.0,0.006649789519043701,0.0024840540806191492,-0.0035496475092903802,0.042379127507178524,0.0,-0.0010081100550384811
2020-12-31,0.008012170718842495,-0.020868483800774378,-0.006833737919424345,0.010947268497729923,-0.004722451736430646,-0.004993625503636254,,0.003953774606684803,0.004519944277958004,0.002408644892465988,0.013059151345007064,-0.008617861320023673,0.0009364212528656092,-0.008789916464547498,-0.009569491375550339,0.0009179554157458979,-0.007206100518626391,-0.004860233356407152,0.01628568698450624,0.0036047207453836654,-0.0011571685895528793,0.010989124009626584,0.005310497878714784,0.013548508957792993,0.007874078355525288,0.010119738588575013,0.002259959522708947,-0.0022934531015369104,0.006146386109683352,-0.0007310788304312941,-0.016260305591070813,-0.0392206867329842,0.002406632749353324,-0.0016194033071631098,0.012164825355882128,-0.00017727634883916364,0.004966207786413805,-0.03698272072067444,-0.028848092037494045,0.014350468610376251
2021-01-04,-0.034245586330172606,-0.014533509955847304,0.002282983928191862,-0.009280815767098988,-0.019116469843817218,-0.03826997486389589,,-0.012973874708733214,-0.013240120460145194,-0.007018324052098926,-0.024960301599786548,-0.02357789624911033,-0.011177369372736157,0.007851665217385742,-0.0064307551914038735,-0.014787731778243803,0.0036747378299339583,0.0024330694088321343,0.004880067413917878,-0.03177528482474763,-0.006582840505594595,-0.03657007735974073,-0.018172335206095964,-0.009488459221493566,0.0,-0.00292285417937143,-0.011350877978763474,0.0,-0.014815067920272693,-0.002317861640867241,0.0065359953025160835,0.0,-0.021871901603172,-0.011410016645355387,-0.007308778376751686,-0.002839684616346773,0.011259877942560568,0.0,0.0,-0.016032355409003805
2021-01-05,0.03199864417407801,0.023373343723353594,0.00964536739273147,0.007629770245552313,0.019116469843817083,0.015484179762471685,,0.014550792599388062,0.007587118242592595,0.0121985080294231,0.025608770043674692,0.010172945270202577,0.018288780823029697,0.004058840583385549,0.016000246566954087,0.018450747298413735,0.01443757844200132,0.020445629026361076,0.022130713029107345,0.02176138133719386,0.007354366550824167,0.004040345506035048,0.018172335206096023,0.005426591277196373,0.007812561320173429,0.016834050157982478,0.006825953412792991,0.01027992361094263,0.007435154998504477,0.014912030027086468,0.022545230347422226,0.004788424576283465,0.019465268853818628,0.013029419952518608,0.005934118520119913,0.013593421760184939,0.022146087369021353,-0.015184514743871282,0.05425045273139132,0.027562624612857863
2021-01-06,0.08248142740311938,0.004390785035083853,0.021230035644142983,0.06058578821227853,0.005899716076815539,0.0763918054682854,,0.017701798933626715,0.05514080531247313,0.008544070023530874,0.05594209436358351,-0.0027026890048968987,0.018759016593447447,0.02492422734608041,0.034324729665683444,0.05252645439257225,0.005408719961211706,0.032789920157014166,0.052556642631495114,-0.010680498876089205,0.08427615408757703,-0.0040403455060351225,0.07350266676504134,0.04588671772501329,0.03817258197122282,0.058548490283126836,0.04868216981687073,0.0112994866621256,0.03636750503868826,0.01492997013282499,0.06771799380791574,0.09415144301260667,0.06076637867081382,0.05202131711077853,0.06588765197968965,0.02971382390787197,0.0329885189206894,0.08180665496141883,0.0,0.06835940495205228
2021-01-07,0.03505170657993809,0.0021881056276214688,0.016447735748919768,0.021843715633476587,0.005865113472789756,-0.00833831041462743,,0.010012749569739025,0.017021724234520804,0.007187068190903442,0.011731662350962822,0.024065292182655695,0.004663623806675311,0.003640380859922931,0.001532708781898475,0.012925765678366067,0.020593000753874453,0.03620302544040498,0.021137099383547762,0.016534217459370275,-0.004975287371107371,0.02241910213480433,0.0,0.03231132074248534,0.018553458326163147,0.01695638456461585,0.006458569139059069,0.008948660571673187,0.0,0.010026859887528484,0.0,0.0,0.01351365703778014,0.02577842836171209,0.0012875281765306037,0.005883538112472456,0.028722595967613486,0.0,0.009198498765288431,0.022384431937520922
2021-01-08,-0.004007995186465582,0.014107664217269392,0.0010868637719826098,-0.01009363699767145,0.01278344344060986,-0.012033838735191165,,0.004206626930159146,-0.01952844138009727,-0.01703763098574063,-0.00989410083674782,0.010512521364031786,0.004303056242147759,0.004531555433036744,-0.010777806030466644,-0.0017138000374699006,0.047783226588870936,-0.0033388340951622914,-0.005397674102674594,0.013115262925169843,-0.007150578689435146,0.014150975224936493,0.0,0.001103489603120262,0.014598746934204536,0.0041281086019280145,0.012793330074895115,0.007764922721336912,-0.010771993009481,-0.002820893526918533,0.002971950905222826,0.0,-0.024916259004690463,0.002989557894158469,-0.00774921438241131,-0.0025689129194007795,-0.01621828218294345,0.0,0.0,-0.007204987230778664
2021-01-11,-0.006715870661482402,0.012848139518631427,-0.005446589358187878,0.01646398991887432,-0.0011554171973220638,-0.007290502527988747,,-0.00548479741324184,-0.015173710200310943,-0.004492580604388881,0.016235687589090362,0.01492098036297933,-0.0019226055307024934,-0.006198258892630326,-0.015600730070981103,-0.0008581918469091739,-0.030816576092865176,-0.02826644684769355,0.012844514126786041,0.004242838351772461,-0.013728577781717493,-0.0007809766482993691,-0.03811896280963908,0.014813991604044221,0.0,0.010706532864653423,0.006335807959173436,-0.011111156839621243,-0.00724648972611088,-0.006613269480938199,0.014727777810737652,0.0,-0.018518984066450243,0.007434988466019305,0.013009982640157798,-0.0027472233597315705,-0.00393184548838749,0.0,0.0,0.001505426245038115
2021-01-12,0.010723865847948086,0.008474549421453035,0.017325868895621894,0.017683591681259735,0.004613597039234454,0.025287353729599695,,0.0025548916821961135,0.0018185700580955902,0.01600630233449876,0.0034559263374574546,0.012159966058129645,0.008342723709312664,0.014453641443709761,0.014051634109431136,0.013640480948749064,0.004443457520103029,0.03935293529503206,0.02812086261339325,0.021482999501682254,0.018739289445854256,0.020109004237712898,-0.0020471654621635293,0.015596655141343306,0.014388776673116107,-0.0034237828578394356,0.010471317424879488,0.016620778923129104,0.02867576393548328,0.010724246153023913,0.011628163577535914,0.0,0.009302325774103682,-0.0029673055972885692,0.028760881369407812,0.012133919093609995,0.008499532394565053,0.0,0.0,0.020840265201808424
2021-01-13,-0.021791322944481092,0.002107632979260654,-0.0005367981722154786,-0.005959395884916265,0.0045924924395653426,-0.015578608700645443,,-0.0024267451804065223,-0.0029111836102448116,0.0033178591108434102,0.0028457672238480195,-0.0012730218083053689,0.0042571505011535565,-0.0028442222659087486,-0.009345783227630508,-0.007649769243593641,0.0004924411527430331,-0.0011030237807086926,0.0024130145389774592,0.011298077423003944,-0.02128904477249053,-0.006915189072819486,-0.017571468035430943,0.0009269369160687486,-0.003577831047705111,-0.003171612650372587,0.0020812320903896655,-0.0033022368937992265,-0.0023584000309401646,0.0015229836505153641,-0.011628163577535993,-0.007272723562946749,-0.006968706731531589,0.0014846790164410803,-0.0221283976890714,-0.0023809764819523013,-0.01640990774618739,-0.018293195522197412,0.04037720663768585,-0.0041336572501683285
2021-01-14,-0.007065570454284427,-0.0042194142661064775,0.021780380149885228,0.015715761596750925,-0.0034423905366567347,0.012005083468273453,,0.0068815990872238934,0.004363505497122544,0.01895789652409336,0.03165042768638115,0.005082483527446174,0.006574186810043039,0.008508239481952685,-0.0173643393080957,0.034385011892338696,0.005523752141613867,0.013158038865956083,0.016142290418221825,0.00013221158301261312,0.01340383827859298,0.003847794271552111,-0.005227360666696472,0.005825368755686751,0.01423515420985612,0.01197176665290164,0.01853819127319109,0.01640287418173302,0.008230400254557846,0.001637047243003325,0.0,0.0,0.018476351903561897,0.02346156236743015,0.011628156366036126,0.01822217268777635,0.008566745201936026,-0.02072614767277443,0.0,0.027718956434166362
2021-01-15,-0.014282694792514596,0.015731760570834998,-0.00791378924933947,-0.029256034024672847,0.0,-0.04266356168264524,,0.0041822739399129255,-0.02498290337859059,-0.004161726589717187,-0.07178076694266151,0.006317331829381834,-0.00836457037191055,-0.023612005738085976,-0.02908120732859604,-0.04295396840539805,-0.012440635557129008,-0.02761081893803024,-0.022533800059679077,-0.01049499748777516,-0.01595962480089841,0.01751087189750465,-0.00842136741015023,-0.018084280805948344,-0.021429449453630244,-0.01621600985800624,-0.018538191273191063,0.0043290374024507715,-0.015339514776850024,-0.00609490382578356,-0.03875296124919312,-0.035665030293697934,-0.046846988122136536,-0.027922527549225935,-0.030622595373283035,-0.009238088279825044,-0.007244020905052836,0.0,0.023588858364226653,-0.08119442533316745
2021-01-18,0.014739970093931767,,,,,,,,,,,,,,,,,,,,,,,,,,,,,,,,,,,,,,,
2021-01-19,-0.024766753267185405,,,,,,,,,,,,,,,,,,,,,,,,,,,,,,,,,,,,,,,
2021-01-20,0.006540555444461565,-0.008222111121467484,0.007333692191725125,-0.013208456156025233,0.006741607985136088,-0.005025136202673043,,-0.002157001189345941,0.008895556743314334,0.0048468909189365835,-0.006932227061996998,-0.008087023393971176,-0.0012345054975006332,0.009104695314794943,0.011428640842301887,-0.012522452977432676,0.0026220052187781047,0.0,-0.012759563743270455,0.0038638798408069997,-0.00716585564825992,-0.0030166092670774335,0.01700354727974105,-0.015109153246099547,0.0,-0.002001861916207108,-0.0020943078812466743,0.0064446793829593145,0.008259623726198892,0.009053291263469545,-0.006097776742806457,0.0015398370101779959,0.0,-0.016654350996104572,-0.022704946954371235,0.005421003534191717,0.003350018053402788,0.0,0.03199802999994755,-0.005223620584629745
2021-01-21,-0.009121842750843533,-0.005173315744969546,0.003126697196880081,-0.01778252554840267,0.0,-0.0050505157860685915,,-0.012911575205915871,-0.0014769920541343002,-0.008091192261606305,-0.022059908253017832,-0.0006248236633385775,-0.00710059105514796,0.00437113924548833,-0.01307205413234102,0.006280877115123041,0.002241721709496071,0.010706786500485814,-0.0037938545590266823,-0.02368250843861637,0.02275234249623833,0.009770917757458033,-0.0031663928663282696,-0.008419485403929014,-0.011009315102398323,-0.0018724613365661855,-0.008421052938591743,0.013822803761071534,0.0058583281190273066,-0.0012885524799680537,-0.012307719916427675,0.013751071384073508,0.0,-0.009202654579113055,-0.027246620694952133,-0.003893421265046756,-0.0013386608081678872,0.0359936942747087,0.0017809347579023343,-0.014272659328364754
2021-01-22,-0.021373442574768385,-0.025211488031995733,-0.01203878676775,-0.006948904223911617,-0.021506249300523538,-0.011457758993246405,,-0.01360242879815721,-0.03267899599165337,-0.016198598678598526,-0.008766123799522135,-0.024036578173041116,-0.01320792489842007,-0.008306152617591038,-0.013245198583409373,-0.02628168707133135,-0.01820403403193945,-0.007482846981419673,6.900860448908786e-05,0.010969183875248934,-0.022392669647258796,-0.028833656615825237,-0.010626860829395167,-0.007743470324885294,-0.007407461373931595,-0.007659896697036706,-0.012766108622797456,-0.017039984510550492,-0.003510824019742113,-0.012144422580848142,-0.02825926461544906,-0.052971758117057795,-0.03206183385361493,-0.010844288097853613,-0.005512579027373716,-0.01987046781820034,-0.0033545131294299537,-0.04863864549038801,0.0,-0.003129928393931847
2021-01-25,-0.04416810135292059,-0.006403282020935163,0.0005264766388776924,-0.012438258772722841,0.003426745509375958,-0.037838862517980895,,0.004295134961624488,-0.03457334292518263,0.006766197252775696,-0.012634640833220384,0.010191022656326714,-0.0027543432634382133,0.000757728147859382,-0.040821905325991434,-0.036469552588393364,-0.006099860503317112,-0.03161016093368551,-0.022186858299388573,-0.007706529861782126,-0.018868677509837433,-0.004629607658260478,-0.044791706651506516,-0.012560606785142417,-0.007462741598724435,-0.023890243595593788,-0.0021436913743433828,-0.004305738307480052,-0.014167958002874065,-0.0006229532092553918,-0.02580798113731565,-0.0016014797944301294,-0.04616205775752864,-0.009389721192560244,-0.022083931970976682,-0.0024251889699301874,-0.023802671604690198,-0.03562183111154495,0.0,0.010602121184993716
2021-01-26,0.041524237911230215,-0.002143776593178408,0.0015777016817655745,-0.007085280582343726,-0.008013888370252834,0.010582034050076855,,0.0019461735185177665,0.005125111068889288,-0.001276562817617026,0.0057627048162541975,-0.005719739971607574,0.0036710310498694627,0.002119172584160543,0.013793226900748615,0.016060738325164154,-0.0043433114139500234,-0.0011079864317293285,-0.004532786266787069,-0.012015505342862743,0.007299429781806695,0.007704292480639047,0.026462174413922967,-0.004095681714159163,0.018553458326163147,-0.016296757767730062,0.006417230252931281,0.011796456034286225,-0.007159926135020663,0.0007191293090857285,0.009756119847877638,0.012739152061169923,0.0233474106631739,0.0047058814138032316,0.0011019858394350315,0.007774184503045834,0.027826739139782432,0.030305362595265166,-0.03194017527517759,-0.02703730938512704
2021-01-27,0.01029558704724157,-0.00862074104554759,-0.02393100970558829,-0.03653544729123073,0.0011488638429052026,-0.04027382385747979,,-0.0173895215049131,-0.04833793590728373,-0.02719110564134728,-0.025103206281143153,-0.01735798561845313,-0.020826896655401782,-0.006980205702222595,-0.038399116590485324,-0.03626348847297708,-0.016393009883488012,-0.04535921765871017,-0.0303760213199522,-0.05593095632625017,-0.007665662219239597,-0.0069312739401487305,-0.051350555030492316,-0.028679205102072985,-0.026072216130737808,-0.039968195183876905,-0.02591944035397903,-0.022642550277267283,-0.03658949381831608,-0.02585277187347088,-0.053168587699084634,0.0,-0.04189103514199691,-0.028573394051581,-0.03488474972955322,-0.01946205934093196,-0.025764062436675287,-0.029206955977253757,0.008536647399667361,-0.03932261476600315
2021-01-28,0.018643778327087746,-0.002166692037508993,0.01495749520307991,0.01629304747281208,-0.0022989657458138925,0.03234775798601024,,0.01140932116746555,0.03686868965047451,0.012669942311813752,0.01570104437954451,0.012246273670653148,0.007454754184469349,0.011657084194967747,0.026340393431844418,0.019249808357633583,0.006486302857991525,0.01611082786912039,0.006164155636365476,0.04488101484103273,-0.006617776711715064,0.0030864384994012933,0.037103959649666174,0.017444384398443015,0.029741954884110834,0.018196699072199875,0.015201207348172012,0.018369013299940094,0.01234591312090945,0.009788620509484463,0.026937661864908667,-0.012739152061169882,0.0211647410155878,0.02071788383845993,0.02102082422764943,0.011514415928616219,0.037078724359320185,0.009830673454349795,0.0,0.020991308930615328
2021-01-29,0.0065253974083827205,-0.02748959047658829,-0.045006066146083365,-0.0223454732043571,-0.028006452832127562,-0.03509132252125262,,-0.020683449774227838,-0.03976185311856236,-0.01342023384792443,-0.031236422485470604,-0.03057147758487401,-0.011555201907547413,-0.040546103449064834,-0.02634039343184449,-0.03590862144389746,-0.020245257177786632,-0.021928166030557295,-0.014097728947453819,0.0013881094379136825,-0.036053585128808616,-0.017878396448303344,-0.026847322839621608,-0.011129206149743373,-0.014760455480811794,-0.033294652711871014,-0.017391858122707063,-0.03597113462876492,-0.011104356323063244,-0.01546054732506486,-0.026937661864908688,-0.037555268695898515,-0.01849455141338412,-0.020717883838459978,-0.023018445376270562,-0.018557816752899938,-0.04882331396053623,-0.02197885774589907,-0.019001417927834028,-0.03065021158520903
2021-02-01,0.007866708063493849,-0.0033500061416946196,0.019769855361505235,0.01040102059222178,0.0,0.016349293906082266,,0.0022848410268457814,0.015198431225426377,0.0011249928059172524,0.007558869367561,-0.004634280630061815,-0.003410636955176275,0.017402616231557175,0.019383792564748845,0.02440319575289044,0.005526434148374176,0.005817338161436788,0.013042755151047506,0.0786548088328766,0.005719975502608066,-0.0023556982942629606,0.017977729426953973,0.007356198061608039,0.025689463661643257,0.009204479193993975,0.01307216850019298,0.015418900968307864,-0.0062227872921293325,0.004934069407444146,0.006802676510334474,0.0,0.010610183758581792,0.02229381981220486,0.0035646389927367775,-0.000530310517377815,0.01722401924295143,0.0,0.0,0.003674573263675378
2021-02-02,-0.00856390883706225,-0.004484230798325076,0.011354539747263154,0.03509135737176232,0.008249925025261376,0.026668094486639836,,0.012409495004163457,0.026947138081181102,0.01469958476066537,0.019490421178448018,0.0059543580204428105,0.015893899111402605,0.02043074520249521,0.02243412348911197,0.0076850786869768995,0.0020973415237576093,0.003474166315337326,0.04358898027455439,0.02631740814592635,0.010966150041066328,-0.007100463206490697,0.029623915666076143,0.030317956674081603,-0.007272687185313448,0.047332537696843646,0.008620692375389873,0.017335052910978057,0.002493576481026545,0.014657576112927567,0.04636591118875014,0.006633544011319262,0.026043149734363783,0.0015736928255728172,0.007798785870239774,0.02099444057464055,0.013568753726521563,0.08004270767353636,0.005553826070733582,0.025026326403553217
2021-02-03,-0.010515317983975455,0.0,0.012820889462016908,0.01756957314985104,-0.010619454473194812,0.016960727594715383,,-0.002788819123258744,0.009085530068764197,-0.0016637737318464705,0.025191985166955103,-0.0019808176000011583,0.013931553005815344,0.005118181569322786,0.010186823746117199,0.00857558270859445,-0.00235999801609816,0.009205966587294773,0.0054907652297310145,0.0021205084767218925,-0.0037677167018688538,-0.001584962232957534,0.006465576177245504,0.011386179483412428,0.018083632810724344,-0.00494512938075527,0.02751498727204905,0.009620462171052191,0.01114579882320947,0.00048506784542035427,0.01286205404533146,-0.011637717727057505,0.010230196189223465,0.014051647113899429,0.01123625249763842,0.004663494282350719,0.006046324662756193,0.0,0.0,0.03042661030032632
2021-02-04,0.006088755886774331,-0.002249719008181657,0.005821502532436936,0.028716005214730785,0.004733543007358529,0.025544027818619537,,0.015831447824165887,0.008614178588986752,0.008657891871364676,0.021213678263907618,-0.0026472401119046695,0.0038798797999740264,0.0043448054408047046,-0.006779544169216074,-0.012410792436666809,-0.002496742902405323,0.00457154804370278,0.017860687637846446,-0.006250027724373128,0.01758697314294761,-0.0023819952936070922,-0.011885599606794117,0.022752182935169694,0.0071429068429845356,0.023655609314638802,0.01244827241801686,0.005305343959157571,0.027931349008363304,0.004353507009103949,0.028348282411464955,0.04416092220606688,0.01765498144944407,0.0,0.030128072124510494,0.0036124836168226846,0.0026756067599361982,0.0,-0.0012314928251141116,0.032993915055165406
2021-02-05,-0.0002332576773412448,0.006733949806506602,0.021405189121430093,-0.004008053389737604,0.00353570251739015,0.012531493659629675,,0.0031362987747595664,0.022741315770220177,0.006034672355859873,0.0027201239791388014,0.017734425940826706,0.007828117600561197,0.016605469118788213,0.02519022421707356,-0.008683035192739231,0.004463913747210592,0.04022882508041569,-0.0008514661360000418,0.027212414918041654,-0.008193966215138739,0.001588627128959797,0.010810976383594571,-0.0019546939668773425,0.021127426784920106,0.012782463809794762,0.0020597981363472107,0.019906422200763767,0.005970159488361479,0.00781298114195344,0.03957896384809801,-0.016129475474922203,0.03198302368488683,0.012326891053494764,0.013193371833533047,0.003428123588207019,-0.0026756067599362,0.04413950112783905,0.0,-0.0030665603980450707
2021-02-08,-0.006560392653778264,-0.008988741464485007,0.0041236282835422945,0.021999147102932066,-0.0035357025173902447,0.007444416066842655,,0.0019553568752509925,0.01625445589759579,0.01340125324078046,0.016953622117975964,-0.005876504882522697,0.004622610179585738,0.0076165771236895675,0.013179733325151675,0.022989671091994283,0.034377200301002386,0.0054615702682268,0.02240482546659291,0.006688927348703646,0.0033602459015238052,-0.007968155316301757,0.016000065528385597,0.01553303838688817,0.030877324193979573,0.013699988740053964,0.02839945887160582,0.009292466192048134,0.009478643543095073,0.006801513781003709,0.026511142840736426,0.001624809762781706,0.009638777340143222,0.04051566234423457,0.017237330335553705,0.009028306133657885,0.027091219083235186,0.0,0.04635193301812818,0.02547160286965731
2021-02-09,0.004924197736431968,0.0,-0.007745904276583398,-0.004239798070385129,0.0011799570723645982,0.0061613428628163455,,0.0009112135039996532,0.0033687402408687918,0.004128674888938729,-0.008361576794879805,0.013012564323325435,0.0012364486282910817,-0.017665564892719206,0.0,-0.008559480906321788,0.001896542408358459,-0.020914351218841,0.0010319626802518095,-0.012563091693486598,0.017365932606818575,-0.004811525603732922,-0.004241666497769661,-0.004004087860235521,-0.010186787059751108,0.00013477523141806327,-0.0020021663256532475,-0.004119559194111481,-0.004728046719046031,0.0020197544334067227,0.0029026881755270916,0.014504665712140392,0.011918918244288658,-0.007380117129381048,-0.0030279626490028674,0.0023712177272960724,0.0,0.032821472326530585,0.000588085816823534,-0.00420076855329224
2021-02-10,-0.015321494583942401,0.008988741464485004,-0.0130448836372413,0.000909906009574816,0.01172345214873428,-0.003692347160338557,,-0.0036493541002458724,0.02034474181917364,-0.004308682788974522,0.007890256489172546,0.01603096272503621,0.0006739493800549443,-0.009550851506950663,0.0,0.011396159772601775,-0.010923487192005886,0.0022222771550749454,0.01263378656150077,-0.00887721889363915,0.008752866316531991,0.01039590506495897,0.0042416664977696465,0.0005731203463982145,-0.0102916265841938,0.0012116733534437484,0.0059942139105792335,-0.01141665208880693,0.0035482843449022397,-0.01037887878168949,-0.00290268817552695,0.0,0.03492806987784798,0.0014803574786169328,-0.023345264560190523,-0.0016933247196928903,0.005849895495960585,0.020677515160305013,0.0,-0.0018052166188334464
2021-02-11,0.006628988750887508,0.028668043950115046,0.012007495173079821,-0.0030365981958865077,0.010434933958653962,-0.011159410975687243,,-0.004318739505969342,0.019939169715349134,0.0019771437944740315,-0.006623877103781778,0.025747163815990303,-0.0012358310517655874,0.01340492095809325,0.054153300493964135,0.008462795496401505,0.008393940772676923,-0.004449429468819737,-0.006462208847792675,0.0032148448635131097,-0.007654486039088327,0.02436257790101367,0.004224040578292786,-0.0027962842666558857,0.006872724182264458,-0.008240868706046662,-0.0019940816775283468,0.010384310095672011,0.0035355617464069874,-0.0011999166313655706,-0.002911138308221969,0.019017895167063974,-0.00919560859928541,0.007369240127187087,-0.015917954976264873,0.0032148692523451335,-0.008460882396698788,-0.04470554308161197,0.015169457663147652,-0.014563558858438502
2021-02-12,0.034098043194865424,0.0,0.0041430462976263386,0.014792536840914585,0.0034541979958579456,0.006215024955386755,,0.007968093606215244,0.01496268895433108,0.004121544342118894,0.0067810085561799405,0.0,0.004038734093087557,0.0032495946770180356,0.013857149648244303,0.019471940848738534,0.006186682662515827,0.004449429468819814,0.013144068781172843,0.024749683946545423,0.01705110940401999,0.00387462926083231,0.06031463974151628,0.014117115825578085,0.020339739969405378,0.012000362319895245,0.0236698019102792,-0.0020683290551688186,0.010532646998451313,0.00383469796230928,-0.005848075272563128,0.0,-0.0069523479361959925,0.023223106935054576,0.007922596128482777,0.0032044077442098277,0.006514692895940866,0.0019436487863122335,-0.016934753666442377,0.024454028383293677
2021-02-15,0.036937786144427755,,,,,,,,,,,,,,,,,,,,,,,,,,,,,,,,,,,,,,,
2021-02-16,0.002633847054478436,,,,,,,,,,,,,,,,,,,,,,,,,,,,,,,,,,,,,,,
2021-02-17,0.00021918106159934386,0.02804921884805164,0.01362644140243564,0.004076950432774205,0.012507437245201463,-0.015107882981186512,,0.010143069898577026,-0.00657552009528354,-0.0033901261021551,0.009931446356434347,0.01045203690846023,0.0,-0.016195303197536776,-0.002985126998907227,-0.0070734310357313465,0.006245755972784447,-0.012987150994907043,0.0024972510624841253,-0.015284353514597329,0.004691663381547422,0.013729995787411135,-0.000921176333938831,0.0031057510958585693,0.009756119649180581,-0.007920942440257036,0.007434841564579007,0.0,-0.012242764159417567,0.008786595781860545,-0.011299758806193593,0.0799219724218264,0.01090533543815466,0.0027777972645161566,-0.0039834241510085565,-0.002015269559655297,-0.015248186181995707,0.0,0.0,0.05044497977239616
2021-02-18,-0.020592013793185846,-0.01716779965966127,0.02719569089520972,-0.0064139936527858035,-0.010221525764025137,-0.04062678653595077,,0.004334325905074536,-0.006618949551558413,0.001607408287108303,-0.019962878123815784,-0.017896376759195753,0.0031122232373431194,-0.012055575287218432,-0.007501923577967094,-0.00891263558590857,-0.012016211298092156,-0.005461570268226865,-0.009122740015089326,-0.004410212600261778,-0.01719823371750867,-0.009897274151167515,-0.026145362791437463,0.0033715234585594243,-0.029558717229672887,-0.008251012312195993,-0.028170924622996377,0.005063086291331878,0.005583480398944716,0.017344809929344715,-0.0028449631921537684,0.0,0.0021666213111967837,-0.028131217213988303,-0.006139084695283424,0.00016801486581649052,-0.016134400347571267,-0.01960848792479447,0.0,0.01006131375458894
2021-02-19,0.03840301175084345,-0.0032518789165849192,0.020280624097614015,0.010184750368470332,0.002280285545049845,0.04179729596835264,,0.02101894362625386,0.02519539953158986,0.011179121714588017,0.035590610354553846,-0.010012453621169816,0.00949982020584941,0.0031278681647775373,0.025280133281291226,0.04035634064237339,-0.00399451787179285,0.01952358187040506,0.018289668157824422,0.0153512944170033,0.005427588374530051,-0.006139621081900502,0.03714461810278163,0.01655304441732579,0.006644560561199999,0.0155141234292457,0.009478948966535563,-0.006078650528595039,0.010511066211140608,0.0104024228845148,0.03636778320989213,-0.008733746829813715,0.03613588144632535,0.014164561279722807,-0.03778661565343111,0.017328225909347784,0.009711902264674254,0.01960848792479445,0.09541725619602184,0.023266182526535114
2021-02-22,0.01347192291383396,0.0021690420299835434,0.0028639022262588383,0.01750667500839783,0.0022755091932616547,0.0023363157510272858,,0.0053411462349923534,0.0229120280513021,0.00895928194435205,-0.003960036802457983,0.012500271044925569,0.003183186871587523,0.007662905055663395,0.008772243327014572,0.03048488130039745,0.0037373786565404656,-0.001074860607271104,0.003952712664370796,-0.03206480824822397,0.014108381574660893,0.018307029225321653,0.0,0.009346530872558673,0.026145186215191553,0.018253554468162847,0.03157167816110121,-0.007139287681352543,0.008859451607607585,0.010750382152075454,-0.030685927685278596,0.024550066562914634,0.022704770800829766,0.011188858669749308,0.022136274376692324,0.006749527844898352,0.013440141389337353,-0.044672353454248574,0.0,-0.015182143223533562
2021-02-23,-0.001275410803094355,0.029884896580307525,0.011845510420006084,0.010471315985743839,0.020247944161846908,0.045618005755272674,,0.032422093886156245,0.00432112515362774,0.029297271127609034,0.018448845668788245,0.017852040866946778,0.012523849070930921,0.007756120479887253,-0.0029155024454253463,0.003330568280353752,0.006666736645683542,0.004291885100294302,0.007357529099635202,-0.002875399078479347,-0.004345741662590085,0.023161490199739686,0.014217040559989546,0.00799920064925022,-0.009724494688320401,0.0012912221486359435,-0.0036630320972350886,0.009169509658440829,0.001101953429564097,0.01108587190859641,0.01963604978699048,0.012757141442626747,-0.004089925245911918,0.0,0.00704619859182679,0.01708038603287364,-0.007657896717567537,0.06485587023992484,0.0,-0.003225940313604021
2021-02-24,0.019168679366412443,-0.019108932733791217,0.006104878213978152,0.0239228612345048,-0.007825584707961441,0.031818338698482634,,0.03384171897251441,0.017100077286430797,0.03864573346153486,0.027488284404377016,-0.008578479288578843,0.02035412908004578,0.00904842715031324,0.03302515619621462,0.03351354120075063,0.03416539575114057,0.00852883073760946,0.035180858821266585,0.03239781858293173,0.01694097115811204,-0.010393456481002383,0.023403507903958953,0.01744261196770032,0.0032520442015241983,0.030247403630215473,-0.005519783906589156,0.01709435570507529,0.010953015233699917,0.005161810406465135,0.0,-0.011331677343128111,0.010193619088367703,0.0027777972645161566,0.0365889173256667,0.025636328342007065,0.022173826992168865,0.009469541841461324,0.015932419939797143,0.030494352538199515
2021-02-25,0.00913814760762837,-0.008611383821800865,-0.02272824832455273,-0.012446265496974926,-0.011286708066759384,-0.025861076415806348,,-0.028459350419254376,-0.009500549711583768,-0.020803055011433768,-0.017499084754665307,-0.00989489130371225,-0.0074505603062182115,-0.014212530017874201,-0.0028289036620604605,0.02461432454641421,-0.01330102383851423,0.012658423591234431,-0.008748357962821574,-0.008520880926454566,-0.0059464186494710795,-0.0052377845319963295,-0.013435005813280934,-0.013664796551748685,-0.009788032985016461,-0.018319031240170414,-0.009267829049298452,-0.02421898733392118,0.0065145862559787505,-0.020693891320157663,-0.011173183313256547,-0.021599083427706,0.012096927199746853,-0.005563262252293196,-0.03389236726270408,-0.025313927284044867,-0.010075585593321142,0.0037628503591076753,-0.001581781587239943,-0.019249430509318342
2021-02-26,-0.016047093944346114,-0.019651281243625984,-0.02423758578095928,-0.03454471802740441,-0.006833831467117183,-0.015730911982951113,,-0.02781962167838451,-0.017934694316328343,-0.027913511756403095,-0.022958836816924708,-0.001866487698411543,-0.015395801422781004,-0.03770510403243359,-0.009964447339853414,-0.03837400421884522,-0.0052700105116297935,-0.01372044270389352,-0.025586915341178292,-0.03305888618558453,-0.015695668441994402,-0.01893280790605065,-0.02003725176435694,-0.02688301872387428,-0.0265795413275533,-0.020090811028792666,-0.022599982074514007,-0.02691664936606671,-0.031888340946761566,-0.02815788029365752,-0.014144721998347437,-0.04009448418767711,-0.0100704919827113,-0.021142393239253245,-0.020268877116473863,-0.02696438615330979,-0.017880486070617485,-0.03341590898624531,0.0,-0.03770944043184862
2021-03-01,0.017906047835467943,-0.0022074264841799927,0.022799955214966545,0.030641064150762815,-0.008032113621352475,0.01795783938435604,,0.028058104523844912,-0.000335060652686267,0.024571176490143096,0.054067353286849376,-0.01695467251188134,0.014861378343680148,0.04256613705299108,0.015614274537746555,0.028917649271404576,0.034132392512595935,0.013720442703893538,0.03607556771418139,0.03720682017024925,-0.011509846331147924,-0.009216812909475987,0.02093851544760249,0.022374892938887884,0.010050278022974564,0.029355557219639915,0.011363834577300579,0.03606757488507107,0.026462430051504882,0.0197819880817614,0.005681855524613545,0.0,0.02202294974965575,0.012738999557280853,0.05311980818757403,0.017731591014631527,0.018513184221390696,0.0,0.005787911690651782,0.025117347562546483
2021-03-02,0.0,-0.01111146135107763,0.009546527956615543,-0.007291476000024201,-0.0034622543211643387,0.0055463472647823975,,0.014445266590118928,0.026791658298500495,0.016929822795110648,-0.009100924835273923,-0.01018480918329938,0.0150649131892084,0.0028752232536768192,0.015374212559711858,0.0,-0.008547154924520621,0.01353480621884404,0.003086734883217365,0.008002898592115813,0.00847591738515871,-0.006968515534530477,0.023153042898715906,-0.003261116643899057,-0.0066890062328254195,0.020382104559912403,0.0018815276169354346,0.005048120674390262,0.021529443533751372,0.0006911555220386955,0.0,0.0,0.0,-0.0028169210759734047,0.003771760556731218,0.011648636457744974,0.010695210044135157,0.009661918941439786,0.0,0.0013471708404209726
2021-03-03,0.010060567684437747,0.05011956587955376,0.02208226935390561,0.02474055378844101,0.028492090329659558,0.04435567342116876,,-0.00294320178914761,0.0158656484964771,0.0023016710006569146,0.021108000208936935,0.042586391693090996,0.008492680135300534,0.0034693551364572573,0.013774240325249817,0.01571118902512788,0.003549878580237624,-0.002070444577295919,0.010490592057087881,-0.0035086013730002428,0.01374700524709521,0.04408015518758759,0.032051190147655145,0.01914778221486337,0.0,0.015597184411257172,0.007490720864181371,0.010019941140526562,0.004250741392748691,-0.0010367540880926686,0.008462866473734069,0.03571803695296979,0.02348433669802807,0.007027445019158744,0.029169108018746327,0.0038529444738336248,-0.011961077784554824,0.02281460403262393,0.0,0.014700320821687379
2021-03-04,-0.0042993798219273785,0.002123218440989764,0.02160486862377425,0.007148920457303944,0.0,-0.025724926721167204,,-0.008881491158728237,-0.012932665766658153,-0.011228759734214359,-0.008131657300988186,-0.004301123650447153,-0.0007308940393118761,0.007351364268788167,-0.02213097473241755,-0.038940066826294396,0.017682541629765878,-0.011464361641548102,-0.015488490079846803,-0.014404491337629123,-0.011386587337493849,0.002969579646176956,-0.005985428358512894,-0.015488153275177226,-0.01692083756747611,-0.011644253702754709,-0.009372248481116818,0.011893358063878874,-0.0042507413927486614,0.0002303067297706634,-0.00846286647373404,-0.00743492344882988,-0.02348433669802813,-0.008438922208713643,-0.014094624811578338,-0.007720715213966997,-0.02500930701954595,0.0,0.0,-0.014161612104218868
2021-03-05,0.009393777671593643,0.04661632522171581,0.021148066382403324,0.01171185222370234,0.023321344667632863,0.036251438333329306,,0.015110549150514373,0.01709994693997038,0.016632525105831863,0.005998043507981047,0.03151775609910061,0.01163444975081216,0.01129612684882816,0.02486315948096106,0.0295429531300303,0.012170382257857281,0.02382307548496455,-0.0058479874279241595,0.01161309644173158,0.03149627253191519,0.0463515624497187,0.028742587005696627,0.0023220168273796788,0.010186787059751012,-0.0029631482275514417,0.0018815276169354346,0.012726511829582407,0.012698477068783073,0.024360892885712623,0.041614884303710346,0.04665573014986336,0.02541685016364016,0.011236074453886675,0.015480813851799707,0.014268592096200086,0.014824761994726293,-0.02281460403262401,-0.005260468544393873,0.007239524572258936
2021-03-08,0.08751929896785525,0.041631510871417726,-0.01209398135132134,0.005401208633730455,0.019565867998108128,0.02072597170852436,,0.006772536840526917,0.009867995849520908,0.008294815153495427,0.027941648545207705,0.014806333771913658,0.0036076980694106733,-0.001479264405382961,0.01355036558216531,0.034032662149624915,0.005204589908506087,0.008154915107026027,0.020618750679635006,-0.013335907153993654,0.025138199909409888,0.021701925566142335,0.03761694907427711,0.01316613644779747,0.0,0.0028398449103296582,0.025975380285999522,-0.0038986640764514593,0.031058560009112935,0.0168389136405297,-0.01092895661843161,0.005681791151670936,0.021013053762421765,0.01662091740573353,0.013506789148668968,0.014695705052994074,0.003193733126030283,0.0,-0.012738957871522173,0.03259139323928543
2021-03-09,0.0023250734104684617,-0.011718879189444588,0.015205975594963932,-0.022056612968598753,0.0075067605696673865,-0.006172882584204773,,-0.0029134832919361676,-0.012430520639057405,-0.0003238546676414113,-0.017178038564026075,-0.011232837149376491,0.005336724122438863,0.004577983897043498,-0.021769520747109118,-0.03560738221530467,0.015685673108437083,0.0010146704389856474,-0.010831003466434536,0.025176106267945763,-0.01636490905583132,-0.0027739412673997137,-0.01699764109875355,-0.0070882341711020775,0.010084146464258958,-0.0030870867630868313,-0.0018331474498338436,0.00584219250920964,0.0,-0.0009956901896809403,-0.02503625352673636,-0.03605296978718403,-0.021013053762421803,-0.006891835183326046,0.016508679804256847,0.003132363877772222,-0.005756284970775428,0.047874009833811834,0.0,-0.014062571893380291
2021-03-10,-0.030176736130267105,0.009775105289387733,-0.01160719394904868,0.028499464646836146,-0.006430976696739491,0.005146652944612261,,0.019074563062982726,0.01685530926213233,0.017187737649085905,0.038141661660697705,-0.014371510502640327,0.009777750922335043,-0.004577983897043446,0.020422696584585596,0.010192019007673735,-0.030902389764677685,0.013098540649731477,0.033990389444306435,-0.003248069619541178,0.005484723161425422,-0.009769892047956193,0.019402336764284794,0.021501824280865056,0.0,0.02732862887779417,0.016378955061757777,-0.0019435284327581044,0.004069121988983346,0.016794259367027442,0.005618094060745847,0.0,0.013422766899389406,0.01646124421771307,0.016962044921925594,0.005613603498781022,0.0044799153974361405,0.0,0.0,0.03732284097891662
2021-03-11,-0.023735788287162923,-0.00292269353844767,-0.0058546292146780116,-0.0034846564988426027,-0.00539084316225764,-0.005146652944612329,,0.0029727117880873318,-0.012055916957723,0.007457246315317611,-0.005983842040070498,0.01793236778755083,0.0027332698414023054,0.0023656406390525618,-0.023177669630802793,-0.022082878318616564,0.018044348197878587,0.001000257772040537,0.00023402387999171814,0.009115862325843513,-0.025038914889564598,0.006291584998010148,-0.053444706336812475,-0.005235025626633351,-0.003350095956534002,0.0019236525677960702,-0.007246456474231118,-0.0038986640764514593,0.0,0.009425462492647571,-0.0169496237439014,0.0,-0.027028511039396148,-0.006825905728027299,0.004076461791742079,0.008978277635466957,-0.014795936046659222,-0.01477403447995206,0.0,-0.017844147993301144
2021-03-12,0.028987652657187807,-0.01970492559822251,-0.010899404728487024,0.018622289864851378,-0.009777426092925468,0.04144120912240976,,0.008526193933062916,0.014575665486333163,0.005517655179781711,0.02518832057157499,-0.02458900139050521,0.008755580944313161,-0.003402195362930506,0.012337374895652991,0.014252140411245234,-0.011477641916166402,-0.007024451647650343,0.019424202327181242,-0.0362304148575136,0.005394714861114191,-0.016866165400975557,0.016750805474250237,0.011788902960793438,0.006689006232825447,0.013007926963305104,0.007246456474231189,-0.010800367381439028,0.00808912993830325,0.006769971238045035,0.025317905311604053,0.0029326093277980726,0.023211882622182874,0.010899291016471748,0.0026286734363730082,0.009051560095295513,0.0012952378648770696,0.0,0.0,0.027649098341837795
2021-03-15,-0.05319988769740143,0.03327116126689773,0.005918716825034552,-0.0050204981227959695,0.024799214318799098,-0.0019821683544951657,,-0.003969952767724622,-0.02387505523176228,-0.006782937125606973,-0.012851551111639851,0.034609681020659935,-0.005324862956401206,-0.0007410546077191175,-0.015099749792788593,-0.01744703833685155,-0.0029793025990700922,-0.004036161000762719,-0.007944099503272288,0.0006187797874647652,-0.005394714861114189,0.025193807257186354,0.0024884764379107353,-0.005007840289133239,0.019802597580492513,-0.005707155097356034,0.023194547525509552,0.0019725196283081436,-0.019319493379270407,-0.004400611492589022,-0.01680710223263104,0.0014631245959368594,-0.0019137906387309864,0.026739529311241954,-0.0015525798677978324,0.0047228148036337425,-0.003241427365634943,0.0,0.0,-0.00677790722680933
2021-03-16,0.011881668274320478,-0.009671182898151652,0.0009073634589724139,-0.002917827377699502,-0.015021788225873696,0.006920411715223802,,0.001476525740028469,-0.01591210623370899,0.004894752043335038,-0.012063935841985972,-0.002936864380557716,0.006426439083394511,-0.000444963412245423,-0.005547747875526708,-0.009646309412458894,-0.006346381310541931,0.005042593870274322,-0.012620829409610406,0.018511170438306728,-0.0064439617609325485,-0.011118906533267546,-0.004150794780103688,-0.012043752040806783,-0.0032733342759136007,-0.015865990711245895,-0.008857468595139438,-0.00296030074922718,0.005120302358448939,0.0029003149475895318,-0.014224963510627672,0.0,-0.01156088391858592,-0.0213341442580196,-0.0002389477096105755,0.003489929879331435,0.0071175383806553515,0.02571292075869263,0.022710289474363467,-0.008855471613644979
2021-03-17,0.014778723796355801,0.007744469707559466,0.005427305099261452,0.008202135535067876,0.019272648580709404,0.0009844603588772584,,0.01229352564838991,0.014945131101802615,0.003302007434908658,0.0036750511990232596,-0.0017661491628611612,0.00847169838293253,0.010917809804195912,0.011065095818879683,0.01761458399585796,0.012059281238545286,-0.0018423720094107071,0.009437037763270796,-0.03246601236426362,0.015195273221000779,-0.0006990845709506636,0.019769836919868566,0.010239772011253352,0.006535988783492348,0.015865990711245906,0.0035524252845721715,0.011788148502357931,0.002040939093534757,0.005348707847489683,0.0028612430017762817,0.021692739208901263,0.021093875785225664,0.009389632353301335,0.01318245586121602,0.00393069794371052,0.015355215728565097,0.03299461790245013,0.0,0.012375624047970789
2021-03-18,0.027966998061217115,0.0,-0.014996871008132608,0.025752366542988535,-0.010661147396331281,-0.015872956864674933,,0.001680018589011241,-0.004524984416999065,-0.007563878978533169,0.003255805954771281,-0.013646171921980687,0.004456028668980501,-0.024058173605762994,-0.002754973046217198,0.026626359963392913,-0.0010687505539475925,-0.006166502024948567,0.008802988962786484,-0.024128120967400742,0.01859281268606397,-0.018349184345881,0.00974042133655224,0.01637200223056087,0.022545298847986756,0.0009535651218956524,0.05350712228664581,-0.011788148502358044,-0.0010200627891342592,-0.002242877741431119,0.0056978806220324965,0.026818851612320553,0.015066089971124113,0.03541366451756921,0.005764107237691569,0.0004522724448996032,0.016997650620702163,0.009602854222822638,0.0,0.024055930420013836
2021-03-19,-0.013885768059088787,-0.01849193422902319,0.0009154877865126159,-0.010584871318090085,-0.006451644074435196,0.015872956864674943,,-0.0017921413827151004,-0.009765746464988841,-0.004438835438280039,-0.011304084078185858,-0.0023921603833580497,-0.0004942298341433673,-0.01103317693196301,-0.004146376821728803,-0.021875834289175392,0.010753629201106816,0.00514138874713817,-0.010979294799763919,0.0,-0.015247184836898476,-0.006430848188942721,-0.006483024307519795,-0.016049330173828393,0.012658350833620002,-0.011985312746165624,0.010033678997063408,-0.008933057314651762,0.016194826529699197,-0.0034277487003941914,-0.014306205465211627,-0.06621127023492772,-0.01506608997112402,0.015345538842689525,-0.01286852673108955,-0.00741697260229011,0.0006241518029132977,0.0,0.0,-0.029340980023491624
2021-03-22,-0.0194749377384926,0.029043655672518848,0.002741095280224722,-0.022838566660883627,0.0224009287771047,-0.016873631518689532,,-0.009348371511295445,-0.007222508790493458,-0.0038204161175434013,-0.014486235150206486,0.018980380580237315,-0.005849211300525663,0.0019737525614277832,-0.011142152517421663,-0.003957275366358518,0.0004699248659236341,-0.004111196828602393,-0.014250092659487103,0.006406284257875898,-0.0202435768209837,0.019872807528225827,-0.024692659483954212,-0.02724667817127043,0.0,-0.01237383411819384,-0.005004255212042941,0.011893358063878874,-0.0020100963358838804,-0.0062426661114948715,-0.01159437583451839,0.0,0.003787714052337115,-0.003814428330971408,-0.030645180770334537,-0.0036528223721321784,0.004357285030877364,-0.0453209681811769,0.0,-0.01679425459660637
2021-03-23,0.006370954746630844,-0.019268550383131,-0.025411701936301993,-0.020387123915624073,-0.014877955396285884,-0.0171634764393088,,-0.014475744782461768,-0.024009208244259297,-0.011065904812959063,-0.014699239361892394,-0.017783628033562995,-0.009491255611755615,-0.016054292817586965,-0.029853033693837926,-0.02570410397318,-0.02281457706308666,-0.030321065816035716,-0.022531051745262227,0.011049642533956633,-0.010966550827448074,-0.011307601014610159,-0.030459243628884393,-0.010052494257350605,-0.02871018454000498,-0.03477757618709974,-0.04096137250057617,-0.024939285217447576,-0.017250491002098058,-0.0066076646488571495,-0.020619449740055026,0.0,-0.021013053762421803,-0.031050298815481422,-0.027828310669501033,-0.00996112180625726,-0.024521877112646976,0.0,-0.03940877323309597,-0.018910117775748022
2021-03-24,0.009239120878455171,-0.022627619136670114,-0.005160675951210957,0.0,-0.010764510936929247,0.013151420073100079,,0.008574062104958194,0.013409579753877146,0.003059408877840762,-0.011773672119808577,-0.0193242514567823,0.004906635818609279,0.012102815610606938,0.012903512460965575,0.008910478469131964,0.00825894379528935,0.016842606636773318,-0.00944867094623677,-0.014119491276515852,-0.009347358215297336,-0.020826436351235718,0.017880494348791943,0.007731401964795033,-0.009756119649180528,0.0026504740090299047,-0.014035323353113489,-0.012194976504471653,0.022268027166630913,0.004446045529813885,0.002971950905222826,-0.002980606024379472,0.003853512703731144,-0.017230322806399186,0.006029047507086114,-0.00030787674146296265,0.0044458427444861925,0.0,0.0,-0.0031429108293102516
2021-03-25,0.0004840569923000725,0.0009946011602776292,-0.00613356084549392,0.02038712391562413,0.00862078105908906,0.015952428151524187,,0.012443632653867168,0.002660436315151994,0.0022483648576966343,0.023132222858268377,-0.0048899578201397195,0.0033906361316764465,0.00015231914860386952,0.011331541149678433,-0.004850375215011591,0.007245022545697583,-0.015781600721686797,0.005764526731772683,0.0017917238819742014,0.009691864434294031,0.0,0.016736786177670986,0.012732361169146451,0.012987149195899099,0.010034125602273682,0.02270841860892948,0.0071318902131396345,-0.005017536164532901,-0.002708835028404551,0.005917114979727336,0.0,-0.0038535127037311635,0.017230322806399186,0.030946399077669308,0.0027691550921453132,0.017588313256863924,0.0,0.0,0.03048524677379149
2021-03-26,0.004826399561710779,0.010874900521110828,0.020609666656712128,0.026724032328443153,0.010672525723609685,-0.004957830559532435,,0.011068270619020082,0.019730902506280838,0.01433371214184469,0.017963721810850847,0.02241845689492818,0.0022936182027762345,0.004708713871953596,0.011204469480238637,0.0008100462595907125,0.019918735848504492,0.020987087258718663,-0.009605853405288585,0.015984325080690087,0.004467992106922663,0.01369395275707107,-0.003325090426935349,0.01651273723794735,0.01282080415966647,-0.001873808962975576,0.005167961248820291,0.014113101246042804,0.0,0.010146840625626612,0.020438826408546263,0.01186956599537841,0.019120990082399137,0.016938525347579197,0.04184585640315294,0.012822624407267998,-0.001246010760420764,-0.0276515563862258,-0.005992952638023899,0.011637025956408496
2021-03-29,-0.01308492924528473,0.014641477436814793,-0.007912457743325371,-0.009611574457455092,0.006349159550516494,-0.005981866571768331,,-0.007141292028173398,-0.020727849047876726,-0.00285033730756186,-0.019917559022918915,0.03474005961497396,-0.010302039413515159,-0.0019718878878809657,-0.008391693401516855,-0.03292503778431521,0.0010435313599094394,-0.00834198606160065,-0.00508321283975257,-0.00834090379371862,-0.006191621630952604,0.03170384946911646,-0.010042127823645329,-0.015660803823840774,-0.025807953355565565,-0.0266074197762861,-0.02787637985774985,0.0,-0.009095545415697697,-0.00085945901905536,-0.01455651782600466,0.024764528514942707,-0.024929304222434976,-0.034168848153978366,-0.006541335800653894,-0.0059331004767219165,-0.028455899542014707,0.0,0.0,-0.03376295410716364
2021-03-30,0.01212145514792656,-0.033500593146985204,0.004196787792282523,0.017594056769626543,-0.005288137306338272,0.03536693698528439,,0.004023493173627279,0.027542830057897885,-0.0009519207265562636,0.019095420413278233,-0.017513692625798584,-0.002745039970790213,-0.007773923268033864,0.022223300036211327,0.013300400625626792,0.0008109676472516622,0.00937993488698258,0.01909627474630106,0.026300715369594354,0.01574821970022234,-0.008356539853743654,0.03471470025075621,0.011720237510380142,-0.0032733342759136007,0.015416909101413297,-0.019625870473128255,-0.010060324254124123,0.013111556548809298,-0.003445637199809842,0.01744245110708141,0.0,0.0287100849870473,-0.004018818621459639,0.011419252233789314,-0.001526707877816853,0.0006411462369576743,0.0,0.0,0.024413615988883725
2021-03-31,-0.0014469189158261796,0.00599402265208415,-0.0013970923721362512,-0.007724054401906841,0.010548533254041634,-0.012627648711057718,,-0.0060412738870291955,-0.010403208027293182,-0.007168556054356167,-0.0028822202284391396,-0.006499226366200953,-0.0036714261822414465,0.007622157435299308,-0.011049916905379403,-0.009124835975910881,0.0008099945072266507,-0.016736827104790814,-0.015204967674250544,-0.040487186293107276,-0.010242388557884985,0.009049906628957705,-0.006520230915881496,-0.014672202525729242,-0.04698846731735152,-0.018245678393163888,-0.031109620618521062,0.0020200917131501187,-0.0020059147972276994,-0.005407714184904952,-0.01159437583451839,0.0,-0.009479003947621906,-0.02721260065848904,-0.020966722969707443,-0.0035211328198886545,-0.004497184611337255,0.0,0.02055231276946346,-0.00815721505011209
2021-04-01,-0.000965800372908133,-0.00599402265208413,0.008352597908604468,0.020466396106500556,-0.006315666252709131,-0.003917858976232769,,0.01038149199730714,0.010726633529528871,0.006374609188572506,0.0053462345400932965,-0.007735980404296625,0.008545947133085166,0.0018204919944331513,0.015162293675408117,0.009950169945362665,0.0076074266632808595,0.007356892217808092,0.001955233849610497,0.0006431976210160869,0.004109392937659992,-0.00765242291689965,0.007332099649779183,0.009675533302056546,0.003430457810541749,0.007185413793444838,0.01659021369420765,0.009040800093155712,0.0,0.0029237713986264477,-0.0029197210240945247,0.0,0.024460450183607204,-0.0069204524503154174,0.011127367499680374,0.00809478517587607,0.020395870710206734,-0.004683853625616903,0.0,0.014231563639856528
2021-04-05,,-0.0020060902871494287,0.011943339048996358,0.007819387763808663,0.0021095045087460673,0.013645598202730385,,0.007743110077973892,0.018260857972675827,0.005224626660414547,-0.005346234540093231,-0.009603861952305977,0.005858666615293811,0.014746070929803927,0.022989494734836833,0.007398414471881813,0.007093468119278831,0.007303026983095803,-0.012592525876309458,-0.0247439285041592,0.007151338311102181,-0.000698399141107348,0.009692994252368702,0.005286425131543137,0.020339739969405378,-0.002816918937437971,0.012715922964522588,0.013903049658227992,0.010983512097016,0.005822120277835126,0.014514096858612822,-0.020349542995970873,0.025689441640794095,0.021978977874348195,0.0052831616694614236,0.013897649641784577,0.010043960441442274,-0.053024396911039676,-0.005367549267745708,-0.0037922100006948264
2021-04-06,,0.005007735911901422,-0.006413135713724305,-0.002767765355180226,0.002105368504763547,-0.006799413123968086,,-0.00907663719555018,-0.019878857697344425,-0.006253564598580094,-0.002064097636757972,0.006013342882444553,-0.005352337904443593,-0.016262917346552254,-0.01617282466188589,0.0040867410881618,0.0015477320194937098,0.012396828608210673,0.010820982258266866,-0.005420557751686604,-0.0040800502896874225,-0.0056063095775485145,-0.004834698092546574,-0.007055175471989496,-0.027212464151669905,0.01387718353715685,-0.016378955061757745,-0.005934952683704673,0.005940672453980288,-0.003985830252505046,0.002877546825810319,0.0,-0.02568944164079396,-0.021978977874348115,-0.004930201159261844,-0.004510528926465324,0.01364792071826204,0.07070753961665707,0.0,0.009328125053404844
2021-04-07,0.00881236838339918,-0.020182385541678,-0.004606140144699266,0.009029560668309015,-0.004214873013509754,0.009699322608528281,,0.003662667989124721,0.010950221572719342,-0.004190901958879314,0.0012388434758494953,-0.007824358943763432,-0.0019256071637221532,0.0027289422690534395,0.009465880257758014,0.01698386399328561,-0.010940278434231182,0.028341923412029138,-0.001560855862024391,-0.011198815788808927,0.013200514403933442,-0.01844008460877475,0.00964646001587329,0.015546618620743668,0.006872724182264458,-0.0006318514452798763,0.001833147449833936,-0.001985988887409724,0.005905297017131419,-0.003026417079134744,0.017094498526220494,0.0,0.009250680446230784,0.006920452450315347,-0.0028280277054991915,-0.0004522166550449943,-0.0006164581265999239,-0.02050383652864575,0.0,0.0035073574099751975
2021-04-08,-0.007466325365462302,0.011150644477441008,0.011019275858423465,-0.008777490042042566,0.01259192164461587,-0.0019322649651211563,,0.008494689659885831,-0.0012821264459506566,0.006440409262284106,-0.004964672468851069,0.012012175099189143,0.000507240222052091,0.007691714321214613,0.0,-0.008860414891523206,-0.001042551901471428,-0.021180647662630628,0.013958364407272208,-0.0041647472219426334,0.018324511030462093,0.009262596323876245,-0.0064206957820183335,0.0012254260752410447,-0.006872724182264459,0.014569302272191862,-0.020352132577010615,0.011857738080460378,0.005871064788112558,0.005506005756670088,-0.00851080307897284,0.0014674185152485262,-0.011111286574482597,-0.01809375461342097,-0.0039018563754557273,0.0002434170404160126,-0.0018511738972695807,0.0,0.0,0.0009996467310580165
2021-04-09,0.012982137588773764,-0.010131795986073097,-0.0004565694261685776,0.007278538729586154,0.0,-0.012652450236468772,,0.007006048699600244,-0.01421208507367442,0.003044487940526328,0.0012432113972000393,-0.001194779455853843,0.0028350129926854864,-0.002406782646509999,-0.00404582444094973,-0.003241500870390458,-0.004647539471345471,0.003053364486391397,-0.0009973145393581415,-0.007025156996313984,-0.012959264343926502,0.005657653294501382,-0.0032257642338548564,0.007450288839025729,0.006872724182264458,0.0064629691537587495,0.00930231471977158,0.006852855759437771,0.007774608898065834,0.0064394355595050225,-0.014347175554134646,0.01455626657790642,-0.020696636069707865,0.0042046932355542105,0.02411160765369504,0.0065216400138988035,0.0006174618327833894,0.0,0.0,0.01167274588908999
2021-04-12,0.008875571935971105,0.00305033192804562,0.005012462945668245,0.001748756379869148,0.0062368093519281735,0.013618939524791797,,0.00457103691869599,-0.0026058411794525143,-0.000480209046405785,0.0037214610716511257,-0.0059952312922076706,0.0018183759925542997,-0.002110594966749141,0.0040458244409497975,0.006472528353242013,-0.00023320105223209305,0.009104881012379917,0.00310896257257661,-0.0680152531310824,-0.005365246686535669,-0.001411390396849219,-0.0016168475112408045,-0.0021138989574414186,-0.013793185172191658,-0.006712389675566448,-0.009302314719771545,0.005836509028927303,-0.01266463227862885,0.0014962870110738276,0.0028859332810769393,0.0,0.007575795961974322,-0.004204693235554154,0.005305499149108904,0.005577799997438828,-0.0018535304541062207,-0.02671921432061728,0.0,0.0066446781036290275
2021-04-13,-0.0020702276850665,0.013111559497512562,0.004535115706622506,-0.018645094661324954,0.008256092542334661,-0.009708740145393916,,-0.013666372303614838,0.004555731688792894,-0.009974257459494656,-0.008704753693967693,0.017288071232599643,-0.0009086308033516229,0.00781710503491533,0.0,-0.009724570731090955,0.012271704433253592,-0.007074360975582352,-0.01261556405558189,0.004344036988968154,-0.01661351136050771,-0.0021208776069448518,-0.008123573825311396,-0.011998441999899932,-0.0069687760310807,-0.008139878447910873,-0.0037453474728969694,-0.0009704679830436737,0.00683945832791835,-0.0008550688313809273,-0.008683237526296328,-0.06261352043474713,0.0018849304328370806,-0.008462657360088683,-0.013666989880880468,-0.0030112336585755473,-0.010178287758710661,-0.0009676818925995754,0.0,-0.024331107573058446
2021-04-14,0.01755410933595044,-0.005022538970357066,0.0040642430711276285,0.014141850715632764,0.012257649596185869,0.0058365037526788045,,0.0055984982099277205,0.0074400049612613605,0.002906130516729548,0.011726984112678831,-0.00533333735097234,0.0037307872694704895,0.013239399823961788,0.004029420404285268,0.0073022793526268314,-0.009247602914495045,-0.005083884523189012,0.023137528205964302,0.018892780725158223,0.00783247011342701,0.0007074923714153785,0.017785568144500368,-0.018867317998164303,0.0,0.015719132159181887,0.014897767566457713,0.0029082285074524617,0.0029167201596415073,0.0024559273975631427,0.011560784352106637,0.0,0.0075047284013603915,0.005649697931094463,0.010786995732421801,-0.000754209682506271,0.009545136236520979,0.0,0.0,0.05381600604160489
2021-04-15,-0.018873693531395615,0.005022538970357168,0.017422703846022944,-0.029002554527865834,0.0010145066340122798,-0.0038871781569532167,,0.0019683658630020476,0.004501530887836367,-0.002906130516729557,-0.005087970646667901,-0.00655742805581403,-0.0028221564661189543,0.013503710062521936,-0.004029420404285153,-0.006488187090667801,0.012578800333392311,0.001018713047657371,0.009497038427796721,0.01379928983212494,-0.00714899145582666,-0.01352819690545007,-0.0016038815251450615,0.0063288175724767895,0.01733150339273063,0.00037105928442154597,0.005529958998122111,0.011550118399060219,-0.002916720159641512,0.0038318314770922055,-0.014471922660328613,0.050985569265327164,-0.0018709367253981054,0.008415250779868176,-0.00196311956826487,-0.005143553743077045,0.00442332042920504,0.0,0.05088937621696265,0.005936170837947609
2021-04-16,0.007517453916774127,0.0,-0.006665209179276554,0.0105277945183818,0.005058248291601869,0.022148152001767816,,0.002727834960639343,0.020010122389920178,0.0037116543561632417,-0.001241406840481646,0.005368416668029024,0.0069401130602628185,-0.0020431373546532915,0.0013450126666917635,0.020934696924389255,0.003777187130897144,0.019163565276080954,0.01104489189875457,0.004186195013765327,0.010873478670739206,0.005005374060462025,0.013551422658133049,0.0073983779665098,0.0,-0.02797984736987314,0.0036697534853277823,0.0,0.015459162664143312,0.006142830828898622,0.00870844255344143,-0.004395733923735007,0.011173360558917418,0.004181182481391047,-0.07287266542176449,0.004690542611107273,0.015640006491045688,0.005791621812245567,0.0,0.03717896672831254
2021-04-19,0.02276832900386922,-0.0020060902871494287,0.0,0.0005105864989484412,0.005032863849335732,-0.005730696499533833,,-0.00886477562820261,0.00845483755876516,-0.007599519565597468,-0.004426845296299461,-0.004770491201634611,-0.0038159248815756988,0.007133119094481875,0.009364672506040938,-0.0023932169507388,-0.0007997724652125191,-0.016113304971428814,0.0022760603469166637,-0.050846289044874586,0.006064542017817878,-0.0007136508394072489,-0.005557832386375314,-0.004249211138551201,-0.01384117692175745,0.018156894856082486,-0.0073529313564229485,-0.010582349216792129,-0.005769234109470356,-0.00709946176928196,0.022857978633107498,0.005856643599289143,0.0,-0.00697833472656406,0.005702788757578071,-0.008489746242880384,-0.010608576760345717,0.02829009417740868,0.001533550553311853,0.0009119968022040332
2021-04-20,-0.05183294698780056,0.0,-0.023456152399418125,-0.028221668061377835,0.004008074918628915,-0.03014298788633543,,-0.018976081713009834,-0.04790200468836293,-0.013070031047100923,-0.032979193833382235,-0.002993036699571917,-0.01479880647005622,-0.026307721905995455,-0.026992235503441382,-0.044923939105392004,-0.00988168628966841,-0.07919688794225871,-0.0332193464324847,0.004240128725257345,-0.024138309652541743,0.0,-0.030721853868966555,-0.022390928319567977,-0.010507918409842106,-0.03483694185348962,-0.01862244892957644,-0.020518557580369287,-0.033336518803402874,-0.016943869716172556,-0.03448614221064357,0.0,-0.03581919639212115,-0.02841103947598843,-0.028718484802892342,-0.011022841219031554,-0.023485707564486463,0.0,0.0,-0.031013762198676034
2021-04-21,-0.011437573431195874,0.010983775974498074,0.013599481670652797,0.016666808170805597,0.0029952599949950596,0.004923542631160271,,0.020623830637365073,0.0,0.020347403061176272,0.012247441156476583,0.005381169816672144,0.015804188820817015,0.022383366349310433,-0.002739877315806438,0.0,-0.0015024773496057694,0.03456067613703935,0.010162414668918911,-0.0008756370102020108,0.004463477997771697,-0.005008855177352396,0.008990674170347907,0.008472254449107805,0.010507918409842002,0.025042852575271,0.009354619880277972,0.003941036028813761,0.011893225314113052,0.014059484023028125,-0.00881066283101027,-0.035665046600208264,-0.003845986738971711,0.004313441649980406,0.019403468233631087,0.019210819649760635,-0.007089895302838796,-0.1144679961996803,0.0,0.016321054107873774
2021-04-22,-0.013544124530312078,-0.012993754474848346,-0.01268691750173667,-0.009340833643056068,0.0009967422297306884,-0.017839757005876825,,-0.0003292498586042091,-0.003604689516783426,-0.0011285330646716588,-0.011960519799927738,-0.011394512699116868,0.004412796622411462,-0.0011656261831436982,-0.012422416359601667,-0.023669889047043025,-0.0042883831774962605,-0.0021254648150105648,-0.013270897243465127,0.01146993697647788,-0.019720361386882698,-0.015907815198152108,-0.022213934112363016,-0.021282536441862492,-0.014035179418048346,-0.012187239988580264,-0.01500976199847498,-0.0009839540742517193,-0.007913104271962306,-0.003342445151884767,-0.0059171149797274565,0.0,-0.013579466885061444,-0.010093768754275888,-0.01813216100297938,-0.0009062749809188975,-0.017618620425877272,0.005305136804865901,0.0,-0.012566927312451499
2021-04-23,0.0023686943900674906,0.0030137064958500256,0.021205084567462045,0.021150999562392404,0.005958317154700294,0.011928387881542811,,0.020320850332532163,0.002950289296968728,0.008513451536535837,0.022240070559504204,0.013181791769417838,0.014603276309744478,0.018060268784121817,0.015162293675408117,0.016122667373069857,0.018640503878161463,0.013735070578003947,0.025366957433031613,0.0023071844813647227,0.014223808074687322,0.016624947154449923,0.027084060553805262,0.01895478716884171,0.0,0.03341158515661102,0.02058070454695749,0.014655945919130223,0.010864403351622911,0.00935257439882343,0.017647498834832125,-0.00911861681564211,0.01934314434487134,0.02008667062010126,0.0301631107614023,0.019754915132920912,0.009174307571101114,0.0515578779665972,0.0,0.02680383928730336
2021-04-26,0.03753572463887215,-0.021288322748091944,0.0026749903476149936,0.005853241389285131,-0.022023062477082016,0.01665900253525928,,0.01293272558331508,0.02584960922540304,0.006536616482366816,0.011422593970518733,-0.02226993656511801,0.008641043298914129,-0.0015762497014304676,0.014935726168185419,0.021649426623140528,-0.0002277252427735573,0.014583562892803645,0.012213332485814594,0.024049772924076614,0.010281001854759475,-0.016624947154449867,0.02162684436956295,0.002460253456136052,0.014035179418048327,0.007016736110052347,-0.007434841564579,0.010612744092454397,0.00196260752703828,0.0077803123001599995,0.017341457675921435,0.02562307432659045,0.03204779717369701,-0.005697986112937359,0.0023399941413538967,0.006499189569545154,0.003256333298645023,0.01694109126843509,-0.001533550553312009,0.006363587586332888
2021-04-27,0.002276139462002898,-0.0010251151891887674,0.002667967447109396,0.011855626092486322,0.01007056857376934,0.02590044328670335,,0.0006368643593143914,0.0006377063174028501,0.00317288091477629,0.010882385715403177,-0.005492745520784766,0.0028312798882762953,0.0018626148945524344,0.020014043762763244,0.0171504036962851,0.010209875854955953,0.012333055938629446,0.009012591083992095,0.013685363163938582,0.04630321377068712,-0.013945123415338203,0.014162275501364056,0.004572462071111178,-0.006992966628461434,0.005382769309886219,0.0037243303750116303,-0.0009601009089568881,0.004890023380563189,0.003074212891923291,0.0475614299201242,0.0,0.023832513706648472,0.005697986112937349,0.011495824059862731,0.003380982592158228,-0.01045762500494709,-0.00694109154626997,0.0,0.021294088592760167
2021-04-28,0.010366631267543678,0.0061350603120042,0.011918038191836348,0.0037538577806881415,0.003001543459120209,0.006606993113771098,,0.008664728390857393,0.028905640148605454,0.007103161503721014,-0.001096554985143993,0.012769874255166182,0.006995111449049774,0.009828403844446365,0.013123569530484387,0.10519844289268891,0.003942372325664097,-0.031122853736968315,0.004260481064904569,0.02897948140259781,0.0035743338654579326,0.007363789831021936,0.005453906373812674,0.006458772261416629,0.0069929666284614216,0.009351232026787264,0.005560616563356582,0.008608135610817906,-0.009803929987261865,0.0113661769515007,0.03226067949208109,0.010362866657685604,0.037337817349603446,0.0028368994943927463,0.012206136939983769,0.009056162268582564,0.021450212354488525,0.0,0.0,-0.00022199555153170337
2021-04-29,0.007286514737476813,-0.0010198876024030304,-0.012362262235751998,0.026622254636522107,0.006968547215928482,0.004692605710133224,,0.0055603012569627845,0.010474472464711032,0.00595865403011541,0.01267466862125114,-0.009104781279841363,0.007427144844824365,-0.005971025239494455,0.011665815670048254,0.03438741560357057,-0.0025887631252151577,0.026002591846053053,0.013864766533011021,-0.014794899357184988,0.02845905256563186,-0.002203438504956208,0.015420394848611726,0.01925761021182348,0.006944579241587489,0.015179148433572105,0.01467926037956832,-0.012458137032007724,0.038652093616665155,0.006778795445184022,0.015748566431864335,0.06001801426977885,0.01730121713477757,0.011267796465789744,0.0027590835029483824,0.008686951796802024,0.002569065465423799,0.032308328956925175,0.009671719933998252,0.025406650378285774
2021-04-30,0.00037243901792274496,-0.01438873321044759,-0.01928739341752215,-0.014208812229188647,-0.017008854919127073,-0.10973977563751659,,-0.0039882765651105285,-0.017311023247944625,-0.0042301464306072085,-0.02891547270756298,-0.039171960399374144,-0.000961390318653733,-0.02089278682094811,-0.012970469157978996,-0.014184664920377732,0.008641455818294612,-0.014477990691369798,-0.012888423954742094,-0.03975147784040566,-0.015888348256072535,-0.045890015567732124,-0.0255729158809978,-0.008932288803851513,0.006896597680170045,-0.0131176496225454,-0.022100308301839837,-0.014570408722807042,-0.015281902103127415,-0.008454768870178266,0.0007876074808035083,0.0,-0.02255065353178903,-0.014104695960182628,0.0056141597696484965,-0.008977684265512539,-0.019430608902729306,0.009587720953246705,-0.03820797038709635,-0.026072549994821566
2021-05-03,0.0018588377063953315,-0.003110495949577068,0.0259291064825374,0.0007401446230790397,0.004028257183857644,0.010395380433241688,,-0.00021212812420138213,0.006526749508864947,0.004073858644934285,0.006576079041572062,-0.007638532987291232,0.004702287786924415,0.019465788460446914,0.009096835208475238,-0.01874608303056602,-0.001006555197001178,-0.0031299553561001674,0.004895301570284382,-0.00699624990693206,-0.01842620717576181,-0.007727999659656531,0.012480594004169069,-0.002929735377967409,0.0,-0.0010908716044006868,0.007421047922271557,0.03272683378363611,-0.0009630207471193912,0.008454768870178228,0.0,-0.009756249839303554,0.008733604866830225,0.005665773751468863,0.008658243784550958,-0.00233000029222337,0.004567566784513097,0.017967522092522732,0.0,0.009499824894433951
2021-05-04,-0.013651365728437333,-0.011488148464157723,-0.022312427953136742,0.010789217317497426,-0.00503778888305053,-0.0020704017936748133,,-0.004143329984511142,-0.003102631825298996,-0.004230963722369876,0.008608562881526565,-0.018053258709179853,0.00028713359476254083,-0.01019032485612207,-0.011711160785674855,-0.02505655254883161,-0.024916032161000162,-0.01261843958215692,-0.00091397073489193,-0.008634588286401358,0.0019556182226689684,-0.01563739523453686,-0.007781979345595636,0.013728685030961694,-0.0034422663717227488,0.002180554504550086,-0.005560616563356459,-0.00951499384322142,-0.019455871686757904,-0.004166052604048607,-0.0052631172712709375,0.0,-0.022868121049287034,0.0,0.0020053954365506473,-0.0014588750977674795,-0.02371650611301877,-0.0372358968681549,0.0,0.0057008289519606785
2021-05-05,0.018468663860239102,0.024897320103770052,-0.02236012154561037,0.009467295978105446,0.01005047046715766,0.01949780960876848,,0.008797616766244265,0.022735070644008284,0.008755492457216046,0.01889934664318974,0.02187991000323531,0.009999614914148263,0.03668209099866847,0.015584794735178804,0.014079551095031445,0.014119875631731671,0.0063291227862212395,0.02199469731709111,0.009350567595704497,0.025716472584967023,0.017962061473278352,0.01934308471411573,0.013035438956404173,-0.0034543313084473178,0.022375912344666526,0.0074073976903833785,0.01987767121973928,0.009775179063646009,0.01131242479560628,0.013106290102442965,0.0,0.010619519928615052,0.002820823674018326,0.015901470752487937,0.013775206732791302,0.023716506113018808,0.0,0.0,0.004362839813502939
2021-05-06,0.004242633656196171,-0.0030785035475238208,-0.006481305643522236,0.014868494162659143,-0.003004621766792809,0.013125092275654341,,0.017677054876939026,0.00877072378058919,0.014219775669512508,0.014411768730887155,0.0025428074794661155,0.014767767594653383,0.005408840248161713,0.015345439694130977,0.02039396927952944,0.00934131742938501,0.023897262843405685,0.023080595784945847,0.010114855864609942,0.003484958849899435,-0.0031009034981777355,0.003823809455468603,0.019924846653078122,0.027305523669968107,0.027082530082892745,0.03267072788487154,-0.027555182174268073,0.00871681534598333,0.014547845038210907,0.01036290220912308,0.0,0.0597958772172284,0.029148571447152747,0.012907783012909168,0.017133597090551095,0.01934305122371962,0.10428987151170081,0.05428881597190398,0.017087146753655587
2021-05-07,0.00715267725981289,0.00818844867033926,0.012462537646722274,0.004038524052836858,0.009980112368426523,0.028672076962873706,,0.006613781168966162,0.008694385947226893,0.004288041512047248,0.004003746456280637,0.01949130338784371,0.0053079117832118446,0.018771291793262146,-0.003814436198491184,0.019279467096796093,0.02108805147495066,0.022335779039589602,0.013354376700177008,0.011836212133609792,-0.0006326664165563948,0.012346009878780465,0.012893619932633674,0.003416794655268968,0.016694838584174518,0.009969356838968506,0.0,0.006721316898082323,0.0,0.007901908755877839,0.007702214966964881,0.0,0.011541641129269555,0.0013670971294256866,-0.001145809819539945,0.004237854223155219,0.008900321865272183,-0.032059793287147226,0.0,-0.0019320048935401758
2021-05-10,0.020261134256558833,-0.007161227440795591,0.007767721339846301,-0.0030866693839702833,-0.003980230606638625,0.006799413123968118,,0.0039062966050536834,0.00268300099498607,0.004117180896670064,0.0006658870614302709,-0.0018695300158385673,0.004540715795296012,0.00582005098317122,0.018928042368409573,-0.021444755883220222,-0.016354392299997723,-0.020284365820652257,-0.0059766145548897625,-0.026831308552304357,0.006623607885630228,-0.013899965237292193,-0.006046797718910478,-0.00012405059511112147,0.0066006185524882235,-0.014124324693802853,0.0017841783375726675,0.013307913329682326,-0.0019305462179686468,0.004329960342245609,0.012706523672742857,0.004192847224969593,0.014646346203695832,0.0013651623196270198,0.00685463358256685,-0.00014104107884414162,-0.02369636153075882,0.08663434936834312,0.038626115937637956,0.0012880793477018366
2021-05-11,-0.016066933526706944,0.015283097133124191,-0.014210369819503035,-0.01148072319045553,-0.001995891059761272,0.0,,-0.006897550085598422,0.011543708385929712,-0.012403431009188294,-0.003466722028688484,-0.006257942080648172,-0.004354832338220868,-0.0012153802253775095,-0.002502982994322234,-0.002894364256751499,-0.004046480913131807,-0.019659359266407245,-0.024047373375602015,-0.004325753155684901,-0.020003911201779374,0.0031054996859175587,-0.007610436013578177,-0.016763317648700385,-0.0032949049458913717,-0.01808770466943969,-0.012556167254097434,-0.005681752665027904,0.0009656671427216696,-0.008779772745260372,-0.007604666848502831,0.0,-0.011372970362572272,-0.010974116853790102,-0.019893685354935877,-0.002965274991027433,-0.020956918702080395,0.007441113352522916,0.0,-0.019064399993878045
2021-05-12,-0.06019245276030011,-0.019398180521854214,-0.02193802500898906,-0.009426106650787929,-0.010040307703198657,-0.023507536507155265,,-0.00819459006841695,-0.005015354378075871,-0.006492422624989349,-0.008584670099342348,-0.01454339795795954,-0.006334444688349697,-0.008276292331390716,0.004999905114347908,0.0021715581896767687,-0.018528478761260143,-0.017923481471051918,-0.015455587804906789,-0.010897443623398758,-0.011937629039876474,-0.014051552769248202,-0.02084196870571097,-0.006899106346636641,-0.020000552190771403,-0.014709629010708823,-0.012715922964522628,-0.02792670008037681,-0.01949372877843915,0.002025113674043362,0.0025414155418884803,0.0,0.00813676889855338,-0.016690201460217595,-0.014388440692751907,-0.0002827810879565094,-0.009976776453148286,-0.019967318244162247,0.0,-0.0017513715881529
2021-05-13,0.0046279859525905995,0.005141250517521513,0.023783240012619153,0.01589997180408772,0.016016429369598524,0.009861938304424805,,0.02255355091485898,0.010591431882049767,0.011871012051490229,0.014178819992852294,0.0031795666666026125,0.01225981151785136,0.016886748751124152,-0.003747630501907398,0.01862521992659791,0.0038932868391168382,0.012685410574056581,0.01236683707233224,0.015367244021155977,0.01129603181589121,0.006269535370146441,0.0038925947097943744,0.02539762584056427,0.010050278022974564,0.014002919664362599,0.019910156188682387,0.014542214533130093,0.01465582425958006,0.007959308602034787,0.005063251306614348,0.0,0.014481280512851575,0.019445041738577452,0.009848688774381619,0.012230631075538767,0.020510205469858486,0.0,0.0311764514181555,0.016514778436219485
2021-05-14,0.029943421047145504,0.014256930004332789,0.010484663110431426,0.0123517406496726,0.001984082512916039,0.019437141484242,,0.013955241025985844,0.021711487763228905,0.00900111415559181,0.016727384057428366,0.021357791086255216,0.009645767001303337,0.014363751891987773,0.010995658539357207,0.021762773094857926,0.01767146545277938,0.018730928138454044,0.027380221000106196,0.008166971666780846,0.018127423033863617,0.01319381516489351,0.035118085844050254,0.015422035765151169,0.02306525208807119,0.028919804621445392,0.016000314301349773,0.006714518939038686,0.03432176478146127,0.008991167178847046,0.034742883082514046,0.0,0.017419268362643618,0.004118117171186584,0.012061023169691574,0.011668688866972891,0.014304509446393446,0.0,-0.034149803879740946,0.011996927821223677
2021-05-17,-0.006743944848579964,-0.006085209705389107,-0.007982861097680453,0.008930745850360071,-0.003972109436582881,-0.004823898762072487,,0.01128373680721811,-0.005455756857511797,0.006962706941580493,0.011170396282077808,-0.008112524741578636,0.00964440946020086,0.006055855087610357,0.028573455431150648,-0.005570980503670404,-0.016757730714318395,-0.015584766785295339,0.0013005639311071751,0.022155410338947936,-0.010454795729257269,-0.02182450006829807,-0.000750433077248474,0.004016417743595303,0.009724494688320488,0.008435965992644982,0.010526482757210692,-0.017358069395717362,-0.020834065609206382,0.007134998694027911,-0.009803971951023102,0.0,0.0046985932344265745,-0.0027435033063597366,-0.004274144676889903,0.011670034389825662,0.0057933980218221595,0.06899292579479413,0.0,0.0198193680731237
2021-05-18,0.013999215073447703,0.010121540959629508,0.007515102725725022,-0.013663203698730099,-0.002989578981855454,-0.005819740889768409,,0.006236181531237783,0.0077442982703382944,-0.006051568997613869,-0.010387134334726461,0.006868616566428964,0.00045256284787965613,-0.005264074702543656,-0.04050190246914382,-0.0020971741135558867,0.01989674262123985,0.03295863212815172,-0.012782648299929703,0.03213679494214797,0.0009548903749128426,0.011750938604617603,0.0052415477798476605,-0.014189134270946991,0.00963100031061373,-0.012795644739176888,0.010416742759128033,0.022126883163117197,0.007626378443028295,0.006103658934757641,0.0073620615381765064,0.005563402614334032,-0.009419178120701518,0.013642794322831388,-0.020349506998040643,-0.0016394834085767137,-0.003214535120162667,0.007812379243374684,0.0,-0.02195115775456408
2021-05-19,-0.00613550761929924,-0.007074307391931815,-0.011767528545759673,-0.004516834668789618,-0.0029983983697861607,0.0019436425135207606,,-0.006633454473918531,-0.028399567205593265,-0.007769041129273903,-0.002090401246607007,-0.0024921095391003604,-0.0010865811491758716,-0.03040870971669465,-0.02429272670418467,-0.0014005634788174855,-0.009220866969404003,-0.034006299000091146,-0.017097097855229778,-0.005964424631432786,0.0025420904272723034,-0.004683928758047166,-0.0044911147025991595,-0.0076670745630384885,0.012698616939891976,-0.010634431785541316,0.01201726289314496,-0.017372876668461226,-0.012422588030395974,-0.0055111433249073315,-0.012300363827145716,-0.08537363360878468,-0.0031596088358218227,-0.005434898733618389,-0.006519190361594294,-0.012104444012066541,-0.0006439515828946637,0.0,0.0,-0.014834351031412655
2021-05-20,-0.0041114428383500394,-0.001014713135223715,0.03214811016788414,-0.0023855721911702453,0.004992515898400599,-0.0019436425135206231,,0.01439871825969856,0.01868426090401717,0.002596192222057671,-0.0034062571099986883,-0.013187041943519322,0.009109397312617486,0.04481823082547963,0.01491533419640669,0.006983283646895661,0.014245129248544704,0.01456825042470452,0.003898512822945355,-0.002177915297078841,-0.0006349582795697546,-0.001566234537819732,0.0014992804747660643,-0.001739622146355415,0.003149537742780839,0.0048687199264138455,-0.0017079109621474303,0.024451025055595224,0.006708370411201905,0.006295925083297716,0.0024723040268891518,0.0,-0.0015835559937730998,0.0,0.0014261572786959166,0.008680720879638473,0.01471079526581024,0.011605589642985182,0.0,-0.009575593874064614
2021-05-21,0.010432292621452132,-0.006109996856971727,-0.0027547070671257363,0.012578858470428202,-0.003992002224725798,0.0009724592864069254,,0.005954995491788968,-0.005311266794124672,-0.0004577151346642803,0.01885025265764959,-0.005705235631075518,0.007780831941975347,-0.00980203117302153,0.008043014950157194,0.024743433252442007,0.004445076729801334,0.013340547787939796,0.017851077829951864,0.040718626349577555,-0.001907132147702542,-0.0031396257754923904,0.011913701133659756,0.01131428869684544,0.0,0.021395452538330837,-0.013769585912306322,-0.002902709695556754,0.017984167122181535,0.004110650813074701,0.014706000892550553,0.09090603679341243,-0.0012956511344656644,0.0027211756916328544,0.02393616736131889,0.001918551875230773,0.0075901620477920395,0.0,0.0,0.003274686606099673
2021-05-24,-0.0012981171125953578,0.011173224913445733,0.011883208126157853,0.005409824392105343,0.003992002224725952,0.006779546568482468,,-0.0009738391036912958,0.0035440811009379344,0.006540573826817676,0.004881787627425263,0.008860722079717472,0.002846541797393792,0.014473142417629151,-0.008043014950157268,0.020162018080983363,0.0006648692633862725,0.001018713047657371,0.005527146270720699,-0.012108863934259107,0.004444632101863542,-0.0007863935574126014,0.0059041935739541805,0.005395658953416251,0.009389686902472492,0.015166268718065907,0.017182581094961964,0.011560509919205493,0.0028104398006622714,0.0005855930542128707,-0.004877941092293863,-0.013889008973401205,0.01926208103399235,0.009465884452090312,0.0018533869148169774,0.001368693102344168,0.006907427791574137,-0.030459284359816895,0.0,0.007815956847154752
2021-05-25,0.010705238319297827,0.007045969149388947,0.00090811385185192,-0.014650555435587187,0.00892410807220279,-0.017527179979407587,,-0.001364878823210141,0.0014728974992634556,0.0,-0.00965821627904985,0.011901085510715875,-0.0016001245357001807,-0.0027221820725520157,-0.013550181991673807,-0.014070540713871888,-0.003551848581371386,-0.008179988797055832,-0.010316838778900486,-0.03380075444049202,-0.0019025416745912618,0.017934049800577556,-0.010355227548103056,-0.010387659112348551,-0.012539224645253207,-0.009297090770912786,-0.006837678805402919,0.003824145759488635,-0.02654187906159415,-0.0017585190229925838,0.0,0.0,0.004758146909675822,-0.009465884452090435,-0.012225731714122744,-0.0008210551435738411,0.0006255574054383266,0.006324174836482819,-0.03227703946504207,-0.003248963382573214
2021-05-26,-0.02321600853433647,0.00998004797899835,0.0076870877272613705,0.0007140789182878603,0.005209801447411772,0.012689167909894326,,0.009032257833403279,-0.016323385889200053,0.00514155921267653,0.003100615874981497,0.009296731386390903,0.005589731927615462,0.004145273875291111,-0.008219203839032522,0.004040492277026278,0.0029978415061383693,-0.0217963569405178,0.007897278540826128,0.012927968920895557,0.0006347201520544473,0.009996210199670725,0.005930353660628155,-0.00012358302672711762,0.003149537742780839,0.005498918323289633,-0.0017167070594299423,-0.0028665375076186487,0.024669176924122366,0.004098528850734755,0.0,0.0,-0.019169859704028052,0.0013576800044477226,0.010835805179993226,0.003552195435003367,-0.0037593650580371746,-0.031215000716101806,0.032773451809444354,0.006703126695012836
2021-05-27,0.023950098179734848,-0.004977609652461125,0.003597087658143312,0.01205810278847022,0.0,0.030565901901505012,,0.008567851171096996,0.032094678812796665,0.010800929947490413,0.015869604191788008,-0.0024706482959834337,0.037255283510928425,-0.002847977812826902,0.015017341774715424,0.01003004843684558,0.018127443343022995,-0.002100905902887874,0.010747750831692538,0.022328519331897882,0.013545425551828184,0.0,0.03414782882454288,0.015451782721617692,-0.01584815468267277,0.010576763669234475,-0.008628195230129235,-0.0009576082518699223,0.012110066039229058,0.01766346771151279,0.03129018415674748,0.011126669937072437,0.03174872794151833,-0.012286751285293667,0.008079959814319061,-0.019693599271508974,0.01865713845396682,0.028057960582964586,0.0,0.007728886240287699
2021-05-28,0.005670731967387676,0.008941792977542024,0.0017937591647801685,-0.003767467713769614,0.0,-0.004714730120408665,,0.006687946395903746,-0.0005795430670452073,0.00416913791498593,-0.00063501314424842,0.015342454235776301,0.004762236371815739,0.009290437101248663,0.009440338520310036,0.003984150775149852,0.008671812283176442,-0.004214891915191942,0.005120231461135938,0.011829847956310697,0.013055954125109287,0.0038183030251888912,-0.0021451506563000627,-0.0006695501503142812,0.0,0.007172101522865654,0.003460233981308753,0.0076338366076212204,0.0073801371947313605,-0.0050833727777925145,-0.0023724565244590485,0.0,0.0077822159103599214,0.0054795003909763355,-0.00011530045890465959,0.0027776675266431234,0.008589147248948064,0.015686560013485878,0.011344124198750413,-0.0008559643967164764
2021-05-31,-0.004021130740893136,,,,,,,,,,,,,,,,,,,,,,,,,,,,,,,,,,,,,,,
2021-06-01,0.02012585859669476,,,,,,,,,,,,,,,,,,,,,,,,,,,,,,,,,,,,,,,
2021-06-02,0.008222995703283224,0.01692445660251173,-0.009078663680763991,0.0004660506498150647,-0.003220647630003734,0.006545003256753122,,-0.0014152094924568578,0.0005757678390168369,0.01481518526191331,0.001252805539167288,0.0006145461606020895,0.010520237413473868,0.00797323038897313,-0.010638403728365949,0.001318467208894241,-0.009650445998267431,0.005288208979310032,0.0026113265422262866,0.005116550763006861,0.012871312376755687,-0.0007670881373092111,-0.006353692795825095,6.001358948258092e-05,0.006349164548098202,0.0070321491979784875,0.008613245360823103,0.0009545237711312979,0.009950219645720633,0.0036369970065428317,-0.0023500873973681543,-0.05055243773922931,0.009188443699388002,0.0027247463237836805,-0.01039697272167787,0.0011001591841908339,-0.003645168114740817,-0.002305060858796707,0.0,-0.009567308809770471
2021-06-03,0.005149622683573463,-0.0039565535575394085,0.010884569998174306,0.011394130668368701,-0.012987110206898926,-0.011246540571729382,,0.002733968118057233,0.005452641976854066,-0.007824677337249286,-0.002884363720787392,-0.02361834012208492,-0.002494817118832259,-0.002051581945343377,-0.008053810778668158,0.0006584009555586457,-0.01197192694221641,-0.00422839710935793,0.013676130254220323,0.00456940625698907,-0.016352468788078486,-0.01080268448203502,-0.002126804035721701,0.0006623191441374576,0.006309186285521731,0.006340200978884675,0.00342468362274725,-0.0019100736648785454,0.004490388358602404,-0.0043084107293973025,0.007034021847422891,0.08923122175556802,-0.004583578434543247,0.01217057908323019,0.0002294196936551848,-0.0026145263229719875,0.0054628477277211904,-0.0069472349117530715,0.0,-0.007505156005120452
2021-06-04,-0.017509743364777494,0.00494330382605531,0.02230239429615232,0.00046235069420528114,0.006514601789439309,0.0009422274306816585,,-0.0016960929900703254,-0.00057256024290499,-0.003563296877475323,-0.0017595771838227064,0.011257135987289899,0.0009989108112527232,0.022087795972301923,0.012056474838180105,-0.004618883395443823,0.010869596444185206,-0.0031828809032578183,0.0069985307280176785,0.0009114238020400489,-0.001269193065810844,0.01003489910531324,-0.014296258738310912,0.0016237875688147113,-0.009478689489135097,0.0065134924575948735,0.0,0.02361936060207218,0.0,0.002587394911602582,-0.01175116416669612,-0.06003205069407675,-0.0015326002080401713,-0.006743190673376596,-0.002183633528116797,0.0034386431310489446,-0.0030312156237245593,0.0,0.0208693293699719,0.010704501189894793
2021-06-07,0.002160439649708749,-0.014903470908741646,-0.013768624744776314,-0.003472702090996717,-0.01416914864469824,0.011236008045908939,,0.003482990683181746,0.006849331499193659,-0.000892885019743745,-0.002266970994851497,-0.011257135987289935,-0.0004160849969910404,-0.004403885722243229,0.009277773906434677,-0.0026490139703294457,0.017170981662678872,0.0042416401921037145,-0.008440323632069119,0.0010406568026773116,0.0009520251861124487,-0.013921355735232637,-0.007225609148498269,-0.004697652846464611,-0.0031796613444849595,-0.008014260948264818,-0.0051413906821771846,-0.028410969065745018,-0.0035905489002671233,-0.0018199773965681804,0.0023612527384078616,0.0,0.01067893290300319,-0.008152134733637191,-0.0056549555391058395,-0.0006868348206514556,0.0,0.0,-0.022341776236090793,0.003189050674024755
2021-06-08,-0.013945707606405618,0.0004304969435648584,0.0017872352864943821,-0.00558136917077543,0.004381188212265003,-0.010294988588043058,,-0.006032580428913973,-0.014322830442659801,-0.002832446137493932,-0.0029041648414569183,0.012500271044925569,-0.004169685658622225,-0.004297123226059381,-0.017299187752355016,-0.010666643614511173,-0.008931671417123003,-0.009569432323169438,-0.008953703997981432,0.00038998060999953526,-0.005725213968433691,0.0069848486313152545,-0.006547742883457661,-0.003991946519872904,-0.003189803849052801,-0.004516158182976781,-0.0017197453371019728,0.0009601372991029183,0.003590548900267078,-0.005480153433988922,-0.019048207771670555,0.021353266677737945,-0.016832930924584558,-0.0013651623196270445,-0.004058728600495921,-0.0023385540101798336,-0.0012150769478442205,0.033514269278577,0.0,-0.010670328198320615
2021-06-09,-0.019521599026027615,-0.02617372138597475,-0.003578005714081301,-0.013145870247580982,-0.0010934805080321396,-0.03153625317336068,,-0.00806874384990972,-0.012483884232981307,-0.0023917783044170937,-0.011958046449385432,-0.0018652379004940696,-0.004186826049541638,-0.007244855281305467,-0.01487528206201207,-0.02168103591523453,-0.009784843777208585,-0.0010688749160447104,-0.005003510949964037,0.003891038912703309,-0.015753305348657914,0.0,-0.021395313128941957,-0.012563334427758834,-0.01286202985733227,-0.0012940164752593898,-0.015611739272994028,-0.011583058106506228,-0.002691719041221113,-0.005898050580591177,0.009569423878080888,0.0,-0.010861108390846657,-0.01514143805080287,-0.017465155096244977,-0.007048655186805571,-0.01100251238364017,0.0,0.0,-0.014914328760730918
2021-06-10,-0.0069049713360970575,-0.006651927251336817,0.004916394690272242,-0.01499849079428275,-0.011001224699664757,-0.005842297624682268,,0.0002858568154584554,-0.008213482963500109,-0.00044900840799748945,-0.016125890207542837,-0.005616230295137331,0.000587133945811804,0.011415822276527257,0.01755617891580584,-0.01936448396497352,0.005508913505660766,0.007458730165329744,-0.023364848369918756,-0.0001294009551000578,-0.0051983302158295965,-0.0015480506404456555,-0.0029871632668423925,-0.015711441543271677,-0.009756119649180528,-0.010740825115347474,-0.005258548336250763,0.001939947257260596,0.01780984890066204,-0.000582051435083784,0.00947878389358954,0.0,0.004669186596523709,-0.00695897974590721,-0.011057621875582466,-0.001526898898129911,-0.005546953644802545,0.0,0.0,-0.01824016467011329
2021-06-11,0.00018725094084149683,0.0022222538296063662,-0.022087919987286937,0.004069533337462245,0.001105643975920029,0.007782059499508242,,-0.005158593093367803,0.010548063982663553,-0.00299904587795334,-0.005346700345844459,0.00561623029513735,-0.004201796325658079,-0.008231729856059165,0.0,-0.01053013063558262,-0.01149328199685946,-0.004255386905648179,0.010931061140305004,0.0028441265275429752,0.004874172425441257,0.0,0.008935255327923093,-0.0006861525875080412,-0.006557418466804272,0.004027989438117383,-0.008826197129379675,-0.0029112759757640477,-0.007975213391687892,0.006094533410344745,-0.00472802730973396,-0.05055243773922931,0.0,-0.0013975981153199109,0.0011948535130534054,-0.0029212236709479536,0.0037013183928208925,0.0,0.0,0.012999992611736661
2021-06-14,0.003364399668885472,-0.0044493084611894025,0.0,-0.012016433574791933,0.0,-0.007782059499508365,,-0.0006707270936455149,-0.00029161154155166007,-0.0010517945723267413,-0.017409900128135872,-0.0024921095391003604,0.0016828377334390948,0.0019056003343526997,0.004008201189665053,-0.012784214280619488,-0.006914919457877099,0.002129922090637502,-0.013662484650089892,-0.009599045791971374,0.0038818850117657154,0.0038653158952423054,0.008121134358171413,-0.01711490690485156,-0.023295457136662662,-0.014554185545585569,-0.01608602025515156,-0.0038950102013707868,0.00709212535630556,0.004906401649024755,-0.0023724565244590485,0.0,0.0015517152189895302,-0.012667350595642796,0.012460991306535198,-0.0026507653349454293,0.0012307794909126968,0.0,-0.010368089677033973,-0.011670232827244748
2021-06-15,-0.004488431619041634,-0.016863925850666223,0.006813446339633478,0.000724757739387383,-0.017837714438570525,0.0019513383575228136,,0.0027757514966024856,0.0017478558954096431,0.0019525270245669684,-0.017990054087024122,-0.01698694381663564,0.0073714384390369874,0.011232655953269395,0.00399191681798344,0.01066489434871163,0.010354799390036392,0.004246282600049158,-0.004353847245590239,0.00804860071405258,-0.004530515997773395,-0.01869190295747136,0.007326086709689654,-0.015283923338203997,0.010050278022974564,-0.00022055488120732218,0.0035970598149103615,0.00486633891987442,0.010544956626558731,0.0027792977868625396,0.0,0.04348517370565447,0.0,0.005649697931094463,0.011724519604446577,0.0029296184271707586,0.006742375799733115,0.0,0.0,0.00684258619089859
2021-06-16,-0.00300361008610633,-0.0022700284825635597,0.00901308929320783,0.005541821754898595,0.014517257113291781,-0.005865140973092052,,0.008185687214199015,-0.016728306600987137,0.002247956132826204,-0.03249161256913064,0.010729001735987443,0.002250738352803314,0.010238498920634418,-0.020121353381752066,-0.027968815897924545,-0.006891212195394988,-0.0053106066997412405,-0.0008082182532590555,-0.03366083520546688,0.002267949804936287,0.01560091194002004,-0.0021921761559243395,0.006999561238702791,0.0,0.004400397737486835,0.003584256852167218,0.008699876184844012,-0.009661868591176494,-0.003739364952866136,-0.021609538680332316,0.0,-0.029900126211829317,0.0028129594289940793,0.01641658815882668,-0.001951907137163501,-0.01167447368346647,-0.034289203297029426,0.013800346639415097,0.002417019854525469
2021-06-17,-0.003201046665714342,-0.002275420978655163,-0.006752217843150811,-0.044714151676845046,-0.0011092489192718205,-0.02180471108995374,,-0.019237540223059003,-0.009515239553615027,-0.020875112496547287,-0.03706236027882207,0.0018814350533196478,-0.01908322099793673,-0.004107919554466901,-0.016393866215643465,-0.025784171573432522,-0.008175279235686119,-0.03137088722233679,-0.02593985431379468,-0.004019709611847099,-0.010410007211900062,0.0,-0.030451718538055214,-0.02928516135510361,-0.0066890062328254195,-0.03564441051206162,-0.010791452531829018,-0.01649705236237092,-0.019608518218043387,-0.011594339899436196,-0.022086774144032307,0.0,-0.009630817640049102,-0.004222305913457556,-0.05213268816497188,-0.01038036355226994,-0.018715471303657118,0.0,0.0,-0.06294531521206977
2021-06-18,-0.021543262600132874,-0.020714106053129764,-0.03026364725630032,-0.025961853959981733,-0.005564851363149237,-0.0429951715538346,,-0.016663257867906865,-0.05244206203098619,-0.02664345061881307,-0.01831974029879963,-0.0056550484675488505,-0.013157138301734686,-0.045552413840551274,-0.04363823045811145,-0.034931493881481146,-0.015982113184722445,-0.011049886657632534,-0.035677394229128745,-0.0008057741697973284,-0.033924035446080185,-0.001549359170771892,-0.0221130664466932,-0.025628684501183246,-0.023770197779947166,-0.04442575711982241,-0.027499484753769617,-0.025769661193794573,-0.009041521183410185,-0.016066240088267163,-0.02258563878420572,-0.08122538098172608,-0.03947878997644068,-0.030066699597714887,-0.0486388483192491,-0.012914410301058082,-0.022930918168368748,-0.05415319512359978,-0.021272309089240188,-0.024605179547492636
2021-06-21,0.002502270568300232,0.005797081397093298,0.0013956731531726166,0.024704863983724304,0.011098906453252793,0.019679335846988274,,0.017918479079685787,0.013137609694609536,0.014803695815170805,0.01234780930644996,-0.0006303374469313887,0.01882744674388659,-0.021508847123554945,0.008596122334747039,0.018377280314258584,0.01665670269930741,0.014341017378883648,0.024662601174710783,0.010559417066271035,0.0060709403434547225,-0.002328165346307354,0.022866791664475406,0.016826610329725246,0.013652125653076946,0.021761732757424768,0.01659021369420765,0.01988138565507579,0.01800215802233545,0.009142471880885586,0.005063251306614348,0.0,0.00502094059965917,0.02014462111640718,0.0344042092053419,0.012773593650115019,0.004500099480194976,0.004897829116955093,0.0,0.03599114685534522
2021-06-22,-0.005010467947345204,0.003462216872019571,0.007872192219119365,0.005519364133062079,-0.007756251066460093,0.0,,0.004045431369074541,0.0018628142352861265,0.0012366295638090107,0.007423034504859797,-0.005690806216426509,0.00236048031388482,0.012987276257221202,0.004270458623137379,-0.013751201707769407,-0.015742991908937354,-0.008800775378398337,-2.822985829907903e-05,-0.005867498834754981,-0.01047851437304371,0.001552858278337851,0.0037610450383966654,-0.0014637099282491554,-0.013652125653076837,-0.002796626551224703,0.0,0.0,-0.013471077884333337,0.0018575209936682272,0.005037743889066876,0.04512041610939447,-0.016835579735382876,-0.0014255617224418911,-0.011336688547143897,-0.0012704916545324947,-0.010964227730745983,-0.008176492898325954,-0.0015009838130445234,0.0059896930823355584
2021-06-23,0.00654710796209514,-0.008097438099634792,-0.014870002205124178,0.005738139265877435,0.004439539022650767,0.0020491888065638196,,-0.0008655849596806694,-0.008722838040781968,0.0033927723469795363,0.009956128328830312,0.006951174476455568,0.0007574441745084953,-0.010056984419792272,-0.00999298865247741,-0.0030816733387006804,-0.003774372610772694,-0.002212385786826268,0.009797272093873034,-0.005095269741373164,-0.0006798498693514484,0.001550341360950357,-0.0015026597616245353,0.006039767207691171,-0.010362727361649903,0.0019819263186639075,-0.009182816003824259,-0.013875225937975272,0.0072070662401441206,-0.0035227242135853327,-0.007566093529450423,-0.05750446439474245,0.010135242691868303,-0.018719059393965364,0.003587427334793738,-0.0021200413278069053,0.004529216931786102,0.0,-0.014120152675749204,0.009599873561381615
2021-06-24,0.012967283264562729,0.0023203735038324178,-0.0004684299501729088,0.015549888266668761,-0.0011080941270223824,0.013218283324224566,,-0.002697321869184929,0.013055766435821695,0.0024605565833285947,0.023694182233620093,0.0018873532192457802,-0.0032020700333090005,0.0007977043041182195,0.012829796006274813,0.02061933231334872,0.013204526299757232,0.0011067321446010096,0.02110249625841909,0.004560169634671293,0.006101810210226938,0.0038653158952423054,0.00972681422885681,0.00915591284128595,0.01036272736165002,0.013992489322614324,0.011009266976362762,-0.002998690127198111,0.01337524769746008,-9.788249907888078e-05,0.02252895848290515,0.004661978190440613,0.028171093755112085,0.018719059393965332,0.010808121268404263,0.0004242884840967901,0.01091501990446337,0.0,-0.003051996127743382,0.02737477354721322
2021-06-25,0.015603364214184266,0.004624272424092828,0.00886008368361433,0.01916374998749419,0.007730553991013956,-0.0010106728455484316,,0.00931410725687196,0.009222348602914508,0.010541567967291712,0.003219390424358818,0.0012562293818858769,-0.002774835604212176,0.005565825957341013,0.004240379090798788,0.006028750075350452,-0.0030579990786187366,0.016456801373133507,5.418060339450038e-05,0.002272145785284887,0.006400370510249988,0.0009890951174361747,0.0044577489027072354,0.010047172441296293,0.003430457810541749,0.015045025907153614,0.010889471991984012,0.0020000261557504137,0.024498002648965764,0.0055721203259236195,0.004938302288969193,0.015384885619938296,-0.0016353583949774266,0.011347640203749464,0.01659749348024789,0.008451007902877202,0.001276334780898146,0.017094338931571793,0.0,0.02621355207699102
2021-06-28,-0.047951153096814386,0.0034541675347649443,-0.01496760991117504,-0.0014429553943042248,-0.008839802910285974,-0.012207610478676148,,-0.016284099372629122,-0.021027279934016024,-0.012232497945282764,-0.0005590280399488729,-0.008827200415394684,-0.020382349982954122,0.005403540182005999,-0.009922064173884282,-0.01666708726695986,0.0011338142277036777,-0.010941078367046504,-0.00016236376263328818,-0.0038526365987005358,-0.015908203065553038,-0.004954413422655866,-0.021731816695650524,0.0018158908308949647,-0.006872724182264459,-0.007950313097195343,-0.007246456474231118,-0.01611304194215727,-0.03160923870223665,-0.008910838852640914,-0.02493891113149089,-0.007662815525030829,-0.026535735360134687,0.0014093464844633268,-0.013670005449920437,-0.012845336112117502,-0.008325409351825413,0.03645409926061907,-0.007670857444041445,-0.012802712073849198
2021-06-29,0.002345686435840508,-0.0023013753630553406,0.00047106402882577373,-0.016252376239595866,-0.005564851363149237,-0.009254423685792375,,-0.007899923970372211,-0.0034435476603308026,-0.0006154415521011919,-0.02592391848943525,-0.003807135078552067,-0.01176076779074928,-0.0028958443722707683,0.002844877729288075,0.001526637020587932,-0.010020654290849059,-0.020000553696302277,0.010548467007556756,-0.0064769055661441,-0.011667830227855823,-0.016694896236447498,0.0045351430695321346,-0.0012319285138407527,-0.006920460989927204,0.03297367800210712,-0.005469466490291492,0.003040943897068815,0.0026726679874301443,-0.0027579170302112796,-0.007604666848502831,-0.006172976656047297,0.008368429961645451,-0.01704583408648664,0.001217690394307012,-0.0035578530676841857,-0.004511701546432673,0.0,0.0,-0.02208103526263562
2021-06-30,-0.005089138852804507,-0.0034622168720195605,-0.008514831386525338,0.008280308340878449,-0.0033539413257209615,-0.0031040561981757367,,0.004201492793048152,-0.018035561966581487,0.0016916672582574107,0.015239158457409084,-0.00637767410474725,0.005195336315785044,-0.011001413494564787,-0.015748454598926407,-0.002290956758320027,0.019941890480056047,-0.0044993618918687485,0.01837430918468533,-0.010204846878418253,-0.004150974399039007,-0.01612266308832812,-0.001509361892962034,0.009041735992041097,-0.010471416188568968,0.011518007826722946,-0.009182816003824259,0.0,-0.010733465368020138,-0.0007892729515183695,-0.00510185682424008,0.0015468611692366903,0.0016653150173007603,-0.012977878875215263,0.00731840326322676,-0.0012840472018414047,-0.009085075077686737,-0.09119407495691481,0.0,0.01110160541748031
2021-07-01,0.018855622477911796,-0.004635221227615304,-0.001425957102604201,0.007490896483508772,-0.0022421262617466626,0.016444418784559857,,0.008350305609078165,0.014580281849870608,0.0078074010658930595,0.00366829440710948,-0.0019211964268031731,0.010310147413920626,-0.01382295757461973,0.017167864209983095,0.005337424253265858,0.0006725772299733022,0.014549604223823944,-0.012033904395148719,-0.011001063718139133,0.01137373005197901,0.0008551858281051278,0.014992575611830039,0.009852408259229645,0.0035026401574883423,0.003592324567598264,0.005519783906589215,-0.006091467285105064,0.012511151638572547,0.007571863088786717,0.012706523672742857,-0.02504049487507614,0.02302724739515537,0.0072307720204089045,0.018543644715003863,0.010084464347791292,0.008438760215768596,0.010178119658113181,0.0,0.002646222069512801
2021-07-02,-0.017091065047055345,0.009248749472238343,0.01464031660936182,-0.009433032674795595,-0.0011228757642488243,-0.01127637085478458,,-0.0025170033018243982,-0.01873965136776837,-0.008729711882889724,-0.008485549548143964,0.0038387089342975756,-0.0018270533797060443,0.011420902034840492,-0.011412398263534107,-0.01147242629857242,0.00011209256474169701,-0.0033388946823343538,-0.0022157962330895324,0.01141132151148925,-0.011720295999435701,0.0,-0.01801835678840018,-0.000961068175552477,0.0,0.0001087016344898803,-0.0036764992470963522,0.009123372577108822,-0.004450354257982603,0.0012728082039079925,-0.02557680264561219,-0.017586338881827934,-0.031381595930246114,-0.0014420066690581112,0.005710353052504323,-0.002405062378351752,-0.0038859763532278473,0.020877663193126783,0.006141359252995654,-0.007515732313120617
2021-07-05,0.01959127128286167,,,,,,,,,,,,,,,,,,,,,,,,,,,,,,,,,,,,,,,
2021-07-06,-0.039774123472686294,,,,,,,,,,,,,,,,,,,,,,,,,,,,,,,,,,,,,,,
2021-07-07,-0.012368608169373052,0.009280782881119602,0.005234208264180594,-0.008017847043090049,0.0033650020259955757,-0.0010399864512339464,,-0.0004921215595410688,-0.024611563348932688,-0.006462420942300586,-0.004113248037125218,-0.0034047917077780774,-0.0011449873987079068,0.007544349214697877,0.0,-0.01686104455052205,-0.023632266585503055,0.007860555891662908,-0.005938504249617957,-0.0029597505732226657,0.0031298522895917575,-0.0016962544647441426,-0.009309690466133391,0.0011728312994166048,-0.0035523215982844122,-0.0019974899775916737,-0.0055918035302041855,0.012195186533470813,0.006269488464388909,-0.0017844949364546493,-0.005333443516787907,0.006430842692484022,-0.01022157283686913,-0.007304643903564335,-0.006123565143195865,-0.0048717328588810185,-0.007268049365100117,-0.03361663390916615,0.0,-0.0020713441296834833
2021-07-08,-0.017351003239358755,-0.015125298722466398,-0.0235304100447963,-0.024704863983724217,-0.012394450100859798,-0.026359032076796723,,-0.018582683484566955,-0.028645591914820672,-0.017386124090851034,-0.017823082576731698,-0.020676221363671796,-0.012861130784780815,-0.012832064040193124,-0.01618882774972551,-0.027916576813332608,-0.02075941683652731,0.003350153649826593,-0.024030644194773267,-0.012063768818289071,-0.02211769919832688,-0.011955828935993477,-0.027658671001810794,-0.017404435501161504,-0.0071429068429844,-0.02690550007277999,-0.01506629845239182,-0.021440209151843737,-0.027150931756902683,-0.004275688577729312,-0.02710173572713433,0.0,-0.03307524437795082,-0.022239641358662764,-0.02248690094119718,-0.03161634801671629,-0.026883339195845367,0.0,0.0,-0.025199727211260833
2021-07-09,0.03410739313449033,0.015125298722466405,0.02400482689758701,0.031973961374631384,0.010152323839113225,0.04491610181514048,,0.015624580661192176,0.03460788345718853,0.019912985633093624,0.025448850637945712,-0.0013937469660397122,0.017082282551918716,0.015913971211878295,0.03355535802346303,0.043981124224010834,0.016822491228318654,0.0198680926576631,0.03509324914731866,0.002723731172523497,0.019336072317500258,0.0025741372526810464,0.04159085360273277,0.0314984956578249,0.031748783188012136,0.030232170780406444,0.03907476664934222,0.023458459376201383,0.02267661619792225,0.010901908415721822,0.03509127168465189,0.0,0.05341486714401398,0.03245113682971381,0.05523699146551288,0.018087743439520524,0.02022997300389309,0.0,-0.03003843050201675,0.036882028563920616
2021-07-12,-0.0003980946360174927,-0.011614460670239147,-0.0028501203663542233,0.01462800555411715,-0.005627484172629738,-0.0010216857120569764,,0.006888402410649032,0.0029679112688105413,0.005191496912979671,0.014359707732127682,-0.004893186633406354,0.006385929779041795,-0.0008031498101390058,0.0,0.0007964971398439157,0.006739737295023234,-0.005479311317696155,0.02323775358142428,-0.0038153266276946345,-0.003138584186331926,-0.012936776593882942,-0.0061681183772077245,0.014214301168839498,0.0,0.026438142168782153,-0.007326089105267763,-0.007081344663666036,0.008928700759849403,0.010101527647088979,-0.0026560924407295493,-0.029270337763345346,-0.003361321137344733,0.0014504449161133596,0.0024935164967534494,0.004105570110448288,0.00797883070797106,-0.01811186027120604,0.0,0.0056772977790235405
2021-07-13,-0.01919564978493717,-0.0035108380522272634,-0.009560377941123516,-0.01913372112818558,0.0011280180489587467,-0.01961884449845976,,-0.007283478086341631,-0.009594947798925241,-0.008667657200233313,-0.015529088510444674,-0.004213639088958514,-0.0019200911185414526,-0.013752439222472332,-0.02469258712925833,-0.01929324394834323,-0.00011171283059452063,-0.00330221505820294,-0.011950537932331806,-0.0020499447269274446,0.0006980932885665042,-0.007843122411744173,-0.02347519409253698,-0.014985128123491747,0.0034661296814798973,0.0049473757575732025,0.0018366060354940471,-0.002032486007478519,-0.014324386228508621,-0.0028336209804088104,-0.021506218275353085,0.0324704015042061,-0.008453317998378973,-0.007272768876899611,-0.008575440847471385,-0.010295497928044928,-0.00331681590445043,-0.007863724248970244,0.0,-0.02128465703863765
2021-07-14,0.0030394110569974668,-0.0058790323166854645,-0.005780360832241674,-0.025407762946293072,-0.00906005081587319,0.009341224493667378,,-0.0023735524534447263,0.010253173015501956,0.0011074147907343054,-0.002929615748554947,-0.014888619107839726,0.002007302803651035,0.005550764243152227,0.005865174394798054,0.0016221531382304554,-0.005163867150411754,-0.006637106678343191,-0.00421105056230554,0.012506822767712053,-0.00349635095466911,-0.010554268568604305,0.010240491452131973,-0.0034109329717659275,-0.010434905712560592,-0.008079203517925366,-0.012927181596972584,0.0030469398189003996,0.012544985914443522,0.007215200531388153,0.010810960636527556,-0.03247040150420622,0.0033899070395703146,-0.0073260497803019535,-0.013608789207247177,0.0007389427720780856,0.002654303253448012,0.011338937948826969,0.0,0.03901622729332481
2021-07-15,-0.010576430895189209,0.01055731224614825,-0.015089028647395168,-0.0007722946624580446,0.010186797873679512,-0.021933134925031572,,-0.007354509290385586,-0.014918183260728664,-0.00570790981368195,0.004098996526872081,0.020502742996184695,-0.0039314991914863396,-0.013182197972790594,-0.007336702026554198,-0.007320096574291357,-0.011319013150335334,-0.011160807253041537,-0.002808331935060754,0.01301962222114238,-0.008088551734021966,0.014047518269508934,-0.013412535291237966,0.002189231219593231,-0.00701759193886894,0.0018372528006972155,-0.003724330375011614,-0.018423952113022824,-0.0017825058296488442,-0.003991459303533461,-0.005390718220741828,0.00657909602690317,-0.010204190575942485,-0.0088627437102286,-0.006081329324571031,-0.007414045885532628,-0.0039841015609879795,-0.039810591308695645,0.0,0.0011117056659816693
2021-07-16,-0.009140975123089982,-0.007025809582063372,-0.010848516239583687,-0.023714710947785624,-0.006779604773248684,-0.03219168268872763,,-0.011033225647338647,-0.022290700222979243,-0.009265209246028678,-0.02290450167850974,-0.0021016046290940863,-0.009056792380738126,-0.007828096385135134,-0.016333159511071397,-0.02814770519098512,-0.0021650115837092134,-0.010152424814730264,-0.02316708667311364,-0.005348195042229299,-0.02213577111816614,0.0017421743442923784,-0.026561065438382468,-0.023099962960549347,-0.003527261008206223,-0.015010170801230644,-0.015037881608019754,-0.007257800997934342,0.005338145815516798,-0.014442183316467912,-0.032970152194828344,-0.016529440862935535,-0.0259753330415383,-0.007445986175303885,0.02850265767460169,-0.008369761819806743,-0.010702457824976861,0.0,-0.033684201274451306,-0.016129528856011825
2021-07-19,-0.040426651853390505,-0.007075442173446432,-0.01397898510486061,-0.026454145842288654,-0.010256528390527904,-0.04232235259368703,,-0.03270217838485057,-0.04505748021391319,-0.03295575565062868,-0.02758181781601591,-0.01199305753441054,-0.025043770160438017,-0.020053884029405136,-0.03658946921349117,-0.016935149587196708,-0.023196269287086766,-0.04403962645839398,-0.028020519743371577,-0.07471659565448914,-0.033403648557968416,-0.013140780489278643,-0.03148545779486021,-0.0330598502073361,-0.01423515420985621,-0.021041940365790133,-0.02105349993606285,-0.03171522043017219,-0.03797909595709198,-0.024848430318444158,-0.03409427195164778,-0.06899281474399009,-0.04485068726337552,-0.013544273484979559,-0.05746518279767774,-0.03793064262152759,-0.022442361655323744,-0.03489787116711941,0.0,-0.028170785346092287
2021-07-20,-0.008740082844768293,-0.0059346988978167025,0.017443826111053884,0.020370279927794537,-0.0011461180095541522,0.01692074743236225,,0.01211893497650067,0.03060932097754512,0.01579759464156272,0.01842181064188082,-0.004980414194144754,0.007219590132618083,0.01590904452364267,0.026055196458570233,0.013570967359607099,0.019997063661681216,0.010607032389921094,0.027910692940506826,0.005524058035641015,0.009288295636196136,0.0,0.01834905143139706,0.018471429547632506,0.021277366999443142,0.03269992536702124,0.01725840410362692,0.015983399947587212,0.013730093656929421,0.008485633529208749,0.011494507608839815,-0.005371693724224559,0.019982714905222767,0.0239532437197478,0.039157715709501,0.012085825341179043,0.04898679198073079,-0.009389661290553145,0.0,0.04073840105545614
2021-07-21,0.04171024526567249,-0.004773344812434812,0.01568642644060595,0.02022416762068388,0.0,0.03947877280376684,,0.01714845940680409,0.030708655324999178,0.013943146992805468,0.023849577703119195,-0.003572755295854718,0.019853789723697363,0.01197293589089758,0.03858049801582967,0.04770651807199706,0.0058195837297598365,0.04582716767099314,0.02367865281436047,0.013323049227659181,0.02266999281027218,-0.000882113611993135,0.03412193241982121,0.020822658989996027,0.01047141618856908,0.03574836893158384,0.016965504285263253,0.01677178230552311,0.04358181117129636,0.011004430091362497,0.03922071315328133,0.0,0.0336015321667353,0.008836637920801553,0.027630633939028416,0.015132117356680101,0.03411985121612893,0.03704118438491121,0.0,0.021183620136207858
2021-07-22,-0.010974837449545558,-0.0023950841564527635,-0.003898598481128553,-0.013085709775831698,-0.0034463338719962315,-0.010811019135618922,,-0.005073240979012251,-0.014895250084686167,-0.008732231868594648,-0.014241315134170724,0.002859224673484447,0.00026438864505763513,0.0012303775655006348,-0.02207600197880809,-0.013748729595210571,0.010300664707365174,-0.00561490018836894,-0.002117612049015569,-0.009723966715215828,-0.005074331464497394,0.001763682440208407,-0.018541428863863615,-0.012706347770875079,-0.028170952140306956,-0.0011503257021584525,-0.01696550428526317,-0.007303047613881348,-0.011378740721500236,-0.0036879122244546946,-0.005509834018324131,0.049046800067011564,-0.014010626730619606,-0.01328430099670706,-0.0028230536222170876,-0.005476292001151144,-0.00698646491003704,0.0,0.0,-0.016955371888595874
2021-07-23,0.008581089888853463,-0.0011998167009067086,-0.0024443497066732236,-0.006872753173172002,-0.003458174724211768,0.00865815760306228,,0.007196115137009974,0.016238401999127065,0.0069597587038776575,-0.0032924741088997097,-0.004291908552546575,0.004747576020574521,0.000546321556344182,0.014771247001363088,0.012141097430755133,0.002024937968094289,-0.034367650221279994,0.003588877936469725,0.003872393410488082,0.0032651590758691574,-0.0061865455022494485,0.004060010691528171,-0.0019232087379221438,0.010657323162151027,-0.01073007005701152,0.0037950958324359557,0.006263085790943279,0.0191811681618849,0.0069259299800331145,0.013717808943046085,0.01694952103668313,0.02094311099978095,0.004447663075905499,0.005404446263831189,0.003806020988903896,0.015180611911643972,0.035718001432630264,-0.015342440432637116,-0.009819304059214804
2021-07-26,0.02398833805612346,-0.0012011778798589011,0.00195584786739113,0.011341045677032171,0.005757075492765081,0.024482421655841125,,0.00934830477948526,0.02124916632303795,0.0027381179918337375,0.01576481981205208,-0.0014346430212181425,0.008298071656673041,0.0,0.0246211624164489,0.009607691755593131,-0.003151853551790828,0.06213166133269798,0.004933702349385398,0.007273793664151665,0.007217507102945008,-0.004442511715181273,0.04282959307265847,0.006682157247234525,-0.003539925768587304,0.020828365090891948,0.009425060979930237,-0.0031267019334123287,0.02389176372186736,0.0037938999669148614,0.029532278392547504,0.015012680981108903,0.025576890498545574,-0.0014803574786168797,0.009445432685909251,0.0012151216172553198,0.017424082491291234,0.0,0.008795962247864168,0.009374875069548302
2021-07-27,-0.004895113144277875,0.005991592532161661,-0.001466572913304049,-0.0039417538722108575,0.01594577883611798,-0.0021053916091415895,,-0.0036086174724218557,-0.004939922334513448,-0.005322268690967777,0.0030938806529776297,0.01637603929169822,-0.0020897650166131765,0.008972211901009393,-0.011510924491719383,-0.0023932169507388,-0.004179821676565016,-0.037950985280750665,-0.002823852331616775,-0.00841962431286877,0.005021549403371287,0.01590140182133755,-0.019600591679192515,-0.0013198249185900999,0.003539925768587279,-0.0006214334601118083,0.005612820628089526,-0.01049341045876188,-0.005919624514675185,0.0013942359479440075,-0.013315717524434785,0.0,-0.006756728791849275,0.00443466214888476,-0.0053529815381474465,0.0018193559326218764,0.0,-0.025767698937104774,-0.006589907027364235,0.0028844061802818805
2021-07-28,-0.00010201279557712797,0.023613781670817933,0.004393524919514895,0.003941753872210767,0.005633748742271299,0.022918049442150222,,0.005308036028212153,0.0023084039529576842,0.009175238035852521,0.0017637105394352158,0.01472171377238998,0.00928377218775034,-0.008153104169146868,-0.004350975232955727,0.001595997033877491,0.008904066147768673,0.007932112230976203,-0.0016284999301494486,0.0074243056823955975,-0.008623978923762573,0.008726011507840893,0.010240491452131973,0.0016493096678522746,0.014035179418048327,-0.004258720906890978,0.005581214118521721,0.007357026601230994,0.004231947750504566,0.00545827634692579,-0.018945202223005848,0.0,-0.005097826542401599,0.00881061151759666,0.006280800546874796,0.006493056241397381,-0.0018522704718430005,0.0,0.0011013862751810106,0.008163330013555853
2021-07-29,0.019239046435209503,-0.027204379622214062,0.004374245790570194,0.014321269733121929,-0.025029824991310942,0.025420476321698856,,0.01240774074261234,0.02118375480770585,0.013053184772541655,0.010371831973723664,-0.041198884767310484,0.011335401301135438,0.0070699299600444875,0.018719071326188257,0.02830375205144853,0.0165805846302597,0.013453091967684214,0.008832051124221339,0.01328262844426926,0.003962015766589627,-0.032673891750244,0.018634027182984975,0.0085333530917459,-0.0034903264709731795,0.009496533325960172,0.0,0.0,0.004214051216880138,0.009946383492885976,0.03226091974744066,0.0,0.01521587647159558,-0.00292827826706297,0.019748169049067295,0.01107639599905676,0.02079575860001155,0.0,-0.01720832986213198,0.021520155842091684
2021-07-30,-0.014954289687238023,-0.004807848117463892,-0.00974656012542967,-0.008307174040131472,0.0,-0.017215738589825575,,-0.008171322117114594,-0.015927538049086407,-0.012572683756335808,-0.01000601303114554,0.008664234474429116,-0.007456671612670834,-0.006251677081646559,-0.011477995975788973,-0.03069879189643661,-0.002320431098825159,-0.014582247112697868,-0.007096769538838245,-0.009449153955984634,-0.009026885825742513,-0.00630347685802004,-0.015504284407741804,-0.008006061404896783,0.003490326470973235,-0.003120640135754692,-0.014953462599638737,0.002091952804303713,-0.006750918884441846,-0.008957291995542715,-0.02953227839254751,0.0,-0.010118049929194071,-0.011799621980266,-0.009365915668917096,-0.010925935795915736,-0.0024241971777118946,0.10581060284446282,0.0,-0.012116142524578355
2021-08-02,0.00740408786511112,0.010785114981423942,0.009261496802574775,-0.010482388196850663,0.0,-0.0010216857120569764,,-0.015974209675567654,-0.010540207381585821,-0.0075556573456644,0.0016254250461146963,-0.0014388682099901703,-0.008292914867387298,0.014347816987888923,-0.005788680156456333,-0.00883195869340797,-0.013363263146037564,0.016807010815904473,0.008790755492994013,0.0024058271181512836,-0.005090843033462276,0.006303476858020144,-0.0046986146585733385,-0.004026852917846793,-0.0034903264709731795,0.0026012712334959115,0.011236147497213406,0.013492821064525927,-0.005945076753406801,-0.006447367844268989,-0.005464516595005932,0.0,0.008438653485338697,0.004441153318764654,-0.0014932224989869928,-0.007098185891689092,0.0036341286058644206,0.0,0.0,-0.003270496446694974
2021-08-03,0.0024223922844451955,0.003569317304414509,0.00869582326080806,0.015423052874238405,0.006888577710340782,0.02024345058128257,,0.010240795685603444,0.016094868297263375,0.006754563882491937,0.016836776109788967,0.01145329425978322,-0.007488319252525027,0.010561091268343228,0.014409504530732082,0.004827051017340722,0.004920646491928023,-0.01680701081590454,0.005721173658681868,0.01945892465860548,0.015554595718200942,-0.0008981947601827489,0.021740104618046763,0.011313614768715579,0.010434905712560633,0.003837587316589601,0.0018604313589151795,0.0061665928489127025,0.01605447224715327,0.002583919634898684,0.0243582773974183,0.0,0.06348767448223942,0.004421590391464021,0.011541252541603795,0.011303228143279796,0.009627108374827584,0.0,0.0,0.022458294740575403
2021-08-04,0.008631745635860357,-0.011947578749140111,-0.0038556250830954993,-0.007289823308587169,-0.002290847193976108,0.0020022376862896566,,-0.0034358085131738674,0.0,-0.0025678201877360734,-0.005240329432846538,-0.0028509772472351735,0.004273550891794779,0.004907980467156281,0.008547039835707293,-0.011299579370582591,0.010321532545654639,-0.0022625140082914016,-0.006594245473740998,0.017862500055737043,-0.0017964531051945047,0.0,-0.003077091415117875,-0.010850673664098429,-0.020979758659635805,-0.003214432741222538,-0.009337151003101134,-0.010298944421520368,-0.0016777658921467878,0.0057402975390371995,-0.0053618141220375445,0.0,0.01564974057094543,-0.014815105595400379,-0.016379876242843143,-0.004806949053161569,-0.006006007097805821,-0.04470955781630593,0.025429748016660255,-0.014626849514269862
2021-08-05,0.020182852189824508,-0.007237767390013306,0.010566956762117517,0.0194081196037885,0.0034344207808875834,0.010939697131300656,,0.015368695585637585,0.01037287713340866,0.011821281869326437,0.01693108495827496,-0.0014284944685423594,0.010216417235558899,0.01497275680003869,-0.007117484310590836,0.018496746808499432,0.008027659754307834,0.004519920600371899,0.016899801602739902,0.0046195721683377055,0.01072997957276302,-0.0008987647723130934,0.013012255270015906,0.012549613122943639,0.010544852947075153,0.01586695079384021,0.007476719644186111,0.01642743940622027,0.012515842442627077,0.010113530187377394,0.0026846141877378557,0.07339829553401919,0.0031008443669174246,0.013343388721103291,0.010340093665414525,0.009143147830588252,0.008398306812421794,-0.000847040305996413,0.005986512757579751,0.02238086510481217
2021-08-06,0.02991063231818003,-0.012180343599831044,0.004766372118368295,0.02854815258860308,-0.020785948171321993,0.018618876512614752,,0.003383404833059806,0.03173854509772401,0.0060165134983932765,0.019608610696641656,-0.00789403377262251,0.010965626045500892,-0.0027413709401258152,0.0253891738379668,0.011881266016480032,0.0020790212404166028,0.0022522483783151332,0.03475211765166629,0.002572377647708405,0.010615702523871989,-0.013580999707139649,0.03217634298722868,0.028007867905838674,-0.003502640157488205,0.01923538037434398,0.009267829049298446,0.003050523388036165,-0.002490655771930476,0.004386492937156015,0.031664820896174686,-0.05210353891345864,0.007710122771692852,0.008797766654599292,0.02828539314948541,0.007136816462586237,0.008920641159484438,0.02096510460343226,0.0,0.03718053852979822
2021-08-09,0.012093560296938028,0.018215488546334577,0.009936085722943534,0.012868469320144254,0.011601072987139322,0.006773097507175227,,-0.0007950443272078119,-0.0021892010738330165,0.0009464450783320975,0.006311853162087205,0.020678180338764764,-0.004268968079199249,0.007812502114754722,-0.001393692184050408,0.007843194405682414,-0.0004372675168703663,0.005608307513347995,0.004988932753251551,0.01609481924559373,-0.0007043585355255985,0.018961983837723476,-0.0029498131655926914,-0.0010801682324855862,0.01047141618856908,0.010076404701605252,0.0036831778710951927,0.005063094439308313,0.0016610438980364033,-9.725914373833796e-05,-0.007822795151121829,0.031900818293560465,-0.0015373123795106992,0.0014587621470591042,0.006313060468989811,-0.0037106895655321806,-0.0017776955276129344,0.0,0.0,-0.0024635638706446226
2021-08-10,0.00018781367168488794,-0.012106690580817741,0.001411667013251395,0.01851426063338832,-0.005783635665471332,0.005769268540619016,,0.015097327077533819,-0.0065965065606070706,0.0162682334839046,0.020208207577185344,-0.010642121475229624,0.00690680013290373,0.01850474954313634,-0.0013956372731249937,-0.00626953992777844,0.01916987203887294,-0.006733945400373334,0.020029130816819986,0.002657410003970262,-0.00176261158636145,-0.013507622362826658,0.0,0.012192500676061204,0.006920460989927281,0.01282171619890984,0.0036697534853277823,0.004032255156820593,-0.0041580425760625655,0.011893930674644225,0.010416877617542163,0.012480650524990545,-0.006172810392182238,0.005814006729840481,0.00780883531731012,0.01754059781660598,0.004143180204130173,0.024591493518870095,0.0,0.01994358818609588
2021-08-11,0.08251008990488094,0.028813435471797374,0.01678360294679519,0.012473156332729598,0.013824937262742441,0.008592132671627069,,0.010812016428223659,0.02027831918823679,0.005724647092195321,0.01792549855245518,0.024657670867953303,0.006606316592669185,-0.0048498104510464,0.006959084866854371,0.017920182074062423,-0.008186110803618795,0.008968652170524095,0.014406598072265348,-0.004521883826041473,0.01018089394072613,0.02947969330224339,0.013934683279893651,0.011859808545639674,0.02047841364394487,0.017871502433536707,0.0324353118268663,0.012000237963822047,0.00995049420305755,0.006992586356380759,0.017972135797109316,0.0,0.016884516363935093,0.028573268045588688,0.007965563901014477,0.011187685641346246,0.008235343612838801,-0.004056913968791247,0.0,0.02054125031069587
2021-08-12,-0.001211194150342297,-0.015504122447469827,-0.003241646661253177,0.0047563539472616784,-0.0034382802974189447,-0.0018272370468944824,,-0.0005815221897258196,-0.008373365848329008,-0.0009262990057778424,-0.002290439560438678,-0.005582594510303683,0.0013496117187160996,-0.00038415379921839647,-0.009756216450624796,-0.007751907613284771,-0.004444388588153282,0.008888929920270157,0.002678132172319771,0.0010656221030982647,-0.005604276305632474,-0.00973036078290207,-0.005111319687594261,0.003901375900573607,0.00673405050772508,0.007576175667285602,0.0017714471432149768,-0.0009943943696640064,-0.0074534955250314125,-0.00047733458653131017,-0.010230166342601103,0.0046620027944891465,-0.010711705971752805,-0.001409346484463385,-0.005995506387121701,-0.002169760510752665,-0.0005860956821238438,0.02568357443826252,0.02835173177063382,0.00962567715152069
2021-08-13,0.018015473256916433,0.0047960787372184534,-0.0013923183976388045,-0.01241370513741931,0.0011474331034429114,-0.0028914973895811527,,-0.002815077485538183,-0.00031159427709992303,-0.0010813536131832914,-0.01385490175067034,0.006278349308771413,0.003786367289921584,-0.017820539991258277,0.008368228958104136,0.008523727016951334,0.0026755977669746804,0.009906429020623669,-0.010220669428391473,0.019645944651420368,-0.0010541304104316493,0.0,0.01019674493199537,-0.011250155669892995,-0.006734050507724991,-0.0069985542572104185,-0.012466718133997436,0.014814949522905525,0.004147632763475796,0.00019130490889493967,-0.005154671773745191,0.007722056152590409,0.00307226505680458,-0.0028248785411497447,-0.00735275505126057,-0.0037717469853568155,0.003510985382912532,0.0,0.0,-0.015366752743842235
2021-08-16,-0.007167426282257374,0.00238960004313483,-0.01733473624683859,-0.00820083621489266,-0.004597730516364575,-0.008725216910492922,,-0.008591362870297832,-0.007504631719342469,-0.003716994473234087,-0.013911486895095429,0.005547751567250704,-0.003364942337316295,-0.008505079437532878,-0.0069686851734007405,-0.01790623173951384,-0.0015343937919945396,-0.015452598074635244,-0.005933072814278484,-0.01791621219193102,-0.009184274155721176,0.0017764476618970801,-0.0036296929510652508,-0.006585404081558405,0.0,-0.0021190032944133027,-0.003590602002871806,-0.0019626755947982047,-0.015012884239270684,-0.003635115277963684,-0.015625308715153618,-0.05372541963069006,-0.017015106412428014,-0.007097199940157819,-0.008072738620397616,-0.0021826370464847946,-0.0029248897007888085,0.0031646289238256822,0.0,-0.019242779100471178
2021-08-17,-0.0015425702203990502,-0.007185678780353147,-0.03559767823803253,-0.0048555575871751236,0.0,-0.016691632644029463,,-0.009952373509396793,-0.029624735751725223,-0.010606769481590334,-0.0066794412433773855,-0.006243506365718197,-0.01220852903675998,-0.04158904479094374,-0.03269664245536573,-0.022240749823737103,-0.022066546714674094,-0.027059240031777513,-0.008311583156285975,0.01608658107437307,-0.010344314780570525,-0.010705030514293631,-0.022803596605933396,-0.012154093885242957,-0.006779705561098512,-0.008228950838869539,-0.010850087695519097,-0.029912523221325427,-0.017804650475471397,-0.007213249586060409,-0.029296224736684126,0.022472918606545617,-0.03169849814015405,-0.014347539240551644,-0.021436476633636254,-0.008631737149071284,-0.011785607438284607,0.0,0.0,-0.014268531178472045
2021-08-18,0.00496200853956844,0.005991592532161661,-0.0004899374934475309,-0.007327460499090263,0.005743848525918647,-0.004962779363129711,,0.0028677825508543905,0.0006463116921873345,-0.004400391983996119,-0.007005839632802677,0.01176083479706477,-0.000512121427841737,0.006826116796410177,-0.00144609414319458,0.0,0.0011207750261060256,-0.009184890895550616,-0.015352920130059641,-0.017816313533862576,-0.003951771400060647,0.0071493265188593185,-0.006718729910674691,-0.009149538419657672,-0.017153039391293656,-0.01577441977747917,-0.005469466490291492,0.008064602299435444,0.001709504506507579,-0.002996642462750785,0.0,0.0,-0.004842539011913901,-0.004344748755379361,-0.009116809116016153,-0.005746345741740858,-0.005349141396715059,0.0,0.0,-0.015308699923025415
2021-08-19,-0.012883320412128937,-0.008398446068860007,-0.0044193523074325955,-0.014819062997706769,-0.006896572412849248,-0.010000063075710641,,-0.024085406123622498,-0.01858854069234535,-0.023102952300319262,-0.01816219053716789,-0.005517328431346477,-0.02305106393950506,-0.00723705931770041,-0.013110237924729476,-0.01619463065342252,-0.006517303814937561,-0.0023096168291753504,-0.01320113104817016,0.003854226988824767,-0.017283090430409518,-0.002675011234085436,-0.010542374205081308,-0.008390914575125074,-0.010434905712560592,-0.015224870833364887,-0.018450645053122754,-0.007052925355889424,-0.01722696006664868,-0.016398802893048636,-0.019100208988056207,-0.020850975708647017,-0.017959668591902987,-0.014620090615385547,-0.0214068236990799,-0.014138280055353501,-0.011990582855919873,0.0,-0.03052466374578563,-0.015122819985634589
2021-08-20,-0.004157940930833828,0.006006147160430895,-0.001477652642132796,0.0044689082762015605,0.0,0.0010046087805854057,,0.009363100128142472,0.009826508974811446,0.004342452314910936,0.005853835076304562,0.0020725670927299435,0.0052266522225103565,-0.002436740571703417,0.005847921633366787,0.002445901058212072,0.008195666898364878,0.0,0.005827020302852457,0.017748488438893463,0.007022725220816006,0.0008924657236414597,0.009792862344232637,0.002847794974543567,0.0,0.00928181095313277,0.009267829049298446,-0.0020243179343284864,0.012948121679386889,0.01076747701711148,0.005494463933417358,-0.027939251215272024,0.003289547250513175,0.007336873411397453,0.006877128862006798,0.006721759496883143,0.002409725043219651,0.0,0.0,0.003591264801990891
2021-08-23,0.007609650556281291,0.007159954104920778,0.00932080661094351,0.013287711526498823,0.01146810653817776,0.008995454295125308,,0.019745862664615206,0.012309809783116413,0.01813020114818382,0.009068940990849227,0.004819442356146586,0.019614929666766586,0.01820107975545848,0.015907882355255323,0.008110361931421981,-0.005044223637554558,0.009206031530300276,0.013996951121423093,0.007917309277815416,0.0007366814704459556,0.00799655054702704,0.005233609617692929,0.012716432053423505,0.0,0.014791682293389537,0.0036831778710951927,0.00907724329021787,0.011087339476781206,0.014018736174938451,0.008185502638853091,0.0344014373279948,0.011428557626495922,0.005830884083511778,0.02330605853219196,0.015071363354147403,0.006596614938015664,0.0,0.0,0.003998642393876964
2021-08-24,0.003783499886181402,-0.0095580698487945,0.008750660160441803,0.013836541674678626,-0.009163986006878995,0.00792871227725343,,0.019941338390609173,0.00577854167145166,-0.003947912442581465,0.016092326615942048,-0.0041295401239020545,0.012698196306591178,-0.0024812854929824523,0.008571561453654168,0.012043527221909062,0.0068311517363906235,0.0,0.017555693705972437,0.005672445648699953,-0.010731167169274625,-0.013363331555442242,0.008908923063294443,0.006170926747003944,-0.00701759193886894,0.009062204302571403,0.0036697534853277823,0.0040078931407522694,0.009286644879444353,0.005361949148022076,0.002713678851839512,0.0,0.009693148228661328,0.004350904515839816,0.016321009459247682,-0.0014675834714105212,0.005959541558031854,0.0,0.0,0.01563026707040815
2021-08-25,0.010755382717705337,-0.004813473229296914,0.0019342157608664365,0.016023460958905267,-0.004613639837915537,0.01567128729839562,,-0.0008672825001937599,0.023411501480085046,0.012891296568124842,0.015700268045281292,-0.01319004401659248,0.010792802159989755,0.008384468083057782,0.016925609081013503,0.011900205066506943,-0.001116657149303525,0.0057111765541261045,0.011099345352633953,0.008831082897024146,0.018795487375022638,-0.004494305844574993,0.013945208554888866,0.02040337685400492,-0.003527261008206223,0.00965366998925947,0.0018298846474013265,0.009950576127790964,0.0,0.009125402772117016,0.03200278830063035,0.008019299607782651,0.02382951654660105,0.0014461773600157647,0.0267683013936723,0.00014688256771948395,0.01005025593182927,-0.008726822142279487,0.0,0.01904834874872984
2021-08-26,-0.004254174248552126,0.003612295349438102,-0.0106848759213083,-0.0026130510637947402,-0.0011565688663828302,-0.011730381405916116,,-0.030735582212598398,-0.01671170547183983,-0.016219553202862416,-0.010163415138277213,-0.002098664450124879,-0.029043712953324623,0.0025971226631570318,-0.014084772271133543,-0.03205409421983815,0.002901052136610856,-0.006857080599405606,-0.0017200254207511217,-0.01579711501055215,-0.015452817579418635,-0.003610020808806402,-0.005848086495467886,0.005144436993354623,-0.01065732316215108,-0.0024048669959137077,-0.009182816003824259,-0.010950999678640973,-0.005054697128939765,-0.012089948251356787,-0.021220892328204486,-0.004803926247468374,-0.01901785612709316,-0.0028943038392660186,0.005420029133252803,-0.029657149150612905,-0.016009797489861154,0.018160870103349793,0.0,-0.004881040022000809
2021-08-27,0.0010226832232978326,0.0071856787803532,0.013579353036552257,0.010647028803805273,0.0,0.021401508137500524,,0.0004968319814540159,0.009178641360251453,-0.0006352262390924016,0.007563979047107238,0.009062479525839643,-0.005497964361622475,0.020270978093438603,0.00847460659830943,0.011336266771965867,0.005333213089334226,0.005717406822594715,0.017498329873738214,0.008764278836787959,0.006651815903224932,0.0063089799909923925,0.013110230000471084,0.008005159720286087,0.007117397393563801,0.015385746185815487,0.007352931356422884,0.016873916065173404,0.010919949352387609,0.002678148696890932,0.010666735891817174,-0.00482694535421346,0.01429723824437047,0.005780327104295482,0.019060167648431478,-0.0006052841935711363,0.010110156437782306,-0.022152809495693718,0.0,0.01537571241316534
2021-08-30,-0.006323148337583796,-0.0011940862481914854,-0.01504520917603397,-0.019727416916283047,0.004618812059929909,-0.019436808734543686,,-0.008280545696804276,-0.0219789382179991,-0.010379385557762442,-0.018250233420410836,-0.01116555763284683,-0.005268165866754451,-0.014282021982265948,-0.00989401620936609,-0.015416158504830394,0.0018823070988772442,-0.0011408243153111575,-0.014617021080747453,0.002946828203757597,-0.017462611050170274,0.0,-0.01018171332986229,-0.016137106719208438,-0.01428590634160156,-0.012980879189901689,-0.01662076040572153,-0.00592291638653243,-0.008389312991263668,-0.006612981760210405,-0.021448631864243055,0.0,-0.0207179441657322,-0.01305309598119521,-0.018952046822578634,-0.0063773133979358465,-0.013703003964707,0.0,0.0,-0.028509715402253683
2021-08-31,0.01328350834449824,-0.0011955137949433059,-0.009334420507475304,0.002158206760295446,0.006888577710340782,0.005870714174781684,,-0.003010114700364709,0.018823356690293662,-0.006279739291389806,0.0033429682704089222,0.008385810883031928,-0.004078384259371829,-0.008996787167982308,0.01690176968125723,0.009764133508534865,-0.01493253565880163,-0.03721367514512867,0.004629621933728498,0.001917398445713341,-0.009036271227618044,0.0,0.007283299683846323,-0.0030585153623047855,0.0,0.0032609440388342075,0.014787612955887534,0.0019782059056328636,-0.006762584111628598,-0.01199467970736901,0.0,0.0,0.01597493631354893,0.007272768876899615,0.0043145054215987105,-0.01087370045230088,-0.0006000321063330586,-0.01612944182746488,0.0,-0.0576079807792889
2021-09-01,0.003377734873348639,0.018958017801861734,0.015185239074875654,-0.013503878991018852,0.004566239481410234,0.0,,0.010893453945345796,0.025894535205473773,-0.0014547092509610618,-0.0083788491878967,0.01724770559595634,0.0003478821575093604,0.01845120813199737,0.016620938978011368,0.012072429568210615,0.01149793044957371,0.004728054655444669,0.0003628819998629734,0.0068719593413721445,0.008661329576464257,0.01604324944594117,0.017266664491862156,-0.0014391183163175551,0.021353093118395047,-0.0011499800132281155,0.016378955061757777,0.03686165217731367,0.015986864806194406,-0.0016556745772290306,0.016129448626280976,0.0,0.02039274842312879,0.011527433959102057,-0.011256843775557551,0.001999740774447909,0.005387632622599753,0.0,0.010278835480771405,-0.050487556979416544
2021-09-02,-0.002194186557557805,-0.00943408376881875,0.005333182813012353,0.0009754066593468719,-0.009153348092725553,0.007774605821268348,,0.01195454212583978,-0.0009244574180570667,0.009498628424081642,0.002661228554211232,-0.008931632137508314,0.009343233387681118,0.01149433597715087,-0.0027510591590413306,-0.00400794174867027,-0.003223839861005355,0.014051956425008387,0.0020284852482131913,-0.007638560964301266,-0.001876627153414663,-0.007098576264693015,-0.002857395459563678,0.004622327541609487,0.0,0.00497304091718853,-0.007246456474231118,0.012304836142707507,0.03526407256145335,0.006993698169386913,-0.016129448626281,0.009630871601681792,0.0,-0.002869388756905622,0.00888603472234284,0.010700102198639332,-0.0005972307284979227,0.05918880797788433,0.03542535180572253,0.02545029603415149
2021-09-03,0.0021941865575578153,0.01528536143271835,0.0028973928458221766,0.0007311140018821364,0.006873026085337935,0.004828584949643569,,0.0014723734058574877,-0.01022460330926176,-0.0004807320084289017,-0.0046262204828593405,0.005505936629742484,0.0008605709767038205,0.008205498987766279,-0.012474242545844942,0.008796556730981555,0.00444368854330217,-0.0011635412475087532,-0.007725931937629706,-0.02078950222229536,-0.0003755941711113129,0.007982365718029925,0.003570276944109717,-0.006063303060344783,0.01745249765142943,-0.005548269777400603,0.02690740783238846,0.009363315407785209,-0.004037238653236387,0.0006774307789901275,-0.010899181490692784,0.0,-0.012500156449743434,0.01991522284339224,0.002155486826713084,0.0009120337445599942,-0.0005975222608440177,0.015209567580217158,0.0,-0.00901510698858084
2021-09-06,-0.002363117871327027,,,,,,,,,,,,,,,,,,,,,,,,,,,,,,,,,,,,,,,
2021-09-07,0.013096099375522563,,,,,,,,,,,,,,,,,,,,,,,,,,,,,,,,,,,,,,,
2021-09-08,-0.010564326642459907,-0.0057240022686189445,-0.003883398000947371,-0.01315511661842493,-0.003383905440655563,-0.017682197829318496,,-0.002959433445505553,-0.01445201791577104,-0.004055504378272713,-0.01107505763320183,-0.004796051368323965,-0.005388066254967509,0.002654651458034673,-0.009810813811488442,-0.005483770189563141,-0.006245721634549842,-0.01061954745107094,-0.01305047386370692,-0.004940754249460042,-0.006113967458612513,-0.0035088023505936853,-0.01084224298910686,-0.004469397700862933,-0.0102916265841938,-0.0058724848887545065,0.005277136063518509,-0.005623161288307817,-0.013125632133782527,-0.007232997107822954,-0.01648403500755147,0.0,-0.014252050566206657,0.0014015859524978591,-0.02399136684107821,-0.00888075293481232,-0.007805402725831559,0.009988613611160256,0.0,-0.011120143869511344
2021-09-09,-0.004561853020486586,0.004581819950665822,-0.009283941869784406,0.003671574495471299,0.0033839054406554652,0.010842731624106074,,0.001184861134194315,0.0034750112188203274,0.0034075700937181387,0.005978838232023285,0.0006864942735958995,0.009626053157335517,-0.012003187748791498,0.0,-0.000785769738215285,0.015211529455347697,0.007092136726273427,-0.0010374348902697625,-0.011668659761804819,-0.0038401637514012417,-0.005286396509921794,0.0036270599968257888,0.004343507528738222,0.013698708082846348,0.0026035303478556737,0.006992994197004408,-0.006600796236884714,-0.004137336605947262,0.006745990850095721,0.005525054479128184,-0.012861913369892277,0.0031846911774134207,0.005586572084261745,0.006621247090393281,0.0026113254764816665,-0.004833951633648473,-0.020077912602239296,0.009554073937252149,0.012247552069825406
2021-09-10,-0.004753271759040616,0.00456107424240325,-0.008875854218848163,-0.0162564576312609,0.012311442040124737,-0.012826810521575154,,-0.004648073217483469,-0.018139041463685023,-0.0029201194059929685,-0.012711924954513548,0.010242536164831688,-0.004151304299300216,-0.006191236662941696,-0.012757051766031093,0.0,-0.00607898724297045,-0.009467585976900655,-0.002722514637361185,-0.005023818842706677,-0.00038499655113900463,0.01141862931412807,-0.009457700566221026,-0.011562310332413776,0.0033956839419531995,-0.0021207011511534856,0.001740699512466589,-0.011417739867301237,0.007434900772012631,-0.003905140207753316,-0.013869943206772092,-0.004866178832970961,-0.001591031007763624,0.0,-0.0037619981926630846,-0.0052292015527444415,0.0018154134425000714,0.0,-0.009554073937252123,-0.0006763696973150449
2021-09-13,0.006614269611817676,0.009059983322110325,0.005925878585649291,0.016500827459593602,0.018733176343477577,0.02645928222061105,,0.008783520187770535,0.02473969419784833,0.006155050216371164,0.013562822434327333,0.009465869026597424,0.006478659581753676,0.005385862284942093,0.014164474832503608,0.03019963362005627,-0.0011091654869055652,0.016509931783685955,0.014223886165137482,-0.0033188704792511277,0.013382004527651394,0.002616566070572564,0.019544345814663154,0.015762644250292782,0.0033840216191453405,0.007499312523700312,0.01724174767434672,-0.00479631946460452,0.014706236817584463,-0.0011746278073742845,0.030263588630882174,0.0,0.01265839039655682,0.0206761602772482,0.00841575636670866,0.00046244694499557743,0.01142188582859962,0.0,0.008496998956355759,0.031748939922352414
2021-09-14,-0.004574403549034775,-0.013621057564513648,-0.009399190995517748,-0.027236155248783957,-0.01651098036712089,-0.026459282220611113,,-0.012557543350448258,-0.015151865146247638,-0.011040998316098564,-0.024983176923455704,-0.025904720347121175,-0.011691896647069225,-0.006736797842540347,-0.025642470808292496,-0.020031359159278547,-0.0017776550909218145,-0.017699619580254206,-0.013703535127958312,-0.01487073952196869,-0.02655536584964192,-0.01934968646750992,-0.008639339798929507,-0.017607195456901866,-0.003384021619145339,-0.024139623249879148,-0.0051413906821771846,-0.005785838481095377,-0.005693333443644078,-0.008457675792228399,-0.013642639820408722,0.017728092202863206,-0.017446822365572632,-0.00821927657543022,-0.019786696776953782,-0.005409166385642088,-0.00960969614417696,0.027694031684513568,0.0,0.006317158324052354
2021-09-15,-0.01264540565660153,-0.005730715860325111,0.011858026294922082,0.007501796222296274,-0.0011105552442272004,0.007912804959416648,,0.011180899602008442,0.018592016348477732,0.012976725795013418,0.023990221509454568,0.007568075547410808,0.017187339112413907,0.010623504905217577,0.007189018897049207,0.014677521657600742,0.004548501874386357,-0.01801854952829179,-0.004319479909820148,-0.005820521126748347,0.004281167951184948,0.0035461304013620657,-0.0021716460982289304,0.006915938906895456,0.010118072126870381,0.011027070374981768,0.013652094122983332,0.006747013324767248,0.00325716307112066,0.01324503845111467,0.00820797492472201,0.0,0.004788431969015716,0.00548701712637761,0.01547396967715373,0.012933249346480342,0.008413514012487166,0.0,0.0,0.012730994251320401
2021-09-16,0.0005158434973561169,-0.008078439958857703,-0.003937092930571521,0.007693374558902453,-0.010050363706389624,0.009804091507682884,,-0.0004920399622583409,0.0031173008240539144,-0.0024202650635992196,-0.006408219205627902,-0.0061877947892167015,-0.0005137732773860655,0.0006684103569778123,-0.0014335529506002208,0.006116324907507191,-0.014380757241726374,0.008449117288573147,-0.013197952765689431,0.016960818932013923,-0.010148499585502669,-0.010676458859560487,0.010093917298794807,-0.00044279083613866615,-0.006734050507724991,-0.005547226122615335,-0.0050977082581504934,-0.008682973550142798,0.02250907980480897,-0.004101973418164784,0.00814122845963304,0.009539001994933821,-0.004788431969015815,-0.005487017126377597,-0.009944307422862878,0.0007643801239025484,0.0017937043925338645,-0.017604732693434412,0.0,-0.0077489255279664
2021-09-17,-0.0015480173722482796,-0.004645678109953455,-0.013902816010732408,0.001235311755326177,-0.01242236850143823,-0.011776319470217813,,-0.012780574933838985,-0.01663311597926764,-0.009088144235828287,-0.0005715716092025631,-0.006226228940877701,-0.019203260455062456,-0.00482395716768165,-0.02469258712925833,-0.016135528829198362,-0.0032617283636859977,-0.004819118427716832,-0.013246432021421022,-0.009656737845451905,0.010148499585502634,-0.008984619495533995,-0.016636801122074593,-0.002596932533370933,-0.003384021619145339,-0.007051309161514731,-0.0051239137792129,-0.018582589910439814,0.007128668626832233,-0.020366571745693104,-0.032970152194828344,0.0,-0.016129443863767252,-0.009675292728675313,-0.025951384484133335,-0.0118397498922741,-0.02112967987850065,-0.032172220705802536,0.0,0.0040973074087757985
2021-09-20,-0.035749422632052635,-0.050129960085845346,-0.02891425163580259,-0.03492403297736062,-0.02298954481273691,-0.04131570618919114,,-0.027188484693852134,-0.0492967478039934,-0.022420934579530673,-0.03876322027927477,-0.04543012717907799,-0.025295412237681423,-0.03735799601236797,-0.04051567688687315,-0.07643444156474365,-0.014524234816353917,-0.036904723164863186,-0.0346451694038812,-0.018361329885070866,-0.045281734371723954,-0.03396375624866707,-0.037908762522119,-0.030391249217470908,-0.010221667842535196,-0.03114325968534647,-0.022511706246118972,-0.031080264302682722,-0.009516189735687986,-0.01844718313953328,-0.051587419802568306,-0.10325301019818695,-0.05343505194683712,-0.022472859017587152,-0.02833958484197387,-0.012138488071523887,-0.06295340753407519,0.0007970753976968408,0.0,-0.014304643993928102
2021-09-21,-0.005008257350404424,0.00974426398420464,0.00922143785546514,0.0005115248073593586,0.004640400498685316,-0.0061920507964857985,,0.0022514871960509068,0.006957181523390298,0.00033330934301830685,-0.005363551654378689,0.0029008875375166276,0.0,0.013021584978764746,-0.004604864390173386,-0.008396465719834946,-0.0038936215467686914,0.008733744315627057,-0.006074739207524954,-0.004126650268416878,-0.003256204017170622,0.005586649633029539,0.00151393234755466,0.00013090424215142645,0.0034189024019294204,-0.0033513741133797703,0.034426777649010414,0.005078826294322675,-0.02012155869595305,-0.004588767312602367,-0.002945480845487986,0.0,-0.005159092544667591,0.015504250090035625,-0.009260520402091727,0.0034386021727580173,-0.007827820942215923,-0.03321484741736458,-0.03278979963536766,0.0008725426523376823
2021-09-22,0.025842307573444252,0.0108501255850732,0.0015285987078636626,0.02548382185577264,0.009216542576294673,0.0275670712958175,,0.013504963804697446,0.026068674122326534,0.0073066112336609,0.01923425686729482,0.010802981361272775,0.008473486894811946,-0.0012395432067546094,0.034773133245408386,0.033170699553636045,-0.0014928236861063227,0.013572130484511643,0.025299937135155614,0.0024780331066778624,0.03367076145913156,0.011998086623601942,0.02317871535030952,0.018971600557882416,0.0,0.02511427972876885,0.013445585939294895,-0.00304421152708913,0.020917953584136565,0.011786502325652582,0.026202357321920854,0.054621083251251125,0.03390158207904839,0.006968608927551398,0.017714511134252754,0.00451448593437034,0.022021512117849768,0.01795961519902054,0.0,0.026473439207285464
2021-09-23,0.010429388979814753,0.004784684199587545,0.0206608659313767,0.037888103785428826,0.0011461180095541116,0.033666385419765354,,0.022734943123895193,0.03539065737309379,0.02030853273971668,0.037957221033666576,0.001431658321987603,0.023611179508951707,0.03559955172086728,0.027840523240198436,0.01858634347764789,0.012447873021767307,0.027796215989478783,0.016441069053084414,0.017040843330265953,0.01835608030980809,-0.012926968826089302,0.029135332791596687,0.03324285184672864,0.010186787059751012,0.026916397282038332,0.013267198036135804,0.009104792834670696,0.023604507081797982,0.021682264175300597,0.042200486532907595,0.0,0.032789756458650655,0.008298924831422408,0.03207228883419672,0.020752792757471435,0.011465187576089629,0.05432265897641968,0.0,0.015177104214453258
2021-09-24,0.0079228011401804,-0.014423446170366555,-0.01052892311954329,0.010735850756108278,-0.015003061084534124,-0.005859467970756018,,0.0006899158940566318,0.008591971958978336,0.002105523685140137,0.004223423924756776,-0.013684031558824385,-0.0002604816560287677,-0.01879238469078467,-0.0028942825034606622,0.016673617578703278,-0.018788255816440908,0.0011911830426811138,-0.002580663095449068,-0.004470804032380714,-0.003100667925208569,-0.009337207363398554,0.005726589455640043,0.011473853388283205,-0.02047841364394489,-0.00619993586558491,0.004930075697705317,0.006024131572538783,-0.009375048676867212,-0.0009889761832888812,0.00275100560370124,0.009917414766245448,0.0016115438962110433,0.00275098176207955,-0.0013988417356481232,0.0006080612704237785,0.005053678384821203,0.0,0.0,0.0025074070045639344
2021-09-27,0.03688225793895933,0.013229359922175193,0.014014154907022113,0.026230879389256535,0.01156068165764086,0.02514632248190327,,0.009511277126381274,0.025959304833794175,0.012060835419916718,0.01505913046786408,0.007945155756373628,0.01067073977095821,0.029374563299245787,0.03698851275789322,0.023347329294333728,0.028838608030922204,0.02817097460413875,0.02266543465334336,0.01066926587360448,0.028321955008882186,0.010266089565886111,0.03987935327566882,0.023878291103629365,0.037229185513341534,0.021057518590312907,0.029081322420483918,0.006982571773544215,0.013255622593531828,0.002766530220354261,0.029772088446689694,0.0,0.031698498140154165,0.02710196513676206,0.03134419914787245,0.019722448661909087,0.01687002775997147,0.0007660301077360652,0.0,-0.007540620994196113
2021-09-28,-0.006303037086555598,0.002386668912563877,-0.021095512544083456,-0.002314046714111893,-0.0034541929859560013,-0.026126320716359782,,-0.014548635580835252,-0.007437320001313548,-0.00786319819931362,-0.012393238234314473,-0.006495763880809754,-0.023158852673211498,-0.017922874873491756,-0.02402939990590778,-0.020987905078214505,-0.012550220417238526,-0.02105344312857361,-0.026125395207890416,-0.03318826945281373,-0.02058813871129022,0.009242098256047488,-0.0131171386017094,-0.005404191016903225,-0.003327715128846088,-0.0295475287922526,-0.02744318656151686,-0.014014242896284937,-0.014040877974536492,-0.015411425275309809,-0.032523094050391055,-0.021613487494858936,-0.02367922439631603,-0.024358461830402155,-0.018941882561849956,-0.0014918860962755676,-0.011215027008763716,0.00305817336077816,0.0,-0.03509178951243258
2021-09-29,0.026760148509905327,0.010669800512105868,0.005063089362166553,-0.002087130723125544,0.009184875184182728,0.004890085945524389,,-0.004863751576305231,-0.002491556490885249,-0.004683194617311281,0.002239249581631572,0.027848787675685282,-0.009541294115468309,-0.010774466513213829,-0.011510924491719383,0.004702213172200878,0.006916533186259983,-0.0011828075104780712,-0.01190632810761338,0.01693661515176505,0.014531928575881252,0.014612005492297521,0.021313791446327952,-0.0007831847038621746,-0.03390147038449535,-0.024704617469086792,-0.004922068584684123,-0.006066890852244206,0.012490570484537286,-0.005627120632665702,0.010958980528423281,-0.034191410971536225,0.01112010414883749,-0.008253194126293053,-0.003115107333131983,-0.005840036713214032,0.011215027008763688,0.018154749677231158,-0.015973857953600692,0.02388511435170252
2021-09-30,0.008710085601533517,0.009389870368912567,0.01603242318191694,-0.014500024797800805,0.00456103251876324,0.006805997440338739,,-0.007691262696923798,-0.00031173114788139895,-0.004054767756056285,-0.019053211697964357,0.0028129785605856108,-0.002781278548372684,0.005266935196042429,-0.01457765564581519,-0.007061637388320109,0.0022573210460988097,0.0011828075104780642,-0.01798389458562744,-0.002050265526432304,-0.007239665495881563,0.0018117882261323756,-0.014388793649016516,-0.01371210032075974,-0.020906828959876902,-0.02275870931176528,-0.02498060732232041,0.008080895784707135,0.009266340029837469,0.0024153334345764026,-0.013717808943046096,0.0,-0.001581062084858595,-0.0322834640538815,-0.014646779950942712,-0.00662929306153224,-0.012468955984887517,0.014142508240474583,0.027924012963457697,-0.013270728767796957
2021-10-01,-0.012650078074396918,-0.016490353576603976,-0.004483256324500781,0.014731855791655406,-0.0034186886316520957,0.010602682948041927,,0.010175791830687689,0.0015583254075412464,0.010508516849484555,0.014148069882783188,-0.0035174613245976334,0.01010151909353527,-0.014380723527331598,0.00585669143597011,-0.008699076843670432,0.006181711350380884,-0.009501318170342625,0.0051975044872275425,0.00844700548588561,0.008757257270686635,0.0,0.009615558186804747,0.020797755810370452,-0.014184584170357343,0.017723191462589973,-0.011874561469285403,0.005017666190277854,0.003069796617069642,0.003411962036149494,0.008253292348040023,0.0,0.0015810620848585235,-0.005722512603099807,0.019751901665800316,0.021682921335800208,-0.0006274516361085702,0.0,0.0,0.013058181954654493
2021-10-04,0.0077116892018324135,0.004739410487762005,0.009935581022093087,0.006017131965095585,-0.014951448472613937,-0.004805489617468877,,0.003467856265238419,-0.01348197292357064,0.001170753869271144,0.0015444477611531084,-0.01276601351025008,0.007443290054195421,0.03609918586699622,-0.0014608824607227635,-0.02005678284307858,-0.0017946003479004506,-0.004784531391496346,-0.015514368011835887,-0.014072285900430513,-0.010670844808020401,-0.012750666505329425,0.002343377804024372,-0.0010778668681389162,-0.018018554707226485,-0.019368451310808166,-0.031198317636837454,0.005988177403880058,-0.004758422341496257,0.004896832579362348,0.0,0.0,-0.009523900171947841,-0.027638042391973743,-0.0033616808838672955,0.00014815314228817217,0.00188138061223232,-0.048457769055299665,0.010741235457127773,0.0
2021-10-05,0.02711284192796685,0.011750943088841967,0.009837835613106877,0.02010130439381039,0.008078422387275871,0.03316271871842925,,0.013655155324682847,0.03900217775871467,0.005186346566055835,0.017244155880313354,0.009943203868334945,0.01010166738253085,0.011140980058074774,0.04432458326912812,0.035817497075069024,0.00503851619709169,0.002395048676912496,0.03068820248664945,0.007948812518452171,0.029447076938025514,0.00821553632330202,0.024519440083975646,0.01619831736228093,0.014440723659521492,0.02088189713593431,0.024349015992512883,0.012852273928107432,0.012260333845808305,0.008536863820821857,0.03499679498755344,0.0425596717163746,0.039098126831854416,0.029071707596799806,0.02974369852966843,0.009714393494339417,0.01307208690649201,0.0,0.0,0.01979398213017673
2021-10-06,-0.007336870919392881,-0.011750943088841951,-0.018775392098178075,0.00045213608883079717,0.0,0.0018622569619210626,,-0.004204626077456096,-0.0030404491488631486,-0.0037248681629256,-0.0015179608477244658,-0.004959148212811745,8.742924082627072e-05,-0.014309436912764534,0.006968685173400701,0.0007815570173622932,0.004012566506751824,0.002389482714583818,0.0057891618081677585,-0.003555399444847983,0.03041073160348945,-0.006384019807443605,0.0,0.0021323975400977637,0.01776241521806233,-0.0010086792468231819,0.018723863113609986,-0.016840425176236993,-0.012260333845808222,-0.00019759244216702965,-0.002648981632617671,0.02143529146920255,-0.0046119444049044665,0.008559236660999336,-0.0028217666133166755,-0.005139879317541919,-0.0030967924001553664,0.04103940042635287,-0.013986212283654296,-0.0018781952534851376
2021-10-07,-0.006211713031775416,0.014084620877961439,0.018775392098178054,-0.0027163741571092307,0.008013913552221693,-0.009346054112212973,,0.014590429484522953,0.003040449148863159,0.005662834351968314,-0.003180859319252054,0.004252175264282156,0.011383060746789032,0.006195333844322891,0.016529358519863802,0.02163913693395785,0.0017780892242067632,0.003573474491345946,0.0066008938433596105,0.008321473144750218,0.01681921891333874,0.017233999995581527,0.004832434625054317,0.006310524500165987,0.003514951781380683,-0.0030317945510877752,-0.008467380492921967,0.027588012907165064,-0.0016459054900487525,0.008074122565116932,0.015789791959315288,0.05860743647886094,0.006144544612944773,0.0,0.006871153161048778,0.012361541753828508,0.019656610129634523,0.012578631077238361,0.0,-0.0023002832206496493
2021-10-08,0.016700186858686565,0.01043490551651596,-0.0034321340157770306,0.004974283497863828,-0.005717652134882695,0.013986319765087839,,0.012093483598724714,0.003031232832499205,0.014416524230018646,0.0022139674129793723,-0.00283280530333561,0.012620791178484286,0.0014443742137533555,0.006807296911270401,0.010646428243983475,0.001664025571573953,-0.00835800588284227,0.005590933374734887,-0.012439850847318955,0.010238372470124782,0.006275045798467926,0.008913477957823471,0.0007638960604124088,-0.014134460156458598,0.012472144343661127,-0.003407180976363473,0.00870817900799878,0.0,0.010050196404551508,0.01297043951736695,0.0,0.0061068407069079815,-0.012866485382890475,0.023520165734629492,0.015582907604540123,0.01628992049631864,0.0058651590518699025,0.012917413448551934,0.005012547205691086
2021-10-11,0.018866973214463602,-0.03044726790272612,0.008314933889379029,-0.012710092691878136,-0.010374683804615054,-0.001853523214664824,,-0.004685707633304506,-0.0045503409493056314,-0.002228961689335618,-0.009303667414897413,-0.018611900035725652,-0.00281939112396415,0.006278675108505329,-0.012286813827456661,-0.004548918786057256,-0.012829759140558627,-0.013277412461176037,-0.01945938148134119,-0.001376383151621571,0.011524593034074278,-0.015308481118572498,0.0006824273449474271,-0.021255847773503398,0.0,-0.027873438029106613,0.0,0.0,-0.0149380883655851,-0.002624728994524936,-0.015584941623446659,0.04217496308787735,-0.010711705971752805,-0.0014398581329152884,-0.0025252914079509146,-0.004199299500838979,-0.0029966975015679837,0.0,0.0,-0.015113744733547874
2021-10-12,-0.0009755273411545921,0.02001236238621015,-0.000974739616926729,-0.005497267084003591,0.013809104585502685,0.01015253703246429,,-0.0027833754405129996,0.0015191081168064542,0.003976684397170509,-0.014615072540317926,0.020029258240674974,-0.0020555430884625437,0.009732127188763283,-0.008275987093911316,-0.004569621936146205,-0.006081902835985459,0.010876298307731196,0.00334287093538412,0.014630695676077238,0.007954308852529636,0.020656129607203057,0.0013632813725376162,-0.007710813362449712,-0.0071429068429844,0.0050239092156043556,0.0,0.008633228875328094,0.014113946286281683,0.001750584573220513,0.023287156590411487,-0.03603985374123045,0.007662947298982532,-0.0028860232650295683,-0.00374443182428864,-0.002470096368273389,0.0029966975015680397,0.0,-0.0016056250085853961,-0.013414599468071253
2021-10-13,-0.008823624549228989,0.002328399419112639,0.000974739616926677,-0.009229274898236958,0.00456103251876324,-0.011080588564410531,,0.0004803195481277016,-0.002735964423112073,0.0028534553372368625,-0.005394166947584257,0.0028287038965141027,-0.003951653707038433,-0.013259087775795892,0.002766279566167719,-0.030223125418138846,0.021236962721275007,0.009569432239718676,-0.0005691925240628207,0.006629472392709225,-0.000344319509278477,0.0017764476618970801,-0.003411783728896267,-0.026720606817400877,-0.007194295243774101,0.00804673451148089,-0.013745839945717719,0.005714317181793508,0.0016474908025052427,0.003976252489943139,-0.02853646036907007,0.0,0.007604494688294581,-0.01602364202004474,-0.011318360513801983,-0.005543296624744258,0.0023909351210316286,0.0,0.0,-0.012945088908887455
2021-10-14,0.014986506946785792,-0.004662077208232121,0.0014601483141999559,0.043766057368268114,-0.0034186886316520957,0.006478553911918344,,0.01354982085268501,0.0003043920430226732,0.011646490141209116,0.007656338853577112,-0.005665432062410308,0.015035575952997298,-0.004458937075396688,0.004135172809630331,0.016387448378635264,0.0018784453190122553,0.016529269938932355,0.012578754475672709,0.020288937356698355,0.005840708236411204,-0.008912783143871176,0.01492559669944144,0.015224984834174253,-0.02189865266934863,0.02445249059717681,-0.0034662308221006357,0.01320762642765232,0.020367222345776745,0.014604278223166577,0.007863805884738267,0.0,0.0030256972388538546,-0.010332224186651544,0.02316427046133687,0.010477336449131973,0.023599849863222416,0.015953881932783097,0.0,-0.016199803911090563
2021-10-15,0.002422136744272084,0.004662077208232155,0.008716939605624335,0.02843580854031571,0.005691465472361956,0.022800555103092063,,0.01598370197934539,0.029682797185745544,0.008413765828908912,0.02082701411038172,0.0,0.010962024239202037,0.0027565256947268647,0.023114531839214362,0.027482537553434792,0.0014338595256783843,0.037914012946186654,0.03730661524733604,0.0010565490489021188,0.026370675174750023,0.0017886869933435444,0.01669493356614918,0.01902652813357341,0.011009315102398278,0.011125041500482486,0.017212070767818315,0.0009368640792523932,0.012024346107320519,0.006180851430964497,0.018111714798186948,0.02863780776141273,0.019447202153832086,0.01910426588383043,0.01106081171682127,0.017648647479284626,0.007551619764307179,0.0,0.0,0.06555871019048166
2021-10-18,0.007231956348974334,-0.008172915260459287,0.006727397461762687,-0.0019429707387419392,-0.01026823014036088,0.0018019610474469463,,-0.0021473396118900693,-0.003254878683015976,0.0018601591682493202,-0.009451055136736596,-0.008559365695673518,0.0015922624013112096,0.010431539803083034,-0.006743129119620294,0.0007528132675832433,-0.00022060489858233197,0.008978570170854065,0.018591334814542525,0.007102442498807798,-0.01039728348827911,-0.01258989580457843,-0.002652606376279012,-0.0003604275743925566,-0.02214109148031188,-0.007172794555637567,-0.003418829558704648,-0.002813005298908301,0.00951625066141764,0.004256872628756117,-0.0051412752808197995,0.0,-0.005943594521462882,-0.005839543040170331,0.02197192085776665,0.0034077974403541535,-0.0040592181288451835,-0.020349545303807906,0.0,0.021470741985193612
2021-10-19,0.009085841818908764,0.01165514893376984,0.010955055561103303,0.004312607689073822,0.01930788099579211,0.008960615539765496,,0.006800519500176922,0.005025825607397651,0.013078228482448181,0.0020925402153270352,0.009269254856665455,0.0008367574631272243,0.014423927540779296,0.0027026338288425483,0.005253306677309546,0.023535852819906243,0.006681598974056211,-0.0037053572757666264,0.02715099765297436,0.006720217030052585,0.01882616259489252,0.007277674430152257,0.012055910715016473,-0.0074906915707387,0.0033469785628293435,-0.006872752830867544,0.013059997968074645,0.003938613648542363,0.004708457922511503,0.010256396993438105,0.01328437689442206,0.0029762567137299727,0.0,0.02366531134093674,0.01602944735039004,0.004059218128845178,0.0,0.0,0.018242558116455424
2021-10-20,-0.0033378301289594386,0.0011580551049611067,0.011304874272919027,0.013038517943887433,-0.010175279258035148,0.0026725419975344796,,0.014653863907500736,-0.0011803080434699808,0.015170045899116951,0.0008354891762435808,-0.003554974144313249,0.009409572343198235,0.010556773967224077,0.009402393532997289,0.010424457956936658,0.009645415892580451,-0.014533558653620578,-0.010413965599611181,-0.010643162677640018,0.002675835130757951,-0.004450420145664907,0.009186452829868401,0.013376274607180846,0.029631783051050485,-0.010770212802826057,0.010291582389572394,0.002776667275010963,0.02023404244827942,0.007580987861953474,0.007623992005886126,-0.0058823309146044615,-0.0029762567137298847,0.005839543040170434,0.023520902421332993,0.008473007978027216,0.008643135041898724,-0.020022882886981144,0.0,-0.0035819271425728914
2021-10-21,-0.00031855359906345635,-0.011641580616071994,-0.014151293585260391,-0.005536629777937563,0.004535099639300635,-0.017048301963566555,,-0.0029319189741756884,-0.005625395307847668,-0.007556220415991235,-0.018408427795567076,-0.004282622390364469,-0.0029881136183911895,-0.0071101710477276476,-0.006707044250727601,-0.0007409351822314034,-0.012233463080504665,0.0044943806417833375,-0.0007360838763379984,0.0016743849487887718,0.0020017177097147163,-0.002679908312533372,-0.0032713311570588366,-0.007874788557293741,-0.014706186994544311,-0.0037822529271746815,-0.010291582389572338,-0.0027766672750109507,-0.021020590932091923,-0.0026139713296957855,-0.017880388999324266,0.0,-0.007479451699699108,-0.011713239047899008,-0.012455068120550705,-0.008193959027112204,-0.0005739241598011025,-0.011299597543257916,0.0,0.003383357279012422
2021-10-22,0.015957586368854835,0.01048352551111096,0.0028464193123414307,0.015678248525773732,0.0033878027384667444,0.013483323055496627,,0.004760012677938371,0.002076241673068141,0.002575484060344388,0.01212314882565429,-0.004301138613546104,0.007783376965086622,0.00356123650784529,0.014696414901343246,0.010324597301003774,0.0038795059399067346,0.008928613090750855,0.016377087430272004,-0.0020611637626525197,0.0006665491890471895,-0.002686872695881837,0.0032713311570589307,0.013361711176721922,-0.007434904485767484,0.015044017069565745,-0.005185914484881501,0.002776667275010963,0.01406278023790444,0.007265219604865015,-0.00258076632514139,0.0,0.0059879072181881965,-0.002949873517166775,0.012756953404917459,0.005285147342825706,0.014249337537964871,0.0,0.0,0.006535373739394044
2021-10-25,0.011222074298208264,-0.001159397751596248,0.008490731524441986,-0.001262148275417158,0.0,-0.0017872667117447916,,0.01189271062254852,0.002071939823719972,0.006334837706467669,-0.0075951492339241455,-0.002157526680839273,0.0028826301890049616,0.009980621195567939,0.0,-0.007363819059845605,0.005791012970774363,0.013245272793783422,0.0010374421586905186,-0.011152959240476523,0.015862888729813156,-0.004494305844574993,-0.0019616167030732656,-0.004902031080014895,-0.01125718439931699,0.0010799135695832133,-0.008703289379966735,0.005529762746681954,-0.022755118665028714,0.0006921775697558494,0.0025807663251413045,0.014641415062400657,0.0014915444815109713,-0.01488117269716142,-0.008080757290033621,0.0027706581668862458,0.005643463172634862,-0.005317050597489512,0.03215037493356234,-0.0007900031933163717
2021-10-26,0.004947448592344191,-0.004651235340826838,0.0018772086699741864,0.009426972808088291,0.0033765903594220248,0.008017863897675573,,0.004142519848536039,0.00029566298344598174,0.006295319740601562,-0.002544376424248702,-0.00577597438887509,0.0023003499885564673,-0.005673083948212695,-0.003986706591103784,0.01975911156460352,0.004693705696472797,0.014153790059683197,0.006871891958956452,-0.012862954243031905,0.007187179547976234,-0.0027063229156513093,-0.0026212321349750626,0.0026873070088812255,0.0,0.015191814901671447,-0.010544895247653823,0.0018365163982293866,-0.009569373377422169,0.0010278634806849241,0.010256396993438105,0.0,-0.001491544481510913,-0.003003024364486646,-0.0033525189205014373,0.00799123846240391,0.010635170779112154,0.015117319178705374,0.0,0.00019768624228213465
2021-10-27,-0.01038712262300138,-0.007017513575783404,-0.007057423672183042,-0.01936878775644613,-0.007896317257304756,-0.017002530194772263,,-0.003511153647672335,-0.010101063968444063,-0.0017949416167089855,-0.004824029743570624,-0.01092135462975214,-0.004028900096060898,0.007807782700759297,-0.005340516992126606,-0.07835331724994801,0.00477764981991486,-0.02185882085298126,-0.01597914414224958,-0.007824369494197058,-0.009813651752578444,0.0,-0.005263167333185137,-0.021048247787037143,-0.007575814103553075,-0.015584647270209409,-0.016028810658217905,0.005489725533701094,0.001601324070399102,-0.010422197653467158,-0.033725589305003946,0.0,-0.007490481095374415,-0.012102947114087208,-0.020873737494619172,-0.003712199241050206,0.004444549101468315,0.0,0.0,-0.011521821337470775
2021-10-28,-0.006880249647984133,0.02205548253672364,0.02655652276912068,0.01560879967852008,0.0033917088489238295,0.010771933008841605,,0.012725320410906736,0.012168109124702654,-0.0005987420827974047,0.008074239243437021,0.005111335498366009,0.005177017501397532,0.015063911288624828,0.006671154486460324,0.017864506168145968,0.007282056045204614,0.005509644657147283,0.009275853718263965,-0.010708208266920427,-0.00032866806866437774,0.0,0.010498778704354847,0.014962385434621554,0.011342306932131365,0.013060647711046574,0.0017936894494588363,0.018083578997553407,-0.007226182190072095,0.0027334335370929525,0.0208884259864245,-0.029500469408603194,0.001502573877186158,-0.003048802074902553,0.02645492136073356,0.0013764302984794728,0.0077306972863018,0.016369546370797853,0.0,0.025836946024861758
2021-10-29,-0.0015703268571628643,-0.027941356646050294,-0.01856216501843501,0.0,0.0022547651067652804,-0.0008933346433717199,,-0.026652895780976068,-0.011869686708631356,-0.01828810923219823,-0.017344270815366644,-0.002917521262489676,-0.006166081650811013,-0.019464027560056447,-0.005333301553845572,-0.013173408433633673,-0.00993358823700236,-0.06938549999310646,-0.0035501817737592306,-0.032830190523259896,-0.011243572574868566,-0.006343462862613564,-0.012479651656207676,-0.002762919453662754,-0.018975952393334317,0.0027278575771688247,-0.012624101310813115,-0.02357330453125463,-0.009716596963177141,-0.02121356361451559,-0.006312429317220541,0.017804583784515954,0.01045570841342912,-0.010744568817167954,-0.0027357011533563785,-0.0026170678048630276,-0.0016516317384388795,-0.0133732237005911,0.0,-0.003901576233901185
2021-11-01,0.010940959826724812,0.017554623025936928,0.0,0.0014640075407036039,0.0,-0.0008939320683730471,,0.009721544977441699,0.03490610258839305,0.01077142940317673,0.006485488734643748,0.0014598735886087507,0.006248072304608903,0.010527580125346717,0.018543657169549612,0.02996764960556628,0.006563081925445179,0.0011770837089948147,0.008071966982126423,0.012987388646081644,0.016163965902162486,0.007246344823187687,0.028666444031072415,-0.0005294893395477363,0.018975952393334206,0.011800207563174448,0.02331937230159565,-0.01665145805985699,0.014539886311278739,0.004891252586229244,0.033725591085330166,0.007326049145532239,0.024946200985880955,0.02889934237064427,0.007883729435771524,0.008650929285709137,0.02018068399294765,0.0,-0.07594497287776611,0.010693126102235304
2021-11-02,0.005271415497566588,-0.005817471252710781,-0.02082406065029114,0.0006268786680699616,-0.004514549796273082,-0.022615221536636088,,0.005188346938177775,-0.008394898735142443,0.0,-0.014615655115440714,-0.011739003273650373,0.00040954751824942467,-0.010779709276052787,-0.0026283337254220467,-0.006074360025332149,0.0026342097755663934,-0.004716826006898733,0.017013090699639796,-0.010903740952806208,-0.011850042363387913,0.0,-0.009032188242036812,0.003937734090610231,0.0074906915707385726,0.006326096725485068,-0.003552425284572265,-0.00749076635023142,-0.008860375750227353,0.008574056138905954,-0.02846250656756579,-0.1013135776367199,-0.008733697155844737,-0.007524575828432202,0.001106495589774543,-0.003698092538275398,0.002696020865083193,-0.001496993708164748,0.0,-0.007960208096904595
2021-11-03,0.0018536982192124277,-0.007025809582063372,0.020824060650291173,0.010181768324276407,0.005640179618734567,0.019928317804371817,,0.004348609792192005,0.014430232921911914,0.009461696158414726,0.005813915011111698,0.0007378439947801197,0.006695074816134682,0.007282963323781832,0.014370030171864823,0.01811374196385627,0.014521021938017336,-0.005927843678996675,-0.014137601945272945,0.0036018089301513827,0.00330579822628132,-0.00271121464116026,0.012878470212649245,0.00035193929143398047,0.007434904485767462,-0.019781452020356277,0.008857468595139457,0.005623161288307732,0.027136488696995392,0.011787625640157843,0.013038000579553196,0.009646355250958001,0.014514184293877746,0.007524575828432074,0.001607662808698567,0.00928827172166051,0.0010766117460640605,-0.0037522725004469695,0.0,0.013552926093883665
2021-11-04,-0.013988405976588765,-0.007075442173446432,-0.0018752149574375824,-0.021735489178517906,-0.01131242769614108,-0.05721132484557625,,-0.003259620681359863,-0.012977758297793037,-0.005095084998784827,-0.029414073716122268,-0.013363204279163425,-0.021467420415678597,0.007354341649707828,-0.020970636265048054,-0.047482050867507626,-0.0074953855827934145,0.005927843678996687,-0.023803266848839436,-0.01616989365526483,-0.03526816054485226,-0.012750666505329425,-0.016774619094206383,-0.013222613853416465,0.014706186994544249,-0.02786736470527685,-0.008857468595139438,-0.002807740046560611,-0.01188114819679763,-0.0030984040741568655,-0.03425890673952682,-0.03252314639785963,-0.001441992238093274,0.0029940332030929354,-0.03130838896847749,-0.003950948145333607,-0.020103984127320958,0.014925614448132325,0.0,-0.02304349548178135
2021-11-05,0.004840428588420589,-0.014302944567610934,0.004681693497743824,-0.00763529198302135,-0.005704606105674884,0.001897700734592904,,0.0032596206813598934,0.004055503333285796,0.0006008474675520862,-0.00014912435067354168,-0.009009087650885846,-0.006505775860582225,0.01000936156931528,0.006600606093183247,0.00859037926802805,0.0055230239379113165,0.014084711679563539,-0.002429178268214609,-0.0019693818114395563,0.0023903281663815016,-0.013844107671635277,-0.004564747852534829,-0.001427159784372344,-0.014706186994544311,0.0008012618054214027,0.0017778345468410768,0.009328489643398013,0.00951625066141764,-0.0020708929153074864,0.013315781696869412,0.008230509135062,0.007189004657006496,0.004474271360694112,-0.008949126474302517,0.0029986086131600044,0.007109651105172218,0.0,-0.04479484667396287,-0.0035623143890322184
2021-11-08,-0.0014030013102556665,0.019025490236065038,0.01022317145298811,0.007846712047427876,0.010244930023665492,0.005670953347299552,,0.00998425020698805,-0.006089514166048541,-0.0030075639647594537,0.021560263370313543,0.01793773578888877,-0.007897390745232944,0.00625104777203604,0.0013150770194073002,0.0031055137882211475,0.008279209319108591,0.0,0.003090773068317825,0.013426864007194325,-0.0023903281663813745,0.008329284138375845,-0.003929318769905908,0.005992266584932205,0.014706186994544249,0.0020006609180939472,0.012356770111816876,0.004632034380031611,0.002364897535379806,-0.0006598820731843696,-0.007968113724466588,0.0065357556434548,-0.005747012418913367,0.016236437658269706,0.00998442218568891,0.003396619569003257,-0.0032750791887669294,0.0,0.03400260045846575,0.00848880061799778
2021-11-09,-0.006572667436383331,-0.015430589378705596,-0.015374277192023599,-0.00976456458258936,-0.006818125082758917,-0.012328184560453337,,0.002681552357754199,-0.007005393245467644,0.0022565929126588348,-0.006742756621776969,-0.01643065777793876,0.006054481744123,-0.015639689151060832,-0.011897098909689223,-0.010911971467344139,-0.016732388926756145,0.005810656104264509,-0.007349426011490453,0.0018045272885966511,-0.007549836575058054,-0.0027687063047314984,-0.003944819242220228,-0.007599913946561644,-0.014706186994544311,-0.003603827064290919,-0.02307113981432706,-0.010218656924550453,-0.004735511329909815,0.0019780892957080155,-0.013423025343885522,0.0,-0.007230759684858003,-0.029719760647602726,-0.006228560359708678,-0.0012213619830632578,0.0032750791887670673,0.0036968754610705243,0.0,-0.0194525868244609
2021-11-10,0.020359847220157407,-0.00599870118072824,0.002501962851189941,0.007438116630961349,-0.004571534125328532,0.0009536127820645382,,-0.007346282021184963,-0.004109144599468046,-0.005424315138625673,0.003230274831185169,-0.004528166610887344,0.0,-0.010104257013952489,-0.026955680000979892,-0.00786787825209379,-0.00905348576355852,0.005776860571694531,-0.015488774812020743,-0.009614958351450497,-0.0044880016374874146,-0.008352781768840033,-0.000658784749599736,-0.0009542427522098618,0.0,-0.019648447487295728,0.007155623479396213,0.03486619372345881,-0.003169659467864521,-0.0030159153796426685,-0.008141175814434201,-0.0065357556434547815,-0.020528590631323087,0.007513118024612539,0.015704671609468392,0.0025763998518880346,-0.014270211512536577,-0.004437929343953938,-0.029764022325950632,0.009376603505556044
2021-11-11,-0.00030792459856688253,0.02142929055943381,-0.004816891852948815,0.005489777349669867,0.012521583367503355,0.017013863114982892,,0.000359497213553637,0.0058651366978568365,-0.00788704355837592,0.009629467119913818,0.013523647730914799,-0.004032193231843908,-0.015668746931525326,0.0,0.016451554783387234,0.007375360250916767,0.009174508817904681,0.008035346934813418,-0.0009805642907613646,0.0031092153335242206,0.023031937097019447,0.0,-5.9478132728171975e-05,-0.0037105894817854998,0.011289186302455772,0.0017809116762727624,-0.014532682370289636,0.01026459826433021,-0.0011333806654973781,0.005434707666174196,0.038589826891288995,0.004434518848861749,0.008941919779330192,0.009488414585252833,-0.0016263158257549344,0.0027601375484301973,-0.0007416034510255195,-0.02446607921018987,0.004556630463849989
2021-11-12,-0.00679419237117743,-0.008279089366783858,0.005777538848807047,-0.012288322954373963,-0.003399471236696617,-0.004697251221690004,,0.004842332283325017,-0.006453592201470216,0.01180743274757973,0.004202200736845565,0.0007461003981806011,0.006795012364901477,0.009380167799050475,-0.010989224443929912,-0.008583676531293544,0.0057955749052535374,0.00795909363575499,0.006367616527710307,0.005590414997190233,0.0003449411809523525,-0.0018231084813047104,0.0013173935088581325,-0.004484879131247381,0.011090716727438854,0.009762149815664837,0.012378622413951877,0.007292523940395442,-0.011058530078026554,0.003396211533614561,-0.013642630199903917,-0.020717799534521162,-0.00591721793211032,0.042126866510365776,0.0059729808073343315,0.009855047519649504,-0.002207524400667467,-0.01419525000690387,0.0,0.007287040317149303
2021-11-15,0.017509270401434344,0.005920643680613326,0.008128047987082518,0.0029800582547313058,0.006787273975163405,0.005633996329433297,,0.0025014829635487306,0.02441983130728549,-0.002863124211911418,-0.006091517580232267,0.0,-0.002762819133057568,-0.002779329003447381,-0.005540134075933927,-0.0031396401728590187,0.00031635144424089465,-0.00340328629216134,-0.0002471630767712764,-0.010789447534970594,0.009608870344630248,-0.0009128925867699755,-0.0019769568502231334,-0.0017997020064727711,-0.007380127245653206,0.0035989612448596208,0.013961837716217486,0.013532205307151804,0.006334205076090702,-0.0034906968397433835,-0.005509872813666098,0.0,0.013264947595362354,-0.02011574905904868,0.008543090343837404,0.0020128474890690243,-0.004984728763694519,-0.014399567766733882,0.0,0.0023521778182920964
2021-11-16,-0.013180307721205313,0.005885874109326759,-0.005730751202888555,0.0006376253866244278,-0.0011280180489588523,-0.002813188946808715,,-0.007703312460427524,-0.018551327548797816,-0.006510944418541843,-0.014654451430119037,0.004464351998798032,-0.005717175683079205,-0.0015194939615730378,-0.0069686851734007405,-0.0007865610346225967,-0.005602691811895787,-0.010279909818419334,-0.004258260275460271,-0.008347193931200085,0.007146520276485087,0.0018248923821864832,-0.017970458424864878,-0.007230541660787516,-0.0149255960565062,0.004778260696320592,-0.012205855471511557,-0.0044904907063301434,-0.01510964663981663,-0.0023656307104184967,-0.002766285845538715,0.0,-0.007347729663251922,-0.019048133391852528,-0.013196960948282654,-0.005377015573335555,0.0,0.0,0.017797487038153544,-0.013997397668301695
2021-11-17,0.002926711938955019,-0.004706034582248728,-0.027186110515790722,-0.012181267599471978,-0.0011291403338902892,0.008415306735374542,,-0.007853751218909051,-0.0008778609773506011,-0.005636429057725492,-0.013225374041879843,-0.010447792970276943,-0.002701796939592354,-0.08609024343148491,0.006968685173400701,0.019478562512351857,0.0058136857086719665,0.0034383918216556284,-0.02904665790930774,0.0005681145905340896,0.002032492412875803,-0.009157644017400627,0.0,-0.005396806218097034,-0.018975952393334317,-0.030349542066185724,-0.01591551633493077,-0.0255254316078422,0.002400858434957902,-0.0073212863928585,-0.002773882150695456,0.0,0.0014739579793243917,-0.0014803574786168797,-0.02484730846916948,-0.010978093305659596,0.013237787756283556,0.018154749677231158,0.0,-0.010577857653603372
2021-11-18,-0.000769290616355767,-0.0035439395093615927,-0.011383344752753323,-0.0040931890812214095,0.001129140333890252,-0.000931509585082731,,-0.0012697780320087195,-0.007347630368563209,0.003203064940598923,0.0038817940358229874,-0.006019762150591631,-0.0038964395623486826,-0.021214983230704778,-0.0069686851734007405,-0.006191983977238549,0.006512961716152124,-0.009195599898314376,-0.00045966739158406734,0.021491207115142328,-0.0003384330426298806,-0.0027637266355841406,0.011352347336077845,-0.008671116513968805,-0.011560951809817957,0.0,0.0,-0.0077791795493781235,-0.01449294631478466,-0.0015278895185278376,-0.0196359694826337,0.0032153733603142737,-0.0014739579793244285,0.0014803574786169328,-0.009925339392508116,-0.0021827853880547975,-0.015461264192273923,0.0,-0.0530876985393007,0.0012032945583680598
2021-11-19,-0.016452219616326504,0.009422971826047146,-0.016056407904211634,-0.020061946558565476,0.0033803949292268267,-0.029316654197519953,,-0.011591268543611977,-0.03910276207156979,-0.006109700778064896,-0.011540205895259776,0.0,-0.014620109603824184,-0.0019769809655818277,-0.02406361758406747,-0.05670167182944078,-0.004828390521624237,-0.018648600615043948,-0.010221198302046371,0.00027790011691932153,-0.015007095465570424,-0.0018466759893064383,-0.04134776146077818,-0.013149677573353141,-0.01957005246777314,-0.007914141111949035,-0.008952536032809402,-0.019231480576140395,-0.01800378490548517,-0.0027755526533259777,-0.025826219518918316,-0.008057987122423855,-0.03603991978030869,-0.005934698874074206,-0.005158078178118936,-0.008090523006404069,-0.02707444715056303,0.0,0.0,-0.021880933763406014
2021-11-22,0.018451440499874166,-0.008240105036614714,-0.018892518642241455,0.019197546899754198,0.0,0.010501355467807236,,0.0016508690877861099,0.009768006466148964,-0.007226967760891067,0.010496375020546364,0.004518240691250368,0.007806762736295518,-0.018689398981548686,0.018453451911243333,-0.002468217272397246,-0.0005259012018721031,0.026699232704524213,0.022385944676764878,-0.05072315733863148,0.0,0.0055299500645259935,0.013063108347271271,0.021090947289812492,0.011788087175875072,0.02456439397213865,0.0017969125534131093,-0.003890966081004483,0.005763686858872979,-0.006634636700837756,0.008682981363065617,-0.011391444120178043,0.019682850497515197,0.0,0.026043096136751494,0.00809052300640417,-0.0011442994189064149,-0.053109800540665,0.0012819470366967271,0.030659686767299667
2021-11-23,-0.007092263168836671,-0.005927741508248642,0.01838649538696163,0.02602011319803172,-0.0022523768802679128,0.002845095754576119,,0.011300564345730298,0.012077477490525752,0.015466213201363134,0.015247404256844073,-0.0067847856982755144,0.0054543387136149965,0.006602684821595499,-0.005641716882039206,0.03480731148382556,0.0009468232809136055,-0.002293424012821765,0.025372093250895643,0.017673880386772735,0.01771153139406538,-0.004606155315185605,0.005449601376579538,0.023630858221439868,0.0,0.0252521761248791,0.003584256852167218,0.007766964022539205,-0.009072182521865136,0.0025050484126221497,-0.002885958091082617,0.0,-0.0030030696644163125,0.0029717148146099336,0.009721191998669977,0.026549929048779328,0.005707887499107483,0.012568985233729929,0.0,0.020838296065846116
2021-11-24,0.011996388477804916,0.001188331020486753,0.0035361844622961974,0.0027330083272316553,0.0,-0.004746190435157442,,0.003257133028863104,-0.013597431077879675,-0.0010642787068987636,-0.011673731148367198,0.0022665450070251496,-0.00017014439019191128,0.0008579432228158975,0.001413491187764995,0.020473112779163197,-0.006330609005681008,-0.003450406343078856,-0.01775259318425392,-0.003452329174763603,-0.0003375464889297767,0.0018449115553911383,-0.0102425986583554,-0.007874917180204218,-0.003914008820349676,-0.007291287011550417,-0.0017905674027085057,-0.0038759979415346284,-0.003319594001522851,0.0037464019652123197,-0.017493198115760368,0.0,-0.00603315293142203,0.0014826265808475488,0.0006109600673786981,0.00570243279004192,0.005675430451796243,0.010869580711219906,0.0,-0.001752375705548655
2021-11-25,0.008525055972228218,,,,,,,,,,,,,,,,,,,,,,,,,,,,,,,,,,,,,,,
2021-11-26,-0.05932754048259508,,,,,,,,,,,,,,,,,,,,,,,,,,,,,,,,,,,,,,,
2021-11-29,0.0189602688579443,-0.012033846127231766,-0.0005222836150427486,-0.0037219523938358833,-0.004587108611315147,-0.0010022561472910825,,-0.0024184424841482825,-0.00350035445991736,-0.00671284698768662,-0.007047717155172131,-0.0007730027200226401,-0.0045451344211628105,0.0017913241950675278,0.004402154633785872,-0.004914025444845261,-0.007371162304412064,-0.009557921057430075,-0.0073462106799705405,0.004029110000499328,0.002517375914473672,-0.004697148073216972,-0.0007270791567198678,-0.004332172531699232,0.008064479753236584,-0.007173438309738422,0.0,0.007095571616395806,0.02564234126093767,0.001771646172555209,-0.012578753599467573,0.01811655775012596,0.011191123396287484,-0.004535221856340745,-0.0017156776187825277,-0.007874072161015206,0.005261706825003749,-0.011541663587633496,0.0,0.014960840651218438
2021-11-30,-0.005697972886755438,0.0,-0.010504330784387509,-0.024873456131530042,-0.004608247178868884,-0.007045993880398017,,-0.03131014042084571,-0.005433951658170471,-0.022333821894028008,-0.020817840836551065,0.0030887426957517776,-0.023757942404596152,-0.022167848320570352,-0.0044021546337859,-0.013223270409226415,-0.01782550772719732,-0.0036078552077219586,-0.014462415932313793,-0.025337067533816357,-0.005763500731680132,-0.0113635966744354,0.0014536300534030869,-0.014997482828151975,-0.016194627540747433,-0.025098723098825854,-0.018762211983031313,-0.016293324826199326,-0.0067738913514109435,-0.026604476764368327,-0.01594930933255534,0.0,-0.003184691177413474,-0.019893629995901933,-0.04634106711728313,-0.01801594724050065,0.007551619764307179,0.00413728138798782,-0.0703207402953948,-0.028473383070383444
2021-12-01,0.0019030064189987871,0.009638761970778972,-0.004232759317144094,-0.014268469018671537,0.0011540541929129589,-0.0010104729938969679,,-0.006168708205820353,-0.00096191316332699,0.030290856032056175,-0.018698103339303315,0.008445356485691646,-0.012366471477992594,0.007443995717001398,-0.016308839467737365,0.0,0.023221862727798283,0.014354206235192613,-0.006644567312916318,0.01259804798314499,0.006122964366435603,0.016997520207436827,-0.008020381799957878,-0.005936165577979084,0.0161946275407473,0.004629383843326407,0.009425060979930237,-0.004115377346838034,-0.008532464928781807,-0.010353204808680043,-0.006451620519893181,0.028320568453232737,-0.006399971585832534,0.004626136826524415,-0.0039416785757061595,-0.004589747818338196,-0.005221827682797935,0.04362568410700897,0.002745406628087394,-0.01200113533049422
2021-12-02,0.0022154622222882252,0.017825673535158397,0.012645159932125559,0.028470023742976493,0.0080413015972712,0.024963912457672988,,0.016778291156062435,0.028464760212542514,0.026831606444726628,0.020423313720888618,0.02417027635658584,-0.027159207348173238,0.03231599966560579,0.03812783429158873,0.03193064758107111,0.010380159853016152,0.019988945570198882,0.028954004033407754,0.012887871587286897,0.028669411419741397,0.032245825952039904,0.02886182623385256,0.020809547114156224,0.027724622905434728,0.03709472869563329,0.03321341957517825,0.02141847636339668,0.03783554794039045,0.0211001093850411,0.025560439050749218,0.012142328773012408,0.04703069862572719,0.03328603801505121,0.04166127010047129,0.048836638042472416,0.030930237398091594,0.012568985233729929,-0.039851473051335094,0.03537605624834494
2021-12-03,-0.018346244668437636,0.014035201587530338,-0.010526637192622292,-0.022984192657563914,0.007977382946384835,-0.018915542033415143,,0.02153846151715278,-0.009083775155535363,-0.011104998879410109,-0.016591913390735926,0.017018665120798433,0.018676473899480458,-0.0076492661306643405,-0.018882211683215192,-0.026123899854639736,-0.011368911691959464,0.006960495319879937,-0.012489370023142397,-0.01334059634639678,-0.008409450582749963,0.009923597764738477,-0.020115515727468544,-0.018279247860501162,-0.007843198437127066,-0.006596705239225932,-0.012785693010598549,-0.004044519941659079,-0.03185519875943994,0.0010984304887272465,-0.009508633716550068,-0.0297484389173072,-0.020109020715314993,-0.0029806470705619472,-0.02609809709174204,-0.011886988470393508,-0.01248601324014558,0.001560049521512666,0.0,-0.02400277005401174
2021-12-06,0.016130782446149454,0.00579052329252893,0.01418472736548063,0.006362427366133853,0.005659255926204575,0.0050125316434609275,,0.005474926820912431,0.015920494311641324,0.015934493963561024,-0.0038314003301526817,0.008765595956421112,0.014098203041136311,0.01567686553338652,0.008759262691773715,0.03494877303523389,0.030425113300924466,0.010350999339134373,0.017020536791902737,-0.005902416870298161,0.014323485752348607,0.020436112978561825,0.021537025689553388,0.01174456684152989,0.0,0.010735214319779848,0.02001904505704252,0.00907721565917419,0.016892157354941137,0.009534116844508249,0.009508633716550093,0.03833219348392348,0.013964476102370222,0.019217084728831775,0.039216418205986196,-0.005523716962634441,0.012486013240145553,0.01700181263967726,0.0,0.021956171885440107
2021-12-07,0.011342180238747489,-0.010447018793003601,0.02422174247959806,0.012604113192147659,-0.0056592559262044935,0.006975666712621367,,0.011043831905016212,0.014145245204189109,0.01701796213606536,0.006059682941387852,-0.008032179572103072,0.014080319845349284,0.014145760209544797,0.0129965412968484,0.02133612035553892,0.0024496369850317977,0.006841517996763662,0.02738922020894301,0.02132540607687971,0.01651218642690401,-0.01328039245394252,0.007782067160514954,0.014935402150063717,0.023347231662284848,0.03201950437243588,0.016086020255151642,0.018896577696144584,0.010000234899812587,0.018800226703128198,0.003149733070447854,-0.008583754566616213,0.006144544612944773,0.010196839523770177,0.013686667574862914,0.01368589241841643,0.01622423227908324,0.0,0.03228345898048644,0.0290752205294722
2021-12-08,-0.004867790549577003,-0.003506656506803921,0.005585251801179773,-0.012377875759445609,-0.002272776840709822,-0.007976142486513219,,-0.0018324143128616887,0.00699836833200742,0.0,-0.007019938999090838,-0.014771313804759434,0.0010680308612077511,0.0027195497442612537,0.00429491395294319,0.008563628729786957,0.006785600298631298,-0.010279909818419334,-0.006997465334143334,0.002522816938208135,-0.00891026304963148,-0.017986115377219603,0.0021122304277494722,-0.011507199836589196,-0.02729212040103289,-0.01227004764605882,0.0017714471432149768,0.009803947397522163,0.004137303857175419,-0.005837273943541676,-0.022258551601303862,0.020478485900635876,0.02271090937235459,-0.0043572964835998495,-0.02119242893439625,0.005979057995991746,0.0005546378469980487,0.02272833662837542,0.03528178353718327,-0.016857646942288307
2021-12-09,-0.007108359093757244,-0.0023446211570956376,-0.00660413471383655,0.007445038025302185,-0.004561032518763386,-0.019202190200024036,,-0.006070053574448352,-0.020834022899075502,-0.0017777608717461266,-0.005136370622112798,0.0066740955692550456,-0.007679881242869127,0.0005714693250298335,-0.012940480016835884,-0.03711422389018042,-0.014689147754225144,-0.012709561589849901,-0.002091320761802788,-0.027040941634319214,0.001031978401419703,-0.003636455701146847,-0.02564278695582854,-0.001556865692064099,0.015686639675698635,-0.006639488845307273,-0.016057320136869307,-0.0029308539957003115,-0.022548008590251724,-0.0045963847059546275,-0.032682571660709675,-0.027398882671155367,-0.007513168618792241,-0.00877204169717882,0.011450412308145976,-0.0058457219418172265,-0.006119649231542091,0.0,0.0,0.005650706980041309
2021-12-10,0.006636123641665825,0.003514951440156315,0.004069317685216406,0.0006742380653348134,0.00456103251876324,0.0030564734780447337,,0.0061616698006311185,-0.004343814726275618,0.0038476508454978876,-0.023281568166320554,0.0029518726820672663,0.0008960070085226941,0.0032804125435734917,-0.005805482947284469,-0.001610398375739786,0.0016073477410478234,-0.005830985004062226,-0.013789793441052937,-0.005037851092604644,0.00034405020808873276,0.011770317744112161,0.0007214049044540626,-0.003996419676762617,-0.003898552499823731,-0.021607621778600643,0.003590602002871862,0.007797130936217554,-0.0016905449806344217,0.002936385736063637,0.0066224334071625195,0.0,-0.0015094667922762547,0.004395676060677293,-0.005013364605726211,-0.0013330568886757133,-0.0011166427438599668,0.07223347892627607,0.0006664325972379984,0.010211324471019214
2021-12-13,-0.0050522243681730495,-0.014134469599021893,-0.018960478377891155,-0.021340206308245346,-0.005704606105674884,-0.027851103740813118,,-0.010970212836274942,-0.017566278789079046,-0.010393424646463301,-0.008768351903387438,-0.005912683780335478,-0.010987026752549532,-0.008580117061909545,-0.010241538118081225,-0.017066684155281692,-0.013906525959265961,-0.0188908026229354,-0.016553026925749094,-0.0036796938748826133,-0.023653419790325047,-0.011770317744112201,-0.01672169158274343,-0.011959396513790426,-0.011788087175874942,-0.012883702578052715,-0.01626049293996541,-0.018619152342576377,-0.010204087336563817,-0.02273503703860693,-0.02337325101242667,-0.04074959579020635,-0.019832818574230734,-0.01769961506193876,-0.02435572969205481,-0.01127101377680999,-0.007288976273275174,0.03694000974515887,0.0,-0.03321445683636173
2021-12-14,0.01819380074581041,-0.0047563169354889745,0.004130179461619222,0.0125413871495823,-0.002290847193976108,0.00729555363682556,,-0.0005564866700811664,-0.0009498940975999383,0.00029856779300498597,0.007614713806759095,0.0029608110982683243,0.0027129010645883674,-0.011120059965420563,0.004402154633785872,0.008976097330717192,0.004008769875091789,-0.0011926036520964192,0.010808624359871647,-0.006008942055274368,0.011200818862547313,0.00544964691950876,-0.000733382421060749,0.007632878672331417,0.027292120401032842,0.016838158754353457,0.014466803490506653,-0.0019797491396762877,-0.0008552083633922606,0.0,0.010084048981809084,0.0,0.010728123047487874,0.01769961506193873,0.009162081389078185,-0.00554757145334448,-0.0005630630606089532,0.007360333030556429,-0.006684481778341794,0.006772395447249526
2021-12-15,0.0021736053399099187,0.007125861002744107,0.023925799795841484,-0.00431478868822407,0.0011461180095541116,-0.0072955536368254905,,0.010793028521074678,0.0047400678818720465,0.006840072836861712,-0.006618169844703529,-0.005187186605424018,0.008363973951141456,0.01226833801087438,0.004382550140216936,-0.006520003963315613,0.005821309808104181,-0.0071856455449411365,0.002799540046944197,-0.008224054922416933,0.0017386553578029988,-0.017360095942956785,0.008038060805022895,-0.007506409777307279,0.0,0.006153911356285515,0.008936535155669008,0.021569366889922413,0.0034160380598267327,0.014393103026904604,-0.0033500325672809203,0.0018066492636464103,0.004562754260419746,0.0043763656365014576,-0.002609127842738241,0.006222062966360247,-0.009618164707389288,0.0,0.01332466175535404,0.0010222791326435171
2021-12-16,0.005721911133170818,-0.0059346988978167025,-0.005548504215025773,0.023837390169524315,-0.0057438485259187705,0.022751893969789147,,-0.0187076201506906,0.011285564500820952,0.008852423971988503,0.013684387078459408,-0.006708921986029711,0.021353336350697163,-0.0030170466560996176,-0.002919530379204984,0.017828621328075226,0.008029625133752523,0.01904808039902666,0.01895187823839039,0.014693605979543268,0.030455861536845822,0.0,-0.0007282329576507476,0.015517790240569785,0.007662894251492947,0.008711912255665994,0.012378622413951877,0.0019378841152903402,-0.0017065306123113923,0.013994399114087345,0.026491645340034602,0.026715686341808223,0.009063523321806852,0.005805422962850276,0.008995034594979665,0.00805799603828262,0.0152331096747367,0.002663175643343614,-0.017356767308276923,0.027410107819716374
2021-12-17,-0.04268711782302413,0.002378155199486887,-0.0005060232552798087,-0.02520365278133825,0.0034502974129218397,-0.013381818528792753,,-0.028446017302562857,-0.02174361409079046,-0.00471152928316535,-0.025372560926486484,0.008193623333712131,-0.014214509837178604,0.00959405327465155,-0.010286688858968843,-0.01619463065342252,0.004574670916276284,-0.038466047191467956,-0.039971076689592655,-0.027079158601602565,-0.012549061331198144,0.010999340337559803,-0.030316421237581024,-0.02301704487742686,-0.0038240103749346732,-0.03211561947464042,-0.014159534090224735,-0.010705480459177859,-0.01896611216226369,-0.013895784786066989,0.0,0.0052584532732272826,-0.030536660821724834,-0.01018178859935163,-0.00932160640597617,-0.02368638158360845,-0.025518999167562957,0.013866107767523997,0.019340203428794573,-0.04784641458965143
2021-12-20,-0.02212902774920324,0.0035565436983296117,-0.019418052091975512,-0.016544805006140837,0.004581853884330461,-0.005194572078812795,,-0.022566872293607185,0.022366670789195468,-0.009937076435457054,-0.021389443261556805,0.0014827986460409501,-0.005796564891339638,0.0025618055874458145,-0.010393605598468586,-0.007374256982484509,-0.0016997619385067033,-0.007380091811772645,-0.02705207119317204,-0.022655607774260778,-0.0003412336500694536,-0.0009119997954164843,0.002998599203977043,-0.018152994786108306,-0.031131004277591082,-0.01828614596023716,-0.0271019748660213,-0.005888293166418069,0.006938393363060329,-0.010400947435094923,0.009756106991517762,-0.021202067440401765,0.003095862206113015,-0.025167919625725697,-0.01901897027962843,-0.005493761431672067,-0.009232496730773648,0.0,-0.026097293163460218,-0.02320785077742483
2021-12-21,0.02502150095142846,-0.008318443667116588,0.014852900875689306,0.02358438437091069,0.0,0.030771363800679203,,0.014454714263227643,0.032789851242146416,0.011853915210559748,0.018698597643161004,-0.0007411244865675344,0.01191336107116058,0.013413819341425477,0.017751903203275646,0.019544728771787336,0.00962932343483578,0.02077048340203039,0.02316810373095464,0.0187040706002419,0.0023870676051299124,0.0018231084813045944,0.022938397742889114,0.013870133930665883,0.0,0.024853637228716,0.016349291571714636,0.011741776775322158,0.0008640142594153921,0.0142366240445276,0.012861973174274847,0.0017841803531645386,0.02291921656012803,0.016357308108129093,0.024340725506901213,0.010276121489872437,0.012100285699460556,0.0,0.0,0.020284002789326728
2021-12-22,0.004003573931883356,0.004761899968786937,0.0015241778070222492,0.0020345788800931607,0.00456103251876324,0.02296667278332489,,0.02272070470732311,0.015555144161105138,0.017665825694027547,0.003698096028185052,0.0029608110982683243,0.013256722721149502,0.012959166454060863,0.011662049564463383,0.004024158864119678,0.009745813592984173,-0.0012100777770400351,0.005271343581596766,0.00584283541047186,0.008141216617008788,0.002728535786604112,0.005107657248365528,0.0038997814660822142,0.019570052467773172,0.005406304043060327,-0.007233352046443955,0.00581964526884823,0.008598435702879813,0.014036525073488928,0.012698465876474501,-0.0053620249809376115,0.014992843251828593,-0.0029543046702679887,0.0029203326006400883,0.013405001678557843,0.007418100524139472,-0.009884716082832324,0.020799362785487573,0.0045909149257590915
2021-12-23,0.00843472616432723,0.012979515524376681,0.009095500879569392,0.003156866287874561,-0.0011383666242645017,0.01080014750032121,,0.0038787121666934775,0.009747702963808485,0.009935853711243094,0.010182812898868044,0.008830097114421022,0.01075664461672902,0.008272478413671581,0.014388668377101904,0.013562175507067684,0.0011463629680514254,0.02628573337825002,0.007062889724320578,-0.004102278855596179,0.009080228829607297,0.0063377198696971705,0.004357350377886863,0.0035677096896282075,0.0038685852622886213,0.010524132073003798,0.009033499307941239,0.008666621239797665,0.013605602069983232,0.009824924390395017,0.02799567370196638,0.016000398327811343,0.013303991058171295,0.007369240127187087,0.004740979259379419,0.010435978580956554,0.012990815392636012,0.015116862166838769,0.01253713926490083,0.0068472266061721165
2021-12-24,0.00757830258239691,,,,,,,,,,,,,,,,,,,,,,,,,,,,,,,,,,,,,,,
2021-12-27,0.00486375668703465,,,,,,,,,,,,,,,,,,,,,,,,,,,,,,,,,,,,,,,
2021-12-28,0.005930245166645029,0.0,0.0024957782305657914,0.0013430175699678897,0.009029448074864206,0.003853474886583147,,0.0033380388921826934,0.0020322396157289803,0.004923628358356727,-0.0004948164944120024,-0.0014534102684727534,-0.015182411533617237,0.003809155139251748,-0.001417397742740641,-0.006279382848215402,0.002906212155323875,-0.006984727883879741,-0.0011087864761391223,0.0020288574420372295,0.0026568321801201623,0.006225057225625262,-0.0036012686344054972,0.0030304817675637715,-0.003914008820349676,-0.004292226421347633,0.0,0.00471474009660535,0.006584332870539221,0.0013253263729704852,0.0,-0.004996100092259266,0.0014566101171094913,-0.001465100863393945,-0.0009597640094426472,0.00039211638555059294,0.0022110643669421047,0.013658673421197219,0.0,-0.007202404332390331
2021-12-29,-0.0009340252543540751,0.0,0.006459744728210944,-0.0015672046607719588,0.005602112401721662,-0.002888713152130231,,-0.009487526201986276,0.0014491072169222823,0.0015425560329438302,-0.0013206594478485131,0.004354297805989496,-0.0017300068821756054,0.007709383412667523,0.004246380904035285,-0.008699076843670432,0.005581673633775664,0.006984727883879599,-0.0036442547576349942,-0.004061903334982389,0.002319142822713289,0.007067105401258224,0.002162373470959392,-0.0005043887563433361,0.007812561320173429,-0.012481200192882033,0.0018198032415744738,0.0037557868756959555,0.005726083252527454,-0.004170392190858013,0.0,-0.025360384279435315,0.00725164868193666,-0.0029368782700374156,0.0009597640094426627,-0.004060509949172719,-0.0038727587001633782,0.0,0.0,0.0006193403285290951
2021-12-30,0.0029544748884196333,0.0034946353309964337,0.0009898915645643331,-0.002243201517197477,0.007790931232415798,-0.0009647617344530054,,0.0012143754195290302,-0.004062639306238068,0.005031676827441025,-0.0018185548804242426,0.0043350328535590515,0.0018164689250106919,0.017496210766004456,0.0014113959295043348,-0.005575406123548478,0.00030888492027839065,-0.003486265651384782,-0.0017623244507357296,0.012909414410351169,-0.001655993733396191,-0.0035272513984094707,-0.0007201777269615452,-0.0005048602118325424,-0.003898552499823731,0.0007086979973056069,-0.010969104623020637,0.004675282876536187,-0.009012715812453295,0.0018975814312036292,0.0030349387939886062,0.02702867238791942,-0.007251648681936662,-0.004421590391463929,-0.005881482116312483,0.0014427082736909716,-0.006674100863445381,-0.007131290086649254,0.0058843533550606755,-0.007250147490412203
2021-12-31,0.0027913215595560302,-0.005830961554739624,-0.004960434049469823,-0.0008985954979625415,-0.010028041608142134,-0.0009658021391243272,,0.005492083838195918,0.01156419849901116,0.010446314255304992,-0.0006621878817240792,-0.009416877572161511,0.007319050021546101,-0.020329606064851683,-0.0014113959295042609,-0.0015989008917287118,0.0031893483276985227,0.008115894760700059,-0.007733893629046306,0.005547932840329738,-0.0006631490893172597,-0.007982365718030033,0.0028776979365083798,-0.0008206162069378074,-0.003914008820349676,-0.006498711125847888,0.0036697534853277823,-0.015985338628874416,0.005744765652869182,0.0061429145191579755,-0.0030349387939886847,-0.021904846613299278,0.010137715502824147,0.002949873517166727,0.0035546931925221647,0.004968056204343184,-0.0027939482668558335,0.0,0.0,-0.0024977319668474827
2022-01-03,0.016585112434694547,0.01393746765214302,-0.004984980473871338,0.03728235229308202,0.013348498933420796,0.02292382935078185,,0.010802823840669702,-0.002014186678222528,-0.003633352215891575,0.04389717127388115,0.016600911446541147,0.00539052197829414,-0.010322038836537718,0.011235979166165169,0.025277776244222793,-0.0005139091918424512,0.010339108283905985,0.032861518860416425,0.02203894281880632,0.009901186238907995,0.008865374777222346,0.011428595687057988,0.02093490555791429,0.015564559374536652,0.02046951297096848,0.016349291571714636,-0.003798809381128006,0.0024518779505881268,0.008723830295451504,0.021053402152445715,0.0,0.0,0.02040885596673632,0.015470991384902833,0.013986401892628382,0.013892931592168437,-0.004564730337264796,0.0,0.05573315303333458
2022-01-04,0.05308870299384383,-0.005783670175689142,0.016848966112293508,0.038445892550203094,0.016438672771953596,0.020561594928834,,0.01811054361629631,0.027834837904237252,0.0012590652718402456,0.007735618893281349,0.013508712391417934,0.004087396462144143,0.016652434334243998,0.020733243286005384,0.030724367198348455,0.01762216905129724,0.02817082072752928,0.030271220896809503,0.011806256365891306,0.04400901421924496,0.005281858853430439,0.01759985864322271,0.03720887302809001,0.01151637692246392,0.03981947612371866,0.02842101617037916,0.014171157945154837,0.021801505556971697,0.004659104351462715,0.020619361538751657,0.07702408347581516,0.04093722685934341,0.018585249679256555,0.04015703955405899,0.005770397291920874,0.027219894741791678,0.059624468101168414,0.0,0.03904619150263617
2022-01-05,0.017466634310855617,0.03196617572919101,-0.012361209722701279,-0.017022767647240786,0.012959131813697147,0.0,,-0.011337548571131301,-0.003929231926179328,-0.011531661322268691,-0.01170542531280428,0.013329030960595576,0.008630943138870674,-0.005790130152864796,0.002732364812925138,-0.0037892435510516677,-0.018238817670439025,0.016529197975328667,-0.021958327165488328,-0.001040530072746944,-0.008521557565845975,0.013949420946585614,0.0034831766917598358,-0.018451153246620635,0.007604716240805279,-0.025057223931791422,0.0017497495504029406,-0.004701441049043976,-0.008019279845526665,0.00713258396614396,-0.00878493116153998,-0.022329371528420475,0.0,-0.0014174081860101136,-0.011971298747281284,0.0011500944930360876,-0.012429365065010517,0.0,0.02701129321360956,-0.008758453373249812
2022-01-06,0.002692854121607604,-0.011299484619120314,-0.0029895784916006466,0.019935938257936853,-0.007539130156060623,0.03186405242447259,,0.01583663839000089,0.02224785190308005,0.014184655864599965,0.03225084780234655,-0.011212505168279081,0.02438643978443157,-0.021291999705991646,0.02292757449945167,0.04962146012489072,0.026384399415351912,-0.007679527780510377,-0.004273662268545949,0.012708844038824404,0.028127100206633032,-0.0034692412480598765,0.02200921742217894,0.01056825165934786,0.018762232352314927,0.01696758489459793,0.01388920386484827,-0.010421483947063116,-0.000805554959877023,0.014387350848910423,0.04035128350637102,0.0,0.032655944363227246,0.009880065546098656,0.01805526024555577,0.009785807860092229,0.0336842070258922,0.000615680752811102,0.0,0.025303255709369796
2022-01-07,-0.002125268000469509,0.01354418536923549,0.01239787155392261,0.021581099174848375,0.02244884633294385,0.01688197169952016,,0.0160316740975898,0.009852311000297187,0.009852414293446009,0.013314053510840966,0.011909042269829417,0.019783416568476663,0.013836996455614656,0.015873308912499207,0.017902413859523156,0.019340911636314812,0.003298439973452558,0.0014602134004409496,0.03591136368466317,0.00889710769043731,0.015517559913452274,0.012170483718061318,0.00985913474753584,0.0,0.0060733989085745566,0.028888903201458923,0.002852920218821844,0.010421046946975992,0.019997090662879035,0.011236125503255364,0.0,0.015936544676862462,0.013947177345120266,0.027322477281140047,0.01064856108846964,0.017201359327781572,0.0,-0.013414448134091695,0.021034138125927533
2022-01-10,-0.004406826850210314,0.006703804917063044,-0.0029615420645488773,-0.005096209610071578,0.006322530235967143,0.01746755782236645,,-0.002831243540779796,-0.006831545554431307,-0.009434100176874124,0.003793384649657387,0.02476069196326609,-0.002744739220294973,0.003395371136554224,0.0026210720403730034,-0.015016482156989672,0.012204149774878503,0.013086454132905597,0.004167320643640953,0.010428635624834646,0.01786040331005571,0.011059210503452844,0.002014032496262456,0.0009565808773811814,0.02205968562753295,0.0007685546481425352,0.0,-0.004759732770313658,-0.012033881274044787,0.002938330719979584,0.0027893568550576174,0.06403440901852384,-0.005283986501329229,-0.0013859062483389563,-0.004535239211632914,-0.006586445321591282,-0.005701049023478114,0.03149862139317714,-0.0064516012205506085,0.010533966361563138
2022-01-11,-0.0027107214931564455,0.023116044846311228,0.004931022083360233,0.005705995807664538,0.004192967581113187,0.0034573298494027394,,0.021389386025242527,0.008464119827526031,0.01727405889887477,0.01622405711513242,0.023498758916373878,0.026640579598952434,0.0014907830813643988,0.003919095543880612,0.017851280943153386,0.023780701219739662,0.024613284428150604,0.009673124364394086,0.005452495969014579,0.01192948650643386,0.006745329754159209,0.008681076562120216,0.0010156524735170176,0.010850045759188678,0.017043856503289302,0.021541780705436064,0.009496917763609029,0.014423266021452375,0.01701637430931,0.005555480131341102,0.0,0.005283986501329265,0.023304731982657777,0.011299677729925505,0.01788468296053649,0.006217687342276276,-0.016231167339684927,0.023665859179767042,0.012746077361672223
2022-01-12,0.009950365762367986,-0.0043619721089932974,0.004906826365407319,-0.007137793149707762,0.002089839286969017,0.021340926585513894,,0.013439154576726635,0.01965325893632124,0.005328893116969414,0.0025298422337634383,-0.010003371344742728,0.01368009872896498,0.0028389021162967304,0.0244700826696162,-0.008528776404054007,0.004915389875120721,0.030194976709983123,-0.032119520550063375,0.0,0.01617434526758717,-0.005899545524749811,0.021053570072519578,0.005655725748600549,0.0071685089480378605,-0.027469689468168256,0.006536014801085977,0.006594342008718282,0.03055466755202407,0.013717870555043043,-0.002773882150695456,0.0283389461216349,0.018277356951032258,0.009440352192470853,0.009529353189256318,0.012775319239663128,0.01078864714362999,-0.04969970129578383,-0.0025316819881991046,0.006046537233709738
2022-01-13,0.026794820644399784,0.019481187569613357,0.008286766356015768,-0.0020486248178375518,0.007280095480193177,0.01923921625006962,,0.00894490760202952,0.015344222550657153,0.0034011493950488582,0.007404097438460412,0.008675421473137166,0.015255853630976618,-0.0002700530838383047,0.0012714227091530973,-0.011486152245835267,-0.01109374939522957,0.02631725413200985,0.0012547098006111534,-0.018292308405004027,0.020786195498754424,0.012599900909105555,0.0026008648910172236,-0.0012477581839183218,0.0141845841703573,-0.00486375282600936,0.016155386935830084,0.0028130136808075176,0.011507541148616492,0.0024974779518591077,0.0,0.028987421700309986,0.00901476210383415,0.009352064757881454,0.0010639260537067823,0.002830312225642477,0.0,0.02329346220812544,0.0,-0.0071174639854318916
2022-01-14,0.00261286267888508,-0.0021458099287398166,-0.0019437001696970537,-0.017586074258254977,-0.0010366550998296246,0.0016557752845778387,,0.0010173415678095188,0.0,-0.0013590330738280324,-0.012619590436976176,0.006622627912748627,0.006174406642559813,-0.0081355713910429,-0.0025446448471023292,-0.004341550173742108,0.010622359836466375,0.000998369338892179,-0.025554121953112602,0.01843178993748307,0.009950215475266078,0.014090467705560883,0.007761916013663243,-0.06343321264981054,0.0,-0.03644362931022821,0.0047962443969250925,-0.0018745359055358823,-0.018476235280743183,0.009161536307876281,0.024692671009804202,0.028170841405817184,0.010204239795040568,0.0053050860979609125,0.0031851734292444524,0.003312948177083421,0.002551777197180743,-0.04649041816980536,-0.002537946467170472,0.0361253922688631
2022-01-17,0.0080706476878462,,,,,,,,,,,,,,,,,,,,,,,,,,,,,,,,,,,,,,,
2022-01-18,0.005841235313940648,,,,,,,,,,,,,,,,,,,,,,,,,,,,,,,,,,,,,,,
2022-01-19,-0.01418649084684371,0.01291718619693725,0.0029195716286399423,0.0038836652778257547,0.008377050433823013,-0.01990565263840348,,-0.011282871393930166,-0.015849852283391037,-0.012553233368922685,-0.016366162848976126,0.0006654768992379084,-0.010282304641702924,-0.019496892338151075,-0.011757128275387893,-0.019447178209003133,0.0032906722656052476,-0.0010178098215551869,-0.02017968889767106,-0.010634588465145757,-0.007449811012039589,0.005855242550759692,-0.01584190557243109,-0.015590240251028982,0.003629778034110336,0.0181304977331,-0.019737449806344082,-0.006663503960189261,-0.017348814397959673,-0.011089054685116713,-0.01680708033895843,0.0,-0.01944329423445774,-0.01643876210077935,-0.07320214549787872,-0.015509868597496472,-0.011410722437563003,-0.019293275104054472,0.0,-0.019954135412046502
2022-01-20,-0.006893043678918132,-0.0032136519604916577,0.0009716140398429326,-0.014969414657551148,-0.001043284136424816,-0.022095519807165186,,-0.006763036672886208,-0.026060970545573832,-0.0010989869483833065,0.003418799350267958,-0.0019979397729361697,-0.010311599693089571,0.0029699208814719692,-0.017230400463534787,-0.013688288898086367,0.0009381782699228976,-0.0030597269061406144,0.0022432347436937092,-0.008158536681872896,-0.013318099599639815,0.004991729826976794,-0.016773343815348184,-0.008563744842968879,-0.007272687185313448,0.0419372262831695,-0.015063105042779417,-0.014430185153462812,-0.013423029748819742,-0.01181625662057868,-0.005665724588829029,0.0,-0.009204424338163396,-0.00832180674671152,0.003509051280633752,0.0007380610884578876,-0.0005218743704499849,-0.005861290293440412,0.023953062572189942,-0.01031029880588089
2022-01-21,-0.019415313267894786,0.01067239414550351,-0.025566919405705303,-0.01830848656933506,0.002085411097872014,-0.029934086958061962,,-0.02091821732154444,-0.025617188330782602,-0.01789093948602804,-0.018633494504803123,0.001332462873698246,-0.016848994534909567,-0.017810598401230716,-0.008053810778668158,-0.01932796308976848,-0.01559373411136078,-0.01959825258228497,-0.012109910807816327,-0.009385952969920645,-0.012907259573453917,-0.0058260024952332045,-0.017748030653892514,-0.017627182354124468,-0.003656320995518,-0.009764114248161936,-0.003378319625098562,-0.01858261385698735,-0.02479802168337281,-0.010650596411142164,-0.017192360801781607,0.0,-0.02136261493798989,-0.005586572084261729,-0.03477698591117961,-0.020124698569017396,-0.006808003717221322,0.007159216773785757,-0.02597544250240789,-0.024479044195293925
2022-01-24,-0.025426215563434423,0.001061058103935185,-0.017077284241596734,-0.008271178569193561,0.0020811409295237227,-0.021406014228336535,,-0.01404412311974501,-0.017546907210903327,-0.015228856549123055,-0.009049658665412626,0.0033233211024736994,-0.01553868728059873,-0.011276630911603623,-0.008119008753132527,-0.03011318485239602,0.006739894278983136,-0.004175225853079513,-0.0015130916848366863,-0.02155645887783405,-0.010089015279160913,0.004164969363722872,-0.0124740320859116,-0.0008962874073448307,0.014545658562468302,-0.007921302508972737,0.006745348722407942,-0.019940849133013333,-0.025428820310886474,-0.012879774682266405,-0.02043866056305173,-0.060976733813035755,-0.028749466499854995,0.009756131991080224,0.030415346622734516,-0.016065110997655105,-0.02986889680407609,-0.0437445013660749,-0.02528318398188885,-0.00654275789853797
2022-01-25,0.017496497107040012,-0.005316371755705861,-0.021505991088523954,0.019560514717395196,0.007250212023696548,0.029658954111769442,,0.01658454223607872,0.02436708744188062,0.008348105273467087,0.022238659316275285,0.011873559061904388,0.010412102365532461,-0.0005818016806545212,0.0013577379959368232,0.012789880928402832,-0.003601613539080262,0.007295347014743219,-0.0053728285568857195,-0.0017805788711109504,0.028518937100163216,0.0049751727673556425,0.013850628797793927,0.010841094657255666,-0.003616650381636841,0.0097402877228887,0.010033678997063408,-0.004036239891486572,0.026294149095873964,-0.004992451236554785,0.014641637291068856,0.0,0.016529252432671157,0.009661937659826352,0.003511851576451782,0.009012995003775727,0.007551161400394667,-0.0020346948714242276,0.0034541728035131784,0.005051087756619157
2022-01-26,0.031210984511654098,-0.01395615403316078,-0.007272875949195643,0.010292490708219073,-0.007250212023696512,0.00818579378169124,,0.009404494538409792,0.01768457186436894,0.006320707462806492,0.00993347235283946,-0.003942238610950373,0.005126584915066322,-0.006128762646345433,0.008108037285136415,0.027420327531514924,-0.005522107891900007,-0.010438487410811843,0.0033029121463656755,-0.020251188365396924,0.016101424988924428,-0.0024843828648924877,0.013661495270255097,0.009441638408672294,-0.007272687185313448,0.011344994523520046,0.0016623969484066692,-0.009141757310231492,0.007755344087410257,-0.002505643203427326,0.022989384073764392,0.06519317471613362,0.004090073090256268,-0.0027509817620796095,0.002016740476114342,-0.0010114842813935484,0.010157795368459347,0.05095396498367284,-0.013190083678324197,0.010210667589320134
2022-01-27,0.0016521648618528552,0.017149353371808434,0.005718696236814872,-0.009412292181711815,0.00103887888482421,0.0009053648808130105,,-0.01519538270767709,-0.003344537803533053,-0.004068703884685633,-0.009309626064690496,0.004597682082570905,-0.01657802512906012,-0.02085386081702585,-0.004045753168267306,0.018377280314258584,-0.0015289482940779534,0.002096501349211341,-0.004826566777529639,-0.018506303082637326,0.019489403645477448,0.004137070374387307,-0.005442186679366599,-0.017802499803850784,-0.003656320995518,0.009735770042818035,0.0033167746449207177,-0.010256503848636883,-0.0034392963581951425,-0.0010757266159019119,0.008486633688071309,0.03716875519360928,0.00135956877257178,0.0,-0.012804426577957873,-0.0012660267069654059,-0.020419712567082596,0.01916983100362736,0.018692149430233507,-0.00704353383611803
2022-01-28,-0.01832608757462568,-0.0021276898712052823,-0.003115182302386683,0.008758611038711157,0.006211333138872222,-0.021958563683044486,,-0.005117010926412479,-0.01151196971427692,-0.005780787930995096,0.008382595564966063,-0.0019678851196110888,-0.00448888236553916,0.0037292916668679563,0.0013504038859976297,0.02324819109284607,-0.011153683066781944,0.002091909543836725,0.01738346209936206,0.010442352022698593,-0.008427185777814528,-0.009958556972316948,0.0013632813725376162,0.008906660949682616,0.003656320995518109,0.013350054746781347,0.006600727634620224,0.003088029784431339,0.013687073395324057,0.0057239091562825495,0.0,0.0,0.004067730352603468,0.0,0.0056755292634432936,-0.006353126120053844,0.0005428342717149274,-0.014664024131496936,-0.0165978568211567,0.007966569986770096
2022-01-31,-0.0032280063640882594,0.011646560826951407,-0.016780728529638928,0.0058688220227631595,0.0020619003839125664,0.007373226611264139,,0.01031999267074363,0.00731559569263863,0.01738179452714251,0.006625082361043921,0.009800927001323097,0.00840032254693314,-0.001639167263012227,0.008064540600382513,0.02922046837676381,0.018584483736944896,0.018634245988596684,0.02186205322587996,0.047290452329913114,0.0033793579023933796,0.013256195037304406,0.008141152538501322,0.013482259314294717,-0.007326059748891127,0.007242896844150005,0.0016433554720359169,-0.009292724210452281,0.011824424912161584,0.016890570287003307,-0.008486633688071323,-0.03436768833731407,0.005398160702532653,-0.009688753162262934,0.009035405011293825,0.019940118709889328,0.01293805493226645,0.00512496580122036,0.0,-0.00722277554318977
2022-02-01,0.032499532143089684,0.0021031492462390664,0.01574017416561607,0.017189984944162292,0.003084591103115662,0.021799100201642784,,0.014037684846983062,0.02218014218791766,0.010231142596845417,0.021871950450381095,0.005834777197496166,0.012981107845487354,0.010533377862251508,0.017253176376742247,0.03536428541546332,0.011325097846641801,0.009188340294663007,0.026102783217282353,0.0007284744388810135,0.036166824988515665,0.000822821764419714,0.017414987621913864,0.017014611572967277,0.01821539731584142,0.013657074669180055,0.01951286145912328,0.018499828779851304,0.02896357157500299,0.009686297233084985,0.028012972924021728,0.031661308979127396,0.021305721629360543,0.017919235315318863,0.02104663483220224,0.018692183635251432,0.08861696615158882,0.01395957744781514,0.025474678932690273,0.03290975834299686
2022-02-02,0.018203329811115953,0.0041928659565600495,0.0010405543640227854,-0.0010659138640032547,0.0040985231300277765,0.01604313181436336,,0.020096375741021653,-0.009920184035987883,0.010944153052943162,-0.004970185122565583,0.0019372980824329863,0.01521859705199371,0.0017694015510314742,0.007863811084339652,0.00138896865543249,-0.0012206603918043383,0.009104881012379917,-0.0027506215382311476,0.014455282816874276,0.009445449197367896,0.004103443153325461,0.02362304798869227,-0.008037487405574603,-0.003616650381636841,-0.0002887201816827906,0.03636752905904702,0.009123342009566621,-0.003267950159584137,0.006146851680148929,0.005509872813666198,0.009440349388341181,0.009180358880340831,0.02162246474578554,0.0109236019701775,0.018348967930280187,0.006352355142842035,0.036502692300719244,0.013504608798073464,0.005917722028157259
2022-02-03,-0.00013384504730320492,-0.0031432274816052363,-0.0010405543640228728,-0.009858450453576638,-0.0030721616863982463,-0.0044306582254536805,,-0.005479897773793676,0.008273580163766855,-0.005046743380689125,-0.014754219661642505,-0.0038785304946225706,-0.004813619712719318,-0.01185551517314834,0.014258177406846486,0.048095915530612855,-0.0037654350738782635,-0.0306773907778757,-0.011579790365097846,-0.013873146135752482,-0.007819757015092355,-0.003281406357412116,-0.030953900915033805,-0.008304593589806323,-0.0036297780341103705,-0.01580931926023638,-0.018809221308072856,-0.004044519941659079,-0.014839565582281979,-0.006320677475235267,0.03243519771195434,-0.006733970030154385,0.01939309318903059,-0.028476579001588703,-0.004931654390104122,-0.0019282573818108061,-0.00782406459693861,0.0381452376072623,-0.014184551117607708,-0.0092016472494291
2022-02-04,0.0037349732593089657,0.0010488872185371507,0.0,0.03907147115295991,0.0010252403837208836,-0.006236248306647328,,-0.0019765960073341617,0.024149845115742807,0.0006833664535375536,0.02033244452928296,0.005812082708889262,-0.0007009032403654246,-0.008834500871246884,0.00257071977937552,0.04082201200929268,0.011440493755282291,-0.007295347014743295,0.02400730703328317,0.002180384110875532,0.0043217725177286765,0.004100078260994138,0.017241838514045586,0.02562704205891234,0.007246428415747323,0.017635993892859865,0.012578786165650342,-0.0050788220679075765,0.004970914953621443,-0.00017370221555520812,0.01321016416766599,0.018742303494682602,0.012722717546538087,0.01094402289921387,0.01836951036520314,-0.001207120550401638,0.00196186978749554,0.0,0.05170128506074435,0.02080778649044367
2022-02-07,0.007560080345906227,0.017662798785755617,-0.0073146749335519816,0.0047526113234371645,0.01626032246445158,0.013315750432219105,,0.0067733605514053545,0.009870662741614746,0.007758982182085227,0.004228226255049365,0.010887047384603915,0.013460653893091581,0.0018032343242684215,-0.002570719779375438,-0.005730687172437027,0.012048291900472748,0.02988346564615726,0.0014949338237609771,-0.02187246983774388,0.012056378398976475,0.016233927375172073,0.007858581407790242,0.0033376450321883308,0.03197430240070545,0.010225264967082003,0.017041461531196,-0.008179757006992212,-0.004140614879042476,-0.000521210814647095,0.0,-0.02416240658143398,0.0012634512565366104,0.03344797894935969,0.004439987775994186,0.011767524655574797,0.009751390211874255,-0.005865141544736084,0.010921934922997483,0.017596893250276788
2022-02-08,0.00658520212119709,0.006160268694128906,0.016641101438110303,0.017775636555626827,0.014014341636433435,0.009653786910737825,,0.010285979684709894,0.00608710178309811,0.008236799500311481,0.011387673247800937,0.008246185579270763,0.006586443367653439,0.05533852369877085,0.02038297253347312,0.04739044731240145,0.008439736721012617,0.033935458596807494,0.0052826947372072745,-0.00014824497939552826,0.018470173757650886,0.006420618149297324,0.03964698798307223,0.018640046762334307,0.013889237021007882,0.01106220173380966,0.0137301687042456,0.017303099016558732,0.04463204570695452,0.008481744744018185,0.025908339459044444,0.03471645425231417,0.020000729166500194,0.013072033584607365,0.025053100538283943,0.010213864204787072,0.020648976423783456,-0.0005884391243159807,-0.005124920987416711,0.024467037280907426
2022-02-09,-0.09580913464837187,0.008154965442380126,0.019913841002095856,-0.0020271159569950885,0.0009934633360642532,-0.0026237563584098683,,0.00649112950721431,0.007884426964091463,-0.001884090860338014,0.01066984107261856,0.0012626431262939433,-0.006279289577641252,0.02399962405623262,0.0012601172898271818,-0.0018287151988426547,0.012617676477388299,0.005871039078627906,0.01189868928760127,0.03069513658875961,-0.011834292384401889,0.0055843167841597655,-0.002510821556794908,0.0041594190015997005,-0.0034543313084473178,0.022132160167898648,-0.00303492374398258,0.027862439747833565,-0.016000323506343835,-0.003885913119924769,0.007643224729776531,0.0,0.009852218703214862,-0.010443894554395077,-0.0017688031388951595,0.0002362898583195942,0.01228162979586997,0.02957608393441469,0.036574129967809905,0.0052628961499401475
2022-02-10,-0.04279835025928778,0.0010147611955134133,-0.003038078898462788,-0.004678264065300673,0.0059406059412225,-0.0017528057757160822,,0.0012595553849856216,-0.008940410005776288,-0.013292162986307785,-0.005024300808072918,-0.0037926372380961883,-0.014468839890887151,-0.008075840982098147,0.0037712977473301967,0.006689002492020223,-0.01600329821628065,-0.010789684505823018,-0.010629525452632058,-0.02773096550278337,0.0015860208936377218,-0.0039854774778083305,-0.03258033170514716,-0.004159419001599774,0.0,-0.010725972622128719,-0.0060976203336451165,0.029015642397864964,-0.028631722200610707,-0.009737475032848511,0.01010107257244989,0.005235648372099439,0.02660374981595499,-0.003944770228185148,-0.0027577827354447713,0.00153463217138362,-0.005649675528930918,0.035366950546428376,0.0074029733914661965,-0.0001694993664739088
2022-02-11,-0.0021131330443907663,0.007074238372306168,0.0005069878827966658,-0.023307184509773017,0.002957154128299488,-0.029374587543662827,,-0.008342966335265928,-0.05343646926720066,-0.0021869235556689014,-0.0051986721067488265,-0.008267161379276342,-0.0024970798332810745,-0.028790251851448248,-0.03316634588995187,-0.049699707257020616,0.006395470285125253,-0.01891553810183966,-0.02047430906412278,-0.014910120122231153,-0.0013215997895833559,-0.0007991528877660095,-0.03906496427347173,-0.013102459638539577,-0.006944579241587425,-0.028285112529339303,-0.01076109030482783,0.002855747058232954,-0.01842600648562195,0.0020075030033684664,-0.033208629245737434,0.0,-0.05645669768567001,-0.006609484475421771,-0.02213909928817307,-0.00236189105992465,-0.022440769525305056,-0.006085486844289247,0.010394513646687453,-0.012610896924433835
2022-02-14,-0.02633340126058917,-0.0010076042598623502,0.008076920670021196,-0.010488800352744002,-0.004933415386584976,-0.03586585778515236,,-0.01106198974899739,-0.03400712666212529,-0.005763541608591107,-0.010328696585854608,-0.00255749400561266,-0.009025653184632818,0.014144132502939348,-0.018325013339859707,-0.004468648157454921,0.001092554113117991,0.0030103357764098304,-0.0077976120924331425,-0.009508766515574698,-0.007432877872472748,-0.006415363001695418,-0.023225118752336547,-0.009333852849427591,0.0034784495601076363,-0.019310965596086502,0.02291929963889874,0.023486265532054594,-0.008489005181173037,-0.006911913231030322,-0.01044400751553363,-0.03453199953766238,-0.04255962087244616,-0.005319128670299001,-0.004953124677185547,-0.013689799508581681,-0.005811202221856546,-0.07607365589120471,0.004248714896906299,-0.007920221182542818
2022-02-15,0.009111456543088123,-0.0213966294444662,0.013483255415935048,0.00777216358064078,-0.022000888605215173,0.01763374719380655,,0.00495053460003387,0.04205504655679746,0.005626484059293279,0.008092289680932433,-0.01613462606492646,0.008634906949265941,0.02036171388964552,0.018325013339859662,0.020266799133530654,-0.0020035271732789426,0.012942048835588249,0.010218651948150243,0.03560384092566304,-0.002935342312041381,-0.01949711469369625,0.020520588626618732,0.014517978453122436,0.0,0.008349399101212667,-0.01829323886515237,0.01657496093975169,0.001703504716181107,8.781637896128899e-05,0.025908339459044444,0.0,0.036226490112113305,0.006644551573762393,0.01648269033798736,0.006213511128380548,0.006293921779407984,0.059285219939637084,-0.012801152947925352,0.009120063061266115
2022-02-16,-0.0033878810439399933,0.011264893187816193,0.00888882578929358,-0.002304388446577478,0.016048562560112094,-0.008314139590192232,,0.004078527826829011,-0.00415460289509446,0.0010943722483843143,-0.0007465374168754938,0.007131230873429499,0.004211972019049584,0.008856837196814933,-0.01043025515675304,-0.011349382831129079,0.004184581189109307,-0.0049576630209800495,-0.010746059592787805,-0.01192527941165934,-0.006972538836204961,0.0057261398524210225,-0.0040706925629327255,0.00180803613909679,-0.0069687760310807,-0.022290497257885556,-0.0015396179544461188,0.00818558256001071,0.007630297904582735,0.003592918660081718,-0.010282985336062062,0.0,-0.012787872288473437,0.002645520945255935,-0.0003987498032470237,0.012429929110756946,-0.010674459571670143,-0.021101434015004458,0.01401186193646641,-0.004119270969925048
2022-02-17,-0.009142519200924022,-0.0030596059231101503,-0.007897100408448758,-0.034349913248085125,-0.010000162817794816,-0.022514997604105323,,-0.019436327308748728,-0.02302183068497107,-0.010029575940133774,-0.03403025249299437,-0.016938477774289997,-0.015056920713102448,-0.007745655576077819,-0.03060789587823406,-0.020500512358483308,-0.016382740386912356,-0.038505517799040025,-0.030999195005985403,-0.02337535611134839,-0.017920612884677493,-0.005726139852421022,-0.030367905873158848,-0.023301880101280967,-0.010544852947075124,-0.05069502884404453,-0.017094352269405432,-0.006360753173236739,-0.022204037772863144,-0.02641300686395029,-0.020888438640746767,-0.017723717091373933,-0.039375162500502346,-0.01732222804145394,-0.06840171679809261,-0.013025794996656157,-0.015237389563132489,-0.05631116432308496,0.0024169528163554216,-0.034827456574002935
2022-02-18,-0.014108909911295625,-0.0010220887498055336,0.0004954339234552495,-0.0023906170988153854,0.00601203643251763,-0.004755218222235094,,-0.007463371807838495,-0.004839888853594005,-0.005955135990352612,-0.008847562117165812,0.007853547019441296,-0.005387350137184921,-0.01241350590630005,-0.008141234429425681,-0.009102741923388474,-0.003790604174167279,-0.008298718652828437,-0.00868933895072461,0.014897680914929977,0.008457424934642561,0.0008200147269625551,-0.00491748658740992,0.004678029448100335,-0.01423515420985621,-0.007621249846757603,-0.00786795276564403,-0.0018248293867739703,0.010309405455664986,-0.007392101863962215,0.0,0.057464027238336476,-0.014835068007634171,-0.004040401351363154,-0.00278025230219908,-0.008137735026542022,-0.0014871367817814473,0.0,-0.004233527979125076,-0.009304038925485762
2022-02-21,-0.023319901815471018,,,,,,,,,,,,,,,,,,,,,,,,,,,,,,,,,,,,,,,
2022-02-22,0.005639971607088996,,,,,,,,,,,,,,,,,,,,,,,,,,,,,,,,,,,,,,,
2022-02-23,0.005448819817405837,-0.011404912567206722,-0.024073390125192093,-0.01726866153615756,-0.015113723268233934,0.0254611843035883,,-0.012810521665179419,-0.02512327289101934,-0.005585047560103032,-0.010542205052856541,-0.01257877102548015,-0.005709291258679246,-0.002590532822561019,-0.01548236007020042,-0.034226550538394206,-0.001762076481189006,-0.025124298110586755,-0.008986862955357085,-0.018756539654286582,-0.0037816447183244262,-0.010730576976699815,-0.018044860686767517,-0.021161341568242117,-0.0071429068429844,-0.012745684034980992,-0.009463856148303201,-0.019346808231744325,-0.004338517540892667,-0.014631756574426256,-0.02429274728744086,0.0,-0.017021553449068364,-0.010781708935312002,-0.057903136027413045,-0.01223015589202674,-0.013457813134169917,-0.006116249682104348,0.011279529185874599,-0.024353278867594266
2022-02-24,-0.04578211657857134,-0.02534461457602057,-0.017926254683722886,-0.02670447953242643,-0.016377035676131628,-0.07740813293198781,,-0.018268917948475447,-0.057915829913989754,-0.029700114024974585,-0.04117132555637859,-0.0006664533689964451,-0.039828440506908876,-0.007956636249980156,-0.04793944925351933,-0.11734773921902703,-0.0410192603302821,-0.05806984957341833,-0.002935166445025883,-0.019115209065763597,-0.05736561256085832,-0.014208235048872878,-0.08588614083587881,-0.028238007475677254,-0.021739953806242367,-0.01877506216291374,-0.011155529247357654,-0.003727784903476765,-0.030907565722292647,-0.022356806813518645,-0.06490284989829852,-0.08641425912056994,-0.10870432029440438,-0.02191882573431881,-0.02026569188336392,-0.026668127020318424,-0.06679902892097503,-0.15210778297646527,-0.02148068325026069,-0.023252706881402147
2022-02-25,0.014121123231266934,0.0032034285332412436,-0.0010342236941683013,0.032049614309292554,0.0051464914870282125,0.04041950888862077,,0.02828575257169642,0.018228121212138876,0.04070069765731209,0.021362375723917994,-0.012072560940351536,0.06363816805537648,0.009108868298460132,0.008888925916660852,0.051136522340117244,0.014401230750867402,0.03002529331329133,0.02877158789466703,0.026660069589952873,0.03879087663950162,-0.003372821898971155,0.020424841552904888,0.023383741686056444,0.010929008180831375,0.02940799497617206,0.009569594596024635,0.0018656838565244604,0.020418044032350615,0.027620206635179168,0.031566352344831156,0.07849867644088893,0.034486182426949945,0.008276031411487384,0.03742781842734529,0.030923213970687556,0.0489226593384939,0.008534831098669727,-0.004836758876286378,0.026214014737582073
2022-02-28,-0.02184721326975202,0.010604558795488134,-0.014591301412287722,-0.0183818169698148,-0.0061790728060742905,-0.04445178728459931,,-0.004205299047814928,-0.10187166522165873,0.0017987686800033976,-0.04538364765657612,0.00739490927734441,-0.018575016626678504,-0.016836497591683933,-0.07660708045972706,-0.07812225486228982,-0.040758433794082755,-0.03708405506638275,-0.02554331813452108,-0.06763004062863467,-0.04887279453614871,0.004214114072423011,-0.09967427406527671,-0.0425917008326372,-0.04067096306494233,-0.041130706838441215,-0.02247292444824335,-0.011246674718311922,-0.024011972094593475,-0.0006338348352444021,-0.05218571388358265,0.0,-0.13155231743681484,-0.020819655603404333,-0.039184435511414754,-0.02133467513434993,-0.03839345667039368,0.0,-0.0036428487226776007,-0.013770493144313516
2022-03-01,-0.08219460014282393,-0.015949202614689805,-0.013210032383916282,-0.039926850193752014,-0.013520651966434934,-0.06144568844170267,,-0.004223218897805496,-0.06997867677448882,-0.014761411423138955,-0.010864115257832175,-0.006046273579520529,-0.023937454634398194,-0.008525596059494572,-0.0795120438288238,-0.09001468425939849,-0.020259485077628002,-0.044666354984625574,-0.033232092379231866,-0.029380170936814488,-0.040773926728953205,-0.008446062083015272,-0.1213331036069948,-0.038459462227354316,-0.0267704113745739,-0.03487508713395609,-0.048222089181512044,-0.0028313787349459056,-0.041347141491364245,-0.024013591594431304,-0.06771810023545614,0.0,-0.09197636584964185,-0.0400625495046859,-0.053435672181212146,-0.03904742718801969,-0.04279936612630363,-0.17105370459147887,-0.019036779669712154,-0.059442159206226385
2022-03-02,0.006931843330420504,-0.0032205515577125006,0.008474588533531658,0.016115950148268075,-0.005249432773080184,0.03379437491566541,,0.030135441110100372,0.03202615884739034,0.03474295072531219,0.01642024478800379,-0.004051285000469604,0.028357819098924927,0.031960855286331816,0.02888891975173864,0.020906825956863165,-0.0024347110959297914,-0.008679678778487802,0.024618313313581254,0.014144837634177121,0.0264858141498222,-0.004249933535318761,0.0675045551456616,0.02052802074066825,0.011560951809817872,0.008522399322083544,0.025232582291556446,0.015940154500210076,-0.005644437847085867,0.010978528268835303,0.04666469808301047,0.0,0.017192320102903537,0.018800202836001582,0.03701155097976275,0.03445153014817328,0.007452055962471175,0.01914321253265602,0.023891070686539867,0.03765910239805983
2022-03-03,0.0067034606650668484,0.0,-0.013807983249073218,-0.010767613119056309,0.0,-0.030526201930338347,,-0.0031703022300774222,0.010333158368197789,0.0028415682223447807,-0.03311438953368235,-0.006788890600985341,-0.006558324918102213,-0.016724705853819438,-0.015190008371068818,-0.037773466833822836,-0.01907169431503418,-0.023945646071705764,-0.008838584336631858,-0.02849283135039836,-0.023775260848933246,0.004249933535318627,-0.012773828421546916,-0.007133388994462278,0.00763364546120298,-0.0068119583262877675,0.006622584653007319,-0.0093458124914918,-0.023867254019321868,0.005946056500420545,-0.03086674948710608,-0.08424582493425212,-0.02298944832266681,0.009978727969382007,0.0,-0.03587014901501155,-0.02779562448537252,-0.0318283157300287,-0.001211442294150233,-0.018944979095814826
2022-03-04,-0.09283927409529072,-0.008639481365115338,0.0,-0.03691703902454778,0.003152951212462189,-0.08571767788050058,,-0.013913705142487383,-0.08157987444150676,-0.010185640465487377,-0.018037448657996127,0.0013614885173779472,-0.005644656209147654,0.014004238898905823,-0.07961774468657344,-0.1126485489497316,-0.018071109374659257,-0.06862854297455523,-0.011310773339609921,-0.03889135114026547,-0.06267564256982576,-0.005101979422274233,-0.11365953760271338,-0.02853238834131747,-0.011472529337761118,-0.016309175265615587,-0.016639261923447213,0.007483711444539495,-0.09734134802391371,-0.0086105541966711,-0.07483152267618423,-0.13559196056341824,-0.10622233306185808,-0.024408939965073585,-0.041720705697281556,-0.000516082584666251,-0.06928647751314992,-0.16628079436058954,-0.02205971149046424,-0.04899529544307477
2022-03-07,-0.042189321756438344,-0.01971591690264602,-0.021076147960222377,-0.06585814427845994,-0.020138361361464647,-0.053934672798288626,,-0.03389847697326487,-0.06351348839312765,-0.018321485448533088,-0.01854873507172863,-0.01853818100436544,-0.02756278282156179,0.0012896368245012093,-0.04135919876488043,-0.04613847170603903,-0.016151574570543573,-0.027702731461705037,-0.023882298056517006,-0.049419364696320356,-0.020705942889475876,-0.01980266781740499,-0.07363325126646353,-0.039381245276878994,-0.02334723166228497,-0.03427689285380843,-0.02377029088594933,-0.02452946416279284,-0.03247034682353174,-0.021386037588396797,-0.05556981625158595,-0.03697908832753506,-0.07609926929786495,-0.03099880370923746,-0.02949525727927458,-0.02113859736955088,-0.04967176846740384,-0.07294908423619283,0.0037107479613856403,-0.06302272438224595
2022-03-08,0.045749286464249854,0.0022101233843483596,-0.008776958948384088,0.006499467564174115,-0.00536777772064066,0.04192979487687395,,-0.0011711204143854844,0.06850093594284425,-0.024629908879585105,-0.012316941116834866,-0.010449460638278483,-0.008394560294833231,0.0008587934195165968,0.04319907774508728,0.07087990490425926,-0.02056369774967017,0.06128557916216889,-0.0016166961034398796,0.014034712958079055,0.025178676599526446,0.0017377480633251879,0.052842697077354575,-0.007067822308682265,-0.00790520081616884,-0.0016791625404653744,-0.010362769123493702,-0.00863325695089067,0.028201431667683304,-0.013054808861575347,0.06899289797760326,0.0,0.09742205907835999,-0.052319648117340176,0.015108607235830126,-0.015147451752015838,0.06713933101641915,0.06791133264586943,-0.03135060021724305,0.014089198751725754
2022-03-09,0.10699792905173897,-0.003316908803886724,0.021799363518333174,0.06155384113743341,-0.004315093559880739,0.04487169403605887,,0.03498272562165672,0.07907075937360247,0.03003731802258956,0.019491684906581958,-0.004210494054022138,0.027390092062925597,0.03652074289786459,0.0726625960263069,0.060682045271631097,0.051260466935497434,0.0664356110165625,0.037319448138863356,0.06736253563432434,0.025493087623846937,0.007782086246247505,0.08841083661496485,0.03928064487298497,0.04272496181621493,0.047926694019747744,0.04414973727988308,0.034094205064635695,0.08308203121730276,0.02454855742983551,0.06140844095016697,0.1253646704024058,0.09454268661656261,0.031106748861731166,0.05180961863306365,0.028508882253455575,0.04415607679526995,0.10808392498562748,0.012658249993892758,0.056488542250790835
2022-03-10,-0.0320863910898025,-0.004439506383404895,0.019221088281696868,-0.009056415327082219,0.010752877471194577,-0.02454827090733857,,-0.000870799016047065,-0.03893783417039018,-0.00290820037540373,-0.01930934125408257,-0.005641743740471167,0.0031310854123159588,0.006736062312498066,-0.07450247500651354,-0.012031536455295996,0.003422520580025712,-0.028842232250755367,-0.011122968644723301,-0.030406825765541667,-0.000319460865671782,-0.00258734359894085,-0.05028166438222515,-0.011911118815274057,-0.007633645461202853,-0.017777287190855865,-0.0016623969484066295,0.026643962695389788,-0.014873831967895653,0.0060211283599547645,-0.01898778075582875,0.0,-0.05727128123327259,0.001530193532373861,-0.007927852405330634,0.001430305855949516,-0.015504312918456093,0.0,0.04006705720178767,-0.0030559731415266194
2022-03-11,-0.015506938655103747,0.0,-0.002647565358928595,-0.008395120850141033,-0.0042872716599244775,-0.003556723590636645,,0.005992354583802564,-0.03136937654468302,-0.0013874356278903383,-0.013206409036728295,0.0007069729485293933,-0.0006415268513786594,-0.008668869428930024,-0.012975149351170613,-0.046697378992379926,-0.003630050148792648,-0.0012729886183669346,-0.008829563586258925,-0.008056061506454739,-0.004808366567636618,-0.006932490710631734,-0.05614770016543411,-0.02278136263525202,-0.0038388838765582656,-0.007951249885745939,0.0033221179026903325,-0.010023084443286036,0.01880307836992968,0.0009231117732217129,-0.01935548753089446,0.0,-0.024692476691856775,0.004576734244661184,-0.010060327147433703,0.0,-0.001804362011076717,-0.09006557029522742,-0.009714688768618295,-0.011079254103211563
2022-03-14,0.03059698001087358,-0.0022270546315830302,0.01630325010498387,0.021342845130992126,-0.005385121754571685,0.05206499642219211,,0.004492466861018911,0.041610844318844174,0.0015263177066294849,0.0012915165845933593,0.002822809641915177,-0.0039380861266843,0.026457194319657634,0.012975149351170518,0.08236653068936901,0.0026978164391822227,0.021425011185109772,-0.006196345156954937,0.03947762469874146,0.02255835387275295,0.0026053192250923025,0.05006275761183229,0.009881824117986911,0.026567101245888628,-0.005414907399325831,0.02618816778902195,-0.0027507829366238763,0.04317219110945628,0.0008300481650575258,0.035203686477816694,0.0,0.044813957000196206,0.027028617437818325,0.015232586746339214,0.0029843993553843482,0.023208315981611605,0.036048827927760804,0.009714688768618304,0.028273868662508833
2022-03-15,0.0009017181942731275,-0.016863925850666223,0.013986206756076884,0.007255346545794796,-0.011950097254511492,0.007860872217887673,,0.0027547234374713653,0.023022593732791086,-0.002777141160728399,0.016096976912836236,-0.0042372557033474425,0.0038579129825097188,0.019063588955439272,0.01462556146368226,0.02133408945152799,0.04250357535236009,0.003733580118995924,0.012780190944394126,0.015930613657921602,-0.008835690444157432,-0.014853921290369304,0.015143849496778246,0.01759034812040072,0.018553458326163147,0.018825472656179162,0.011245052185104692,0.02717533064779014,0.02411990672997883,0.01145798693420831,0.02484594063151851,-0.06393448122695607,0.011881349553255705,0.00443466214888476,0.007410826243203747,0.013766173391122172,0.006449764413040416,0.0,0.016182641913051094,0.005001645367585527
2022-03-16,0.040280875689190074,0.04000544129962625,0.04279532103786542,0.03084434935362881,0.042787327400417415,0.04162692675647653,,0.025880718940034485,0.06371578278204736,0.01682106063789141,0.03020526494076344,0.018927977815612552,0.02079929226085785,0.02645275801872969,0.07514446932666557,0.07127694655057773,0.02858743726714655,0.03898171516788777,0.034634468482046335,0.025134783993447523,0.03518963471788626,0.02949054195429654,0.060271064862766774,0.04371624340472395,0.02181901465928289,0.06099919172849912,0.02211787219891435,0.01946966091951487,0.03246457926961678,0.012319065774771074,0.05083315435569137,0.060908638687261506,0.0866831067516617,0.016093828721584567,0.04060768865918741,0.01823315996786047,0.05514331110660756,0.0782008119557016,0.031600078584365185,0.02930109725255934
2022-03-17,-0.014476607464895215,0.0032626541488392923,0.0073657387291953,0.005359453189769953,-0.012645044590093938,-0.007538916260172606,,0.007842967063702803,-0.01988274445201857,0.005182228785494207,0.00858969594848222,-0.006269602458091509,0.009850857071591008,0.012015924294752617,0.0033612005278784744,0.004902070987525917,-0.00784881741412272,0.022446415453096658,0.007338843368508169,0.0037242891890465354,0.01608766371202571,-0.006861143210473474,-0.0037807202751881314,0.01256535477770596,-0.0036036173434414714,0.022627792673457995,0.0077819974038948365,0.013060831412077928,-0.011602155050421033,0.011457134799144078,0.011594225045303068,0.0,0.0018034658071927662,0.0014504449161133596,0.006837515200142516,0.01580935912930301,0.0131868716911532,-0.04618305139641445,-0.002884507780573112,-0.0023281772887190455
2022-03-18,0.009094102199250326,0.0010850937393729549,0.015534105547964368,-0.003025837893893524,0.013691674537513689,-0.004333736187195998,,0.007782308849551919,0.006446156489927981,0.0032587787866966847,0.0010467724373714946,0.03028461077869887,0.009446280117354948,0.013504302591633925,0.005021038024381468,0.0008145759541586747,0.006013408338224626,0.0011882877241115174,0.006127898674318398,0.016192860260268404,-0.00030104279754560585,0.022128620470696338,-0.0056982036492935345,-0.00035708900232870146,0.0036036173434415386,0.010176372883898202,-0.004661849607735514,0.015450747443237675,0.011602155050421023,0.004617385095752294,-0.01744234403575203,0.0030258425396945073,-0.020018869421420605,-0.0014504449161133175,0.009944862049122885,-0.0006179154105234419,0.015705692868606992,0.0,0.01775036870416167,-0.0011663310231965222
2022-03-21,0.000348278369046513,-0.005437790244089363,-0.0043445369413470615,-0.0013994362523036294,-0.009458844832428063,-0.01752505302579518,,0.0009889910065781523,-0.021535580996305387,0.00013577552394918494,-0.006472647734579195,-0.02262697157125051,0.0033852357805373955,-0.010966212262890322,-0.006700136602735293,-0.002445901058212017,-0.004458006435231209,0.0,-0.01864490789449711,-0.016516112721902426,-0.006042384096972253,-0.011003045820004158,-0.014388635687477043,-0.003216982731292586,0.0,-0.023583563630227816,0.00930229884259064,-0.017182360275720912,-0.007123747599077448,0.00459631892396075,0.008759362672686578,0.0,-0.007380048869946164,0.0028985713953635995,-0.006430092612441066,0.009103527169891186,0.007494685084277388,0.0,-0.01832822605135719,-0.0054602726253375755
2022-03-22,0.025600643431768152,0.011924316923177662,0.00723040518484968,0.030799872370691192,0.007364488355525764,0.027249725446940178,,0.007878029122381147,0.020520616887857376,0.01092031230534838,0.009084872525045007,0.007599167898190637,0.002761291647905352,0.006820905351949884,0.013355797710602744,0.057883720859532764,0.010723312711507157,0.032713248621579795,0.01175943200428907,0.00981428830526938,0.03308314800235804,0.0076302239210330434,0.03232200317287287,0.021044165316548697,0.0035906779003326015,0.01723535953850146,0.040822000697923265,0.022280307399281364,0.00889684502684671,0.0036966225174819233,0.008682981363065617,0.0,0.014706031387298146,0.010079307479851656,0.02205013875947264,0.002812536880420027,0.02371657765023267,0.005545366131330124,0.012636504139974646,0.04305667083450094
2022-03-23,-0.016246706267291793,-0.014107681325873827,-0.0019227915664419334,-0.02498104110556693,-0.006309162963541121,-0.021740161472695342,,-0.038155387745415256,-0.035490381260808467,-0.030080547199560534,-0.020202909803457004,-0.0166553332900428,-0.03095843932931914,0.006399398583309976,-0.025190185763901626,-0.023383725581482682,-0.005395525029890781,-0.026792594153305285,-0.02180994665242585,-0.03370275583375575,-0.017150025749456833,-0.007630223921032957,-0.02174991460275228,-0.0201139998106446,-0.014440723659521355,-0.019722051900046503,-0.0209588401421662,0.0008469557655964834,-0.02784206023893134,-0.018711865196461702,-0.02037915620684305,0.0,-0.03339801447184376,-0.011527433959102037,-0.03205937447708347,-0.018114269208008817,-0.015219377568668545,-0.013921390184329701,0.001710906242750816,-0.04344788104093631
2022-03-24,-0.015638940668864787,0.019481187569613357,0.004800588341294417,-0.0004645663244572734,0.006309162963541059,-0.0033021308023425777,,0.008708683749282667,-0.0021067304979032436,0.005649360684595781,0.0012415909940958192,0.010441999219451591,0.0013420844008270568,0.011564914741019077,-0.0034073111834618617,0.005505334044848334,0.012385515337909414,-0.014268860699339988,0.001845739291056789,0.006766218371722999,0.01656359652350395,0.012684922989287976,-0.006714805475965172,0.006489838069103272,0.010850045759188678,-0.002709692072116252,0.0,0.017625359953975708,-0.007312715550385869,0.004465682044403778,-0.008862708135015314,-0.036927230899901936,0.00376634187063036,0.0014481264792502427,0.017338485647681014,0.0021117392652595856,0.009997447901161614,0.0,0.0034131278905865686,0.004099762792615546
2022-03-25,0.020969379347073887,0.001071287786110398,0.0,0.015208057113426243,0.012500150536947769,-0.0022074331719023382,,0.008132229392288607,-0.027438120808709388,0.013917638481648996,0.005655711888943304,0.002766290223350512,0.009408500993986539,-0.010439988376811978,-0.00170795849659803,0.010920567872583315,-0.0003817740030035345,-0.0035993918508594363,0.003740457171521154,-0.008589415925721489,0.003513865246964611,0.00502938792433158,-0.0019266558822359982,0.00870436245936058,0.0,0.002709692072116238,0.0075357677172548255,-0.0008323467516704861,0.029312294748673064,0.010196824796799066,0.005917245687723928,0.0,-0.009443032629373996,0.0,0.01693253931672922,0.013802087384136352,0.012487143486123078,-0.018868440084091668,0.005097768845490644,0.023680018769328716
2022-03-28,0.010576851871713925,0.010649590635677985,0.0004788868317869379,-0.004124820729612161,0.001034648675250846,-0.11213602859478362,,-0.004015851759083732,0.014703673542015353,-0.004753942763433292,-0.01455736042064787,0.013717725416742823,-0.013913844945614573,0.0026203141446901174,0.005115269680059938,0.0015503057401499629,0.019285808156036637,0.016686983625680007,-0.006510395768334897,-0.00016584253830119878,-0.006157500869460374,0.004172030135314002,-0.00677334379959783,-0.007426231126482391,-0.010850045759188697,-0.012088370099944592,-0.03670122711560268,0.0008323467516704719,-0.005774842400681999,-0.00806007378347069,0.0029454624472913665,0.0754504394606424,0.009443032629373925,-0.036850130782449225,-0.004650001634455604,-0.002941587534987162,-0.007265213818616279,0.025389079061044602,0.008438787933454955,-0.014372170133871485
2022-03-29,0.019326743189791957,0.009488623413001147,0.009528621993375631,-0.002528929652419208,0.013354257401058238,0.03521911705472215,,-8.391803297696445e-05,0.06911140591107201,0.0038049346522404984,0.0097875338335083,0.002041447011964389,0.0011201182676133143,0.0034829619876471213,0.05781958038395393,0.02448474159439055,0.007555764285488253,0.029122637979544813,0.012919694649177707,0.025392399948424193,0.012858054947589436,0.009942054146466317,0.07390007594436113,0.002198103247550012,0.003629778034110336,0.006225836189385074,0.010844290876126981,0.011579827077513634,0.03974025890845242,-0.000711874449745362,0.045985166555796535,0.0,0.0811987170393047,0.0029985221564384473,0.020431436020939716,-0.002458193182385586,0.02418435475711796,0.06558270416225476,0.003913899876410631,-0.004061620284384357
2022-03-30,-0.011719463634990091,0.01664980105574841,-0.004753019606851368,-0.010180558021687061,0.015189979773073813,-0.03521911705472214,,-0.004537844490712745,-0.018441440042494112,-0.005849147528987273,-0.02692206474858108,0.003393329392728261,-0.005855244671370894,0.0008690637945361543,-0.014551668951920895,-0.022936750368888755,-0.015546140981523267,0.004581800731723573,-0.012054792276771378,-0.009589765538584174,0.001160678382889314,0.007392287705131914,-0.028351307213032327,-0.004543343064639119,-0.03690447023636389,-0.01724281060475411,-0.026543224837936603,0.0024641303849096637,-0.006514528839610025,-0.002227326889528689,-0.02560601034895347,0.0,-0.026340362778413794,-0.021180805322301793,0.0015207766378696353,0.0,-0.010733503647367009,0.0008692326796751979,0.01330386769505217,-0.029301097252559357
2022-03-31,-0.01990043025168757,-0.01980258877694247,-0.022158825192264597,-0.042276653888033464,-0.0020119811292358997,-0.023766043117681646,,-0.006421560574123681,-0.035828788103980734,-0.02179106190822653,-0.028976681517067265,0.0060790356014948695,-0.021301427148187564,-0.023220533789106698,-0.03480062136583196,-0.0218930247639001,-0.016079793060631224,-0.06126783400835008,-0.01649476215432985,0.001632092212342293,-0.007568784776406938,0.0024518942530420305,-0.03300636999237031,-0.030487248003576,-0.0344203169952267,-0.032309784959020246,-0.020784138218368876,-0.01654288442496587,-0.0409776599804876,-0.0166379021284063,-0.026278782486366163,0.0,-0.04923519624937458,-0.04216072498358986,-0.049489524312663936,-0.0230264548083763,0.004102603217401374,-0.032673978689747626,-0.022272518543360827,-0.033482050416517285
2022-04-01,0.012632566414254321,0.021864473725486753,-0.0053723008917069895,-0.007793398515216509,0.012012143947030653,0.00630906453407219,,-0.008341840677843791,0.002452375749331222,-0.00741730782876438,-0.02024106134721947,0.014042452040582026,-0.006182264473151374,-0.004581986224535389,0.008396315317848256,0.03495500572522731,0.0030645220861202837,0.04977335578606727,0.00036328672819659606,0.025594838792449573,0.01219857715870104,0.006509430535737384,0.014279304052745296,-0.007436388555828877,0.011605480725334148,-0.0047020386252319335,0.01920047724622633,0.016542884424965904,0.03253872888513259,-0.00481759561193402,0.02915651571358162,-0.06609002763972244,0.005591933345505068,0.0142519932838218,-0.015150891311262028,0.0010068890202391341,0.007647113470488102,-0.00901733631770832,0.02447276985437458,0.00514577100424533
2022-04-04,-0.0021227162918939324,0.013299577626229105,0.009261476653752761,-0.0017131276527441014,-0.0059879684917788145,-0.015209333834197914,,0.00554046166760347,-0.006318081560656524,0.007205125529039069,0.00894148902077711,0.007936564748399969,0.00535999577412898,0.010280047436751245,-0.008396315317848147,-0.004590768265137707,0.010558177468628345,0.00806006029762871,-0.006105267358425067,0.07277872019838445,-0.004339345175791991,0.006467225349987008,0.01407790790304685,0.004424465693731028,0.011472529337761043,0.0033281290885423054,-0.0031745475940382294,-0.000820638470582116,-0.010411621464773724,0.008709631555766397,0.00286947563615019,0.05144849931391622,-0.02255738896635978,0.00783082544151029,0.0003495866283616614,0.012251422201062309,0.01361929804022594,0.009914537777101452,-0.007168501013077125,-0.0051457710042453865
2022-04-05,-0.014986416865806533,-0.011242003802504504,-0.008772042699388447,-0.017043684666551966,-0.0020041185887367265,-0.010269608625143686,,0.005510164994924918,-0.06060280561593165,0.007167431063262421,-0.023377289565844908,-0.005946577262232802,-0.010250546351592714,0.0006311183641870641,-0.06262900562341824,-0.01935781320796239,-0.012568216806510707,0.0011460678284034727,-0.013033492088867268,-0.04410918678702773,-0.0040677150932624615,-0.008903406295258876,-0.030276722673406767,-0.011705589154472038,-0.026976562562919016,-0.02318128968808151,-0.029034247531268414,-0.002466155871613984,-0.003813228788754386,-0.002079695374428225,-0.0290718275175,-0.007401985926161003,-0.07293872394841297,-0.02527780993777454,-0.006193512326701842,-0.0032357769943332703,-0.052453881012020594,-0.06006423867262006,0.002211337911414836,-0.00704076430274799
2022-04-06,-0.020044280404139858,-0.016580713710070773,0.006829168291158433,-0.011022154608690899,-0.0040200568665150855,-0.011680864708831383,,-0.012761596243557398,-0.033089071784598266,-0.017089830972659297,-0.020566947096229287,-0.011329738057524949,-0.023115206477123177,0.010793179317932729,-0.02177965010771773,-0.02774658887287624,0.005637192328687847,-0.030234819690498425,-0.024055382484010138,-0.029146454296345707,-0.0037915168896464823,-0.005707249572599585,-0.029241772968983195,-0.013971485365706606,-0.015748399253295842,-0.025534493614339557,-0.008216986211217988,0.0041069511515598985,-0.01346179881222734,-0.009276199457859352,-0.02388175951887803,-0.030168075775630646,-0.03115522674070662,-0.014504738689152929,-0.019052742139918182,-0.013806991233171858,-0.018652348887518093,0.018868440084091557,-0.0005525339180735643,-0.0047910861180075525
2022-04-07,0.007017580255171142,0.018634267698534362,-0.00048610210483979784,-0.007839298186483002,0.0,-0.00654877460650883,,-0.020851345154801863,-0.010495764896469743,-0.009733650100859302,-0.009944352248189018,0.0013395127678990594,-0.01223422929285399,-0.01724928581134387,-0.011070132048470297,0.015157969598973461,-0.009652860402366096,-0.004733777096140268,-0.006694238528265734,-0.003823382388949988,0.004373653794029613,-0.005740009327815491,0.009842658307950213,-0.003046736483437318,0.003960312077420782,0.0,-0.0033058100080864154,0.006535820857893803,-0.0019380202716857127,-0.016396732040437977,0.012012128854816019,-0.026378695519310203,-0.010604531963822683,0.0,0.0031016814703284283,-0.023093410018818546,0.0,-0.018868440084091668,-0.008321603294951059,-0.003137053211046604
2022-04-08,0.026311740432961122,-0.006173012760732593,0.0004861021048398398,0.007083422976625911,0.00602417545525186,0.007853327122287375,,0.008184573244428443,0.01896721308438734,0.0018682472287061718,0.016847400051265136,0.005340537474369736,0.004637508409257367,0.004435080162952305,-0.014953557851721633,0.014151208965905462,-0.02270695229850597,0.025762468660606493,0.022784734746061578,0.007473847176165382,0.0046442856369769935,0.0024638693045706526,0.006832592417048609,0.018142334940837987,-0.019960697073057844,0.011125348250060308,0.0,-0.010642772009453676,0.011571993904230646,0.00952061321188691,0.005952384976337966,0.0,-0.0021345812552292947,0.0048583808192835904,0.0024979234789092256,0.004427486307577595,-0.003232846642298397,0.018868440084091557,-0.0011150194084252895,0.020525149360139255
2022-04-11,0.013110744236561117,-0.015600913837211208,-0.0034087544644640488,-0.00201875109495567,0.002998332332256216,-0.003919062232081986,,-0.007135966122023559,0.008019856537939846,-0.01213368372707914,-0.006507079932502477,-0.006680050242268934,-0.008432229333756923,-0.0016450830424274098,0.003759438288407156,-0.06615328804598346,-0.011801394927109292,-0.012798198042400195,-0.0019620145117388286,-0.017903192486771198,0.002603111557631034,-0.0016418325086573335,-0.01174168344172858,-0.0036772370580221126,0.004024161343497977,-0.00047612786638525425,0.0016542296962591913,0.005744867710772796,-0.00288048409647309,0.0014710156593290675,0.0029630818554922268,0.0263786955193102,0.050010518602341895,-0.004858380819283498,-0.017377122231916252,-0.005864348179041675,-0.007040522580318363,-0.002807595809265567,-0.013475751726134326,0.012237661590405739
2022-04-12,-0.015668366024494965,0.0052274408086542936,-0.003909847781058918,-0.010665609588470347,-0.012048327156847848,-0.013175347634464239,,-0.011418824321573743,0.00038023314156162224,-0.014197119593039471,-0.004163024173576188,-0.008751252765594445,-0.007894343693571844,0.00857527557431968,-0.009425094930782096,-0.0253392501539932,-0.022896159040028112,-0.03212638750253252,-0.0030600834040031676,-0.0261452962161855,-0.032587685525372265,-0.009909323770660746,-0.0148738066093695,-0.011038243722105791,-0.004024161343498094,-0.0010716179328886712,-0.009966843069763002,0.002451950829657968,-0.020399047546550874,-0.008487162061808903,-0.00891546683183011,-0.00923088446971603,-0.01639380088938662,-0.006514559188252681,-0.005697933871862346,-0.021935178632925607,-0.004479061677813675,-0.03529216026513167,0.00563710666642785,-0.018619514501102163
2022-04-13,0.006805531745976734,-0.009429115748385413,0.008290452273059362,-0.008975590723032268,0.005037800498575887,0.023592193545374823,,0.001236011805391947,0.01995167971111007,0.0,-0.0037813895671519266,0.006066742066646047,0.0020881436295590015,-0.002262766325847192,0.020619214494096576,0.019483929800266673,0.018459797708237993,0.008428700699234537,0.006825185467616457,-0.009983475813233026,0.013339538703414588,-0.004157932536696082,0.021739908138562258,-0.03276446744092627,0.004024161343497977,0.0023800836121530625,-0.003344506971595066,0.010556442876381963,0.00879347819110197,0.005911687057444714,0.011869630664062051,0.010761048460873874,0.018424242445648567,0.0032625845199227618,0.00726840294100069,-0.0021396167679395804,0.0022421279347726473,0.014458019568109447,0.008953664468131528,0.0024750420606329555
2022-04-14,0.000847560288054485,0.0,-0.009760789058483049,-0.03272942401847196,-0.008072599376449895,-0.007802336194607216,,0.0016750047453323918,0.0007453120092489114,-0.004876169012484424,0.01543343982214716,-0.002018190770275931,-0.003656937020805008,-0.006312509248472448,-0.009319620720154879,-0.014364453143154933,-0.012098030660269855,-0.0036036379183497697,-0.0010254505179590437,-0.014994815768693175,-0.0005890936761343762,0.00415793253669612,-0.005882430484186849,-0.009312633585121702,-0.012121393933023339,0.007460652894594588,-0.006722759342601321,-0.01628710554519863,-0.0029225761145662676,-0.000645069659715473,0.0,0.0,-0.004065014194780298,-0.006535930549191959,-0.08880174517095997,-0.002547429746548506,-0.014096688185901204,-0.01445801956810955,-0.008392004083218049,-0.04616677107353974
2022-04-18,,-0.010582256368073896,-0.011840332575146701,0.0335019530062171,-0.005078805401775858,0.009096827475533016,,-0.0015866962692240982,0.001488672791705849,-0.006240767736836864,0.02673542757785651,-0.00811365116300651,0.001655996789939433,-0.0072450564280522245,-0.007518969609677361,0.005939784715644242,-0.009351216596436148,-0.0048250627808849025,0.025296079265613117,-0.08240793633405866,-0.0014742174567116185,-0.011686257157837974,0.005882430484186914,0.01838388874823749,0.008097232589525407,0.020089250994873457,0.00672275934260137,-0.013223318991841274,-0.0009760721671546312,0.0016576662528490311,0.0029454624472913665,0.0,0.0,0.003273346029269318,-0.019043020161352193,-0.003495990488215511,0.0,0.0,-0.02618230779982447,0.01753679395502253
2022-04-19,,0.024173697122772758,0.02982364120787574,0.018363238771846903,0.009123115561660672,0.007732095205600689,,0.010531019846129289,0.011462469874718965,0.014060804936777794,0.011593916578640978,-0.0034001608431810998,0.007461392643192863,0.018453571648935702,0.024232343356663907,0.009263244759652315,0.0008254124723969401,-0.00242156350660219,0.018233459465917583,0.005881278174058978,0.013772962100872565,0.005025175100150752,0.01166193272285459,0.02049514196571278,0.008032193696459251,0.027711515129634032,-0.003355730245292023,0.032736159587991455,0.02125703615827274,0.01152590642611151,0.00878493116153995,0.0,0.032066800355242,-0.0016353746986611827,0.00710029590001438,0.008583713530552588,0.014656450442100684,0.05795823039054239,0.030666753707965785,0.013895051220009043
2022-04-20,0.041311142203427055,-0.01569895225360466,0.005763665018355041,0.0022719554017817216,0.00201630808732927,0.007672488055809739,,0.02466073510905391,0.023975046006851054,0.012850619589372043,0.0033956446737434436,-0.005464474676225818,0.019685740105130287,0.0002506357380426446,0.025456029129356315,0.013322548984792817,0.0012373815422469115,0.04387195748001407,0.015095898389102492,0.023185276112504854,0.01759754063771598,-0.007547152991185573,0.01248205836558954,0.003502060455772725,0.007968191299177882,0.01893985211117512,0.01666708028665002,0.0,-0.0009566522099933856,0.01148435346939063,0.008708266954220384,0.0,0.02723905351654909,0.011391448621910579,0.013261047577166387,0.016818183261746326,0.0022359209388560677,-0.02955889327824226,0.0005591886965580731,0.01699891327655013
2022-04-21,0.02280578682239377,-0.006349245143717656,-0.01641728705638901,-0.019092033480824205,-0.006060618247213995,-0.0038288856618326045,,-0.012081918117353917,0.008221687186204462,-0.002760620501844782,-0.008890408074719375,-0.006872969982322874,-0.008340448566457197,-0.007288367810986244,-0.005400539492563844,0.006595256151406618,-0.005371924015437766,-0.008153721346552767,-0.02001947151166914,-0.007368198467285674,-0.013241450618297864,0.005037721985887311,0.000953836338555759,-0.007781996437665682,-0.011976223652138945,-0.018939852111175014,-0.009966843069763002,-0.009708874604440773,0.015194882378933268,-0.009394591581341965,-0.011627929397146039,0.03751375815160215,0.0,-0.006493489403326598,-0.017675960623191385,-0.011889400993485634,-0.023729988071839295,0.010939932573285325,-0.016342844014042335,-0.01804505277672229
2022-04-22,-0.03381577957158559,0.001061058103935185,-0.03215716345249818,-0.03531121607491357,0.0010125101588765247,-0.02459664122642673,,-0.03482353200052205,-0.012538401391389824,-0.026986761927816225,-0.02696158767562771,-0.008310220892225011,-0.03169082380065518,-0.047391188335667016,0.010771942993722132,-0.03257089124688784,0.002172776925297579,0.01162791291807374,-0.044436869277443336,-0.006333145826361656,-0.031496327827075024,-0.005879944990600905,-0.022169537623059312,-0.02914298345131916,-0.016194627540747433,-0.04803688768531448,-0.018534646807118377,-0.0347428751586628,-0.010421609521969898,-0.04509361535113654,-0.014727976853629792,0.0,-0.005774697344960365,-0.014766440555122029,-0.05102546477144074,-0.02598215552977456,-0.012079526499406145,-0.008941931280085004,-0.01546002887948276,-0.03060132312633375
2022-04-25,-0.011240928039045665,-0.00745080268223424,-0.0070635922997920935,-0.007214509923134984,-0.0020263866592782477,0.0013096064350125965,,-0.007885977548890546,0.005751457237994249,-0.0023946109852580975,-0.0019535147870177795,-0.015417468570857521,-0.0028269881274257287,-0.00889972839794201,0.005343020816235774,-0.030161576361759077,0.009771316999782145,-0.012798198042400195,0.005146720487572819,0.020660157796404247,-0.03221186018542301,0.010892525516890307,-0.0068460841842747965,-0.00031562727470267973,0.0,0.003651662548373781,-0.003407180976363473,-0.011854672668020481,-0.014388657091226779,-0.009527143254877255,-0.011940413107229151,-0.05447646453562463,-0.0038684459902391644,0.0016514971296957884,0.001128478858927496,-0.002594844524591426,0.003466199455356304,0.012890601061054613,-0.019225562182560333,-0.011066847782649982
2022-04-26,0.027446130407415763,-0.01832942835329313,-0.013252174136235867,-0.022783804653465883,-0.022564924365244227,-0.044154154399688575,,-0.025329138921310487,-0.03985182394891811,-0.02395853158171136,-0.017759066979734603,-0.019251804730481593,-0.010940680789309456,-0.006424817094697134,-0.03986052933070435,-0.04931524231508972,-0.028761689774304242,-0.02369768680329789,-0.026162119677860276,-0.011984824167696978,-0.08169119567478303,-0.02960058783034631,-0.039024406610030246,-0.030027476795209986,-0.024794620222103107,-0.032018094416648726,-0.020690358148960912,-0.018917078054298448,-0.021485275121530093,-0.018050198742921603,-0.0944097324382764,0.0,-0.037516848486073104,-0.014962842739719142,-0.0464462804287209,-0.02492165175097217,-0.029258910731365224,-0.08853527472164914,-0.01840372702278092,-0.027653469457863226
2022-04-27,0.025063883400116577,0.0032591825377921916,-0.008243121270275362,-0.005502054969271747,0.0020725143927130254,-0.004112463543458895,,-0.006759286071470673,-0.02263400230496133,-0.018900550043340705,-0.012621653567028343,0.008602317012547923,-0.015412020120013532,-0.00903755064755488,-0.011152505217602965,-0.07142497185241672,-0.0042226009155458535,-0.015710426310222188,0.00035105565761756047,0.009314057183209856,0.01990782013553596,0.00939794787591027,0.00458979010139888,-0.01309110482764556,0.0,-0.0019443704481390926,0.001740699512466589,-0.0017376308171318789,0.02630449304468401,-0.004242516634926782,-0.02337325101242667,0.0,-0.020325922563688696,-0.006722757168821396,-0.012928112406831721,-0.008588657849566854,0.024634677499923607,0.0,0.002991349592691098,0.0
2022-04-28,0.003294927773429751,0.0193344906683495,0.006702944941954475,0.01533028923696497,0.01744521226308488,0.03641664410969754,,0.014297215417519623,-0.003056887988992763,0.004213615204935307,0.008431962982505498,0.012061128787260976,0.01684222706703681,0.004596451102603793,-0.0018707926454295974,0.010800324718672248,0.006537294213268387,0.00849019513962489,0.016402161148034854,0.0030262584562726364,0.018229749070862025,0.026018960554477614,0.01374962450156563,0.01568895422965546,0.012474102605018111,0.022922649029943027,0.018949658636494292,0.012959275683729893,-0.054334347174350275,0.015598500030622069,0.002408279695327249,0.0,0.008180060513170386,0.015063016814661883,0.02918397373497144,0.03392071675600462,0.0011580337760854146,0.03801951960891185,-0.005991750455362495,0.013147811665724355
2022-04-29,-0.013662058710490945,-0.008546894420052919,-0.02392213742722479,-0.03117961971141658,-0.015376984304115283,-0.0133335294025949,,-0.019711888408958947,-0.009227333082357524,-0.013957731530221845,-0.02660817241833794,0.009824581579825464,-0.012763268132532929,-0.024301612332756,-0.0037524513163729634,-0.03578907474433413,0.029104567907245756,-0.08569479486072781,-0.04142275747796905,-0.01883963914639454,0.0003224840402369946,-0.009991724235820482,-0.01908856436837612,-0.03280057619590944,-0.012474102605018016,-0.03427394927718936,-0.010291582389572338,-0.02785217593854294,0.025064065876161976,-0.01668676703913082,-0.010362649348780192,0.06764413242046224,-0.020576876728599692,-0.0049958374597125375,-0.02754046360172841,-0.012655031466654155,-0.02579271127600896,0.0,0.0024010708746517923,-0.03468813409561774
2022-05-02,-0.002922121707721202,-0.005379071913613853,0.013072010130620914,0.012809999789386777,-0.0010335792837187826,0.00401873708983238,,-0.008143289013691907,-0.004645643441357925,0.0018933421262185108,0.010317875211559966,0.0027893454129930438,-0.0032617012717183307,-0.025898993420283758,0.0,0.02004079292439828,-0.002146124065249172,0.009168361451737968,0.016009257935699704,0.005779307867517434,-0.0038774964264542693,-0.013479668785961397,0.01803741574532408,0.009090685259563533,-0.008403539667706258,0.016856786820915088,0.003442280745247593,0.009662021790905521,-0.01697496185100824,-0.002874456527814925,-0.0034783128917946454,0.0,0.0041495334547229775,-0.008382206035491488,0.0237564309706373,-0.003188909215554825,0.0029646411027269464,-0.05102052951542291,-0.015710240469903804,0.0009164010775169506
2022-05-03,0.00625143744604968,0.01392596633366685,0.006730582049828901,0.02702521328081153,0.015392832395906206,0.03546014057134737,,0.02088697649220868,0.052902263467498316,0.01672578715417732,0.028136661393182782,-0.000696537101550428,0.0063325512413443565,0.04057786492127284,0.027805246608494084,0.03413297042303382,0.0020441388508809348,0.0244699502155909,0.013566360413783719,0.006461990996969288,0.04091283843886665,0.008446062083015335,0.02492352060116768,0.021193380416496443,0.012578816843817881,0.02160478939676908,0.018723863113609986,0.0043609802445752615,0.01895304578869978,0.012920013409828996,0.030877294759963866,0.02582639162289411,0.03459128924035031,0.013378043495204066,0.01920771579692963,0.014202289948219838,0.026294269628638265,0.011924004475755496,0.03294684031548907,0.011158020613775032
2022-05-04,-0.012121532437454023,0.013735044089267918,0.034984554939647576,0.0393449519887101,0.005078805401775832,0.02043482356312619,,0.010650687979517647,0.019679920036103533,0.01507712161134577,0.04163604993541084,0.006944470734036671,0.014947613869953792,0.0334795246005717,0.021700810604244097,0.019934153046708487,0.02350896159108984,0.02512700176831362,0.029590218768145597,-0.011517111496179996,0.023646144851562117,0.006705860817733696,0.014257096568449331,0.03254590419995146,0.020619343045991577,0.0405974847872214,0.01506310504277943,0.048417152726639955,0.020538707824425104,0.02017711796001602,0.023373222525372224,-0.008534800615931929,0.005982083129684411,0.018107564815972102,0.039957465069287754,0.01346290468513425,0.03010739417703313,-0.03063669809737829,0.030753840516230646,0.040387042080471905
2022-05-05,-0.04033145140520775,-0.023355311763529386,-0.05953533825514914,-0.0283631086480103,-0.02150628647293284,-0.04261455763074313,,-0.029163702296733693,-0.03563271458104808,-0.01849350522076853,-0.017771277094110336,-0.026649613500110463,-0.03039695837053698,-0.04250836591088408,-0.0703994309142592,-0.07309628037686541,-0.04112091430260894,-0.052207941716932674,-0.03465611467731815,-0.03405749632527813,-0.04691023944893132,-0.017699490433444754,-0.032891275954179094,-0.025337971684486482,-0.02898750958333653,-0.026488324388259276,-0.02523258229155648,-0.062440154762120656,-0.03747983920843646,-0.023219697571392337,-0.07182571637339014,-0.01294054369539121,-0.057275272332253505,-0.02644782446181253,-0.021392534140566,-0.017029025023054232,-0.03879555566406052,0.053013872147038205,-0.04439976078110514,-0.02143968213671069
2022-05-06,-0.01588728310664507,-0.006465700285219389,-0.005302223538823599,-0.0024005268278854642,-0.004149402745680726,-0.010610119510963656,,-0.007712446402014139,0.004477690079873707,-0.008905594800106036,0.006023616798724471,-0.011436824715013172,-0.005970516061799756,-0.009665801883110165,0.0,-0.0050684453261579205,-0.011390629981358577,-0.00655737171870973,-0.0003513434047482867,-0.025798158454816686,-0.006061788187559427,-0.017153211310731005,-0.044879279699404834,-0.0016151001853120118,-0.0042106503064728,-0.00839401634471649,0.011854535268774054,-0.01780970725673845,-0.02338679851990355,-0.010970024225604044,-0.010695244389341708,0.0,0.006295816877373293,0.00834025964584036,-0.015423106170728803,-0.007862707698091477,-0.002912888749308706,-0.04306361237010406,-0.007796153618780807,-0.004702365132806336
2022-05-09,-0.023858820921018688,-0.016349035855856765,-0.012303062577496533,-0.02926242819564185,-0.014659910754808258,-0.018843055117237145,,-0.02653911398348825,-0.01651705691152907,-0.018212322979763353,-0.034088766402351436,-0.00938976766818116,-0.013636329858022954,-0.020182917834099274,-0.003846194552938155,-0.03516387261903426,-0.01963442602927489,-0.03480944164427051,-0.013090109230511586,-0.026086803400283017,-0.026590297951438215,-0.012184522999423285,0.0010923467690107762,-0.015148121963404627,-0.0042283478508629655,-0.03725201770954632,-0.02557688238242735,-0.02455794690514584,-0.0495621125644951,-0.02556526723930965,-0.014440689132491209,-0.0234271583617443,-0.01687815395513028,-0.016750749362548084,-0.012627216475191915,-0.015491111277377448,-0.040481831649257026,-0.08491337090852247,0.014939063786641331,-0.013332089671169826
2022-05-10,0.0013655256614365189,0.014184575158838884,-0.013001176400353961,-0.016914491024092274,0.009448844839398413,-0.015058605304342828,,-0.0072899715311462564,0.02946321958386479,-0.006896169686201217,-0.023115160232814996,0.012261307918192459,-0.012026696643088475,-0.002409741235368717,0.0038461945529381894,0.023921920462764763,-0.004378170470577179,-0.010958930078955967,-0.012476959816028461,0.05804548567447016,0.010461052247492504,0.007849848750633184,0.030109768654260762,-0.024674232236931604,0.008438998157335781,-0.01102779554358453,-0.012163523361275656,0.019152284919241244,-0.002164612421411284,-0.010761918391251775,0.007246312545427087,0.0,0.004246382559363867,0.0016877325478862626,-0.022489497148615985,-0.0063493466431402395,0.026380512422947436,0.05249007913282829,0.015887372545349276,-0.02022150429927092
2022-05-11,0.01040996726296757,-0.0054318099000632844,-0.013172436008623063,-0.005327033765111139,-0.007341388119454952,-0.01388911163011304,,-9.874175626965613e-05,-0.004789015152107422,-0.002416613135589837,-0.022612834287216294,-0.0064726001288689,-0.008543577192744517,-0.007979505019531086,-0.005774853546221246,-0.022869956174730595,-0.0137024712103238,0.005494565537857259,-0.011572650051278775,0.004282960426263201,-0.015402479642302083,-0.012237778771682244,-0.017094443588590018,-0.00632829042978828,-0.025533370622052007,-0.01721714470455984,-0.022989449053704553,-0.027474213577394893,0.016120834055138596,0.0021616510887121883,-0.0072463125454271535,0.02052848906897904,-0.006376166954105201,-0.02389190258573035,-0.02089339600093873,0.008877954224493861,-0.013702817128876535,0.14074962435592173,-0.03625957087341925,-0.011908996274396934
2022-05-12,0.011193127495212925,-0.004366879220944643,-0.012788563412890551,-0.01415658470926917,-0.007395611817013772,0.012509008758995584,,-0.008041876779794113,-0.013383024335429854,-0.005337867683060891,-0.023350711627038372,-0.01015231116550369,-0.01150668329182299,0.002286124131453452,-0.003868513161988914,-0.00738791272310086,-0.01042935310303507,-0.011019666768986342,-0.007121804110558418,-0.01036286888164526,-0.02440381315378756,-0.0017605773400655323,0.013911477135962419,-0.0008468777966349995,0.004300985176075865,-0.0038098153792137587,0.01244455380605078,0.005555604348657177,0.01691368759739156,-0.011479333293667788,-0.010968985053680743,0.0,0.021097848195881376,0.013722258162149597,0.019563298238647504,-0.010436135130218798,0.0017980499450646508,-0.001976283888348542,0.0156160325355178,-0.01801414525314446
2022-05-13,0.030690773037350204,0.010881577214898297,0.02268412152835273,0.002847250106771883,0.016824797960907634,0.03528176329269757,,0.01817535615966575,0.030953018716486595,0.017523260318749338,0.022930658719379243,0.012314502834371167,0.023635774297051253,0.021044771697072355,0.032414692882944435,0.02820025033833656,0.01329499636459691,0.02597562147302639,0.025001481131932166,0.006042349865399987,0.03850456938891597,0.025229549368812616,0.05673396781084087,0.008856113029903986,0.012793387288640176,0.024509703596035305,0.0157760228655801,0.037239075223554144,0.024845981530089604,0.019671928699502354,0.04317218457834026,0.031431305549780256,0.02474351651271284,0.03350410112157733,0.023241599920426778,0.008329205323875913,0.03587550800612774,-0.0009894952944589119,-0.006577113355890451,0.019657051154422078
2022-05-16,0.009026527093316196,0.0,0.0021858000421682076,-0.010288716642007825,-0.008377050433822976,0.017184872718433067,,0.01196781277176007,0.004344660474255142,0.01014744127822323,-0.0037853698523366707,0.0014388682099900289,0.01653413226522363,0.010012403869854544,0.0018744988431596212,-0.0030942742248269185,-0.0019829704918207795,0.01871719665924612,-0.011631295397881703,-0.0022615763260519354,0.0022768039026306226,-0.00603183433424334,0.0,-0.006994042410124181,-0.030109776233598784,-0.007978219155115663,0.006932395743349317,0.0,0.003062944072808614,0.007316340240597656,-0.0035274861275085153,0.01673680968582874,0.0040650141947803885,-0.008271439883334968,-0.013089409905597024,0.008260465321698373,-0.011036919748813151,-0.014962975654602353,0.019602746410671817,-0.010135794946025132
2022-05-17,0.01907243352092299,0.004319576573346977,0.0119371395659397,0.03333615017650108,0.005243927010429176,0.0423411257598809,,0.019538981521286535,0.03164706283416455,0.017203965953031863,0.07291829709909296,0.005019797084395198,0.019450168646528185,0.025815950408453817,0.03676886338377902,0.04445185659875598,0.0,0.0026454413651947374,0.03092318441145035,0.026807233275055464,0.020261272646848766,0.00860597158692432,0.03842743341975328,0.03260980629182149,0.0,0.037221019089573135,-0.03158160578775111,0.017171713073305443,0.00812182171631347,0.005150269486539537,0.03472591238697342,0.02863178913939053,0.043657789939691084,-0.008340259645840394,0.01957026339973102,0.021381683035091272,0.02651443579090475,0.014962975654602384,0.01459875832120021,0.03491989006949415
2022-05-18,-0.12647948668080286,-0.0064865266790883995,-0.021023656540882937,-0.031327236461822505,-0.007349306586155615,-0.029320182133032,,-0.02487268303760947,-0.02158220911635683,-0.030064252746444045,-0.0344758514910679,-0.009342530731081966,-0.027075973874114586,-0.03136604298809896,-0.02744924266362419,-0.02907490281392745,-0.02376942167172219,-0.017322280754042196,-0.020139476269014595,-0.028695718975346084,-0.027107213561037635,-0.015544474960430153,-0.021053391287014632,-0.01725408206575303,-0.0043763866939226775,-0.027382362748671944,-0.003571366627229039,-0.04209236935610746,-0.024566344903759856,-0.015224007125824501,-0.031198426259464965,0.014676712468253835,-0.02955885816799788,-0.0016764990323228865,-0.03938161355402175,-0.02082384054879102,-0.013745887401761673,0.06237017643294687,-0.028220732761839944,-0.03729164351478638
2022-05-19,-0.012946716861338567,0.01293132070893838,0.007338392227967021,-0.012404527813970095,0.011524556970996762,0.014130033209433226,,-0.0063409011335878954,0.031447950436982244,0.003668526298158829,0.009283700149980164,0.013625153121446512,-0.0014947518020076774,0.019565355005699888,0.012903460554575108,0.027096767795574433,0.020566176526647825,0.012024209881231153,0.004781130195820564,-0.004927094546489507,-0.001636866522688296,0.014687202986232356,0.01608075207949473,-0.014932947578076589,0.017391790462805222,-0.009087950870736437,0.0,0.0240087821564524,0.027595077442788316,0.014417922291536035,0.017452502133228544,-0.005312103089700575,0.05259243695783893,0.0149878446423463,-0.015196182610159103,-0.0015341228100845105,0.019983478241705738,0.007414407311872603,0.009053897568860497,-0.002615703975479545
2022-05-20,-0.006293830830852197,0.006403169959411242,0.00840096017118053,-0.01727460110635417,0.007265192350455188,-0.006397938003832573,,-0.0013705528034102124,-0.002988506966179971,-0.004147971072671646,-0.0006027248682355139,0.014144504162645977,-0.0005613346541781043,0.0035412267313024324,0.0,0.0022222017061600857,-0.0022152942427440545,0.00793661726982393,-0.004552811946597702,0.02179718305404636,0.007507726941420402,0.0076891186462283425,-0.004997550705235066,-0.008232653043942252,0.004300985176075865,-0.007405774548499531,0.01244455380605078,-0.0018265587731323056,-0.007081496434802185,-0.0003024051673635242,-0.010434832076392078,0.0,0.009443032629373925,0.0,0.022634422456352322,0.0016731572085453075,0.007322025744355192,0.0,0.011581819966653068,-0.00788821283144969
2022-05-23,0.04091914554948034,-0.0031963887818285282,0.003340695585847878,0.057666878654715356,0.007212652089793134,0.03902318662766303,,0.025253945137750068,0.03057892744142033,0.02166591809913742,0.05893231069789441,0.006300325065448509,0.01853630559645691,0.009606998140161308,0.04301740561162009,0.07201552459907909,-0.00902132143422087,0.04255972412130185,0.03147459755701189,-0.0029783884184919145,0.02091789711225026,-0.0008516576248780642,0.042183650129541915,0.06003296477892112,0.029600551983321018,0.03637200180440978,0.027876379857749753,0.0018265587731323134,0.03197081738779484,0.016104459240710425,0.05443512633218342,0.02628268167017502,0.038648253295149884,0.022876796042735525,0.032947880545029715,0.016992979230861845,0.03365821854623353,0.009191234413328038,0.013843167668590025,0.050309158860179996
2022-05-24,-0.020250476564795585,0.004259774194156168,0.0,-0.006152143886570077,-0.0030845911031156326,0.03278970453225966,,-0.004692760454290195,0.014767114835307602,-0.005175983102884129,-0.0017069144118218036,-0.0034953311859973733,-0.0016540616486646004,0.007646339177030007,0.010471335541699354,0.022285076597860682,-0.0025765284254723156,0.015037761957715074,-0.008437198990105803,0.011307931416950448,0.041178760066166206,0.0017023660026229057,0.01997234798726318,0.014026460801080321,-0.0041752771761115635,-0.0042615772811050905,0.0034304720856198276,0.0072726411581565875,0.01464153094718646,-0.002881946139388734,0.02936577107306669,0.005174728680058981,0.02860062222623968,-0.004858380819283498,-0.01531851794667074,-0.01115771930053356,0.01881276166619734,0.022615251443925864,-0.018703352841980665,-0.012168779032993515
2022-05-25,0.0004758771440463082,0.00741135945684035,0.01489692927799132,0.005315289696028718,0.0010293235904665417,0.0059559105821173075,,-0.004907975938641171,-0.00501803150710433,0.02745413003248364,0.0003794545662507861,0.009756303657573153,0.0073312444029896996,0.008781200696487333,0.02570823253298475,0.011866924215996524,0.0026883103956661923,-0.006238215238462852,0.0030213330747585073,0.03797913638916784,0.0030513804201571584,0.0033953910982813195,-0.0009422418800675712,0.006939869019778239,-0.00419288936123352,0.00328892911710483,0.0017109185965572776,0.019731568858458445,0.009643201796246881,-0.001394072634785062,0.00960020781658284,-0.007772101719872745,0.016775732793464993,0.0032415147349966486,0.009132654820105305,0.014713050097445085,-0.012861882110288441,0.0,0.021687701305916626,0.018991454347868388
2022-05-26,0.02628007957356082,0.004210660745144861,0.003826069419519165,0.022894457655708796,0.012269943642207067,0.02347531901993267,,0.020245223299143855,0.01886521607931519,0.010501704178933948,0.02603387056816532,0.009661944933046108,-0.01880254995788306,0.00013262107515550487,0.05697177066258828,0.015308650806266843,0.02125145352455899,0.014906914560097663,0.027346040301234876,0.009361624082401727,0.005772496106602275,0.004228480576683521,0.017749377317975424,0.0171424016906813,0.008368166537344979,0.033131095068359415,0.01189482377416838,0.011479170015013015,0.013346299332653369,0.0033824140338169625,0.009508661352510267,0.0077721017198728,-0.0055605978412728435,0.011263223954156267,0.024094078819254704,0.018527861081451436,0.01976039614799281,0.06241188288273839,-0.0017895547060190677,0.03299466487144358
2022-05-27,-0.004642457705623774,0.0041928659565600495,0.015160183435827888,0.009499345528481773,0.004056819737207378,0.013825216697813907,,0.015012570292038438,0.02059052388607181,0.015175572168653199,-0.008727125082895588,0.010929030438427453,0.012758015508999772,0.02382002846029367,-0.012422576728216502,0.005347565968388451,0.005570024299104138,0.006146353449290847,0.015179329531789723,0.03557622759399853,0.02039060946453404,0.005050443658329382,0.018348948878652984,0.014039071185634801,-0.00836816653734507,0.016915013795611843,-0.003384120333362335,0.013949533772441387,0.0028369021601101115,0.023070740490869095,0.01875055653886018,0.019169853139571542,0.003710566533145551,-0.00481154745251274,0.028468477128088678,0.013045764396455503,0.0031677249983100126,0.0,0.029413904250078723,0.006339478426757757
2022-05-30,0.012025922302867883,,,,,,,,,,,,,,,,,,,,,,,,,,,,,,,,,,,,,,,
2022-05-31,0.002754969252081604,,,,,,,,,,,,,,,,,,,,,,,,,,,,,,,,,,,,,,,
2022-06-01,-0.01338573217470252,-0.0021141245801337477,0.004456855395041896,-0.014349986232601843,-0.006072751678670245,-0.016260429452711955,,-0.0014705038264373502,-0.011909117641495447,-0.0023657916482206927,-0.01928220980176002,-0.002038672325803209,0.0045334490979946,0.012941006395050187,-0.03297013709273393,-0.018962195022948006,-0.00410121225716619,-0.018576305489009088,-0.015415930994499703,0.012772127732014657,-0.009609779036915244,0.0033612626711363286,-0.018725667390082232,-0.017700908999088768,-0.008620767446737383,-0.013322566765036457,0.008779702155063357,0.0017839915222189406,-0.009852156412123975,0.0030581153349006763,-0.015699042396332002,0.03127214090344528,-0.003717463868619912,-0.0032841784919178663,-0.035667855695250265,-0.0052585316494359645,-0.005846617812220877,0.0,0.005858208205730867,-0.01341707562225297
2022-06-02,0.0027842510069264557,0.006329222492603605,0.01817741413416805,0.006560961629684808,0.0030409516776620845,-0.0023445245339807808,,0.011703597448816197,0.01330086270139536,0.012504856381547975,0.0007630477852516581,-0.008882898778428742,0.02041609891274943,0.011998119334877738,0.007421065868397711,0.007266098504927851,0.011375643898420603,0.02102746601633621,0.0074290870573545985,0.010237111477097513,0.0069163005385021485,-0.007578931026602113,0.017841717250903194,0.01595985883160171,0.008620767446737265,0.0023500898871319045,0.005231127617926369,0.026386831798922428,0.003952517972036539,0.008645650544195263,0.012578786523245705,-0.03254361483072897,0.009267875775406468,0.006557524521187037,0.04445805062527487,0.015303542216610667,0.017437735925814282,-0.036803440156606956,0.015072606687662466,0.003757270166204442
2022-06-03,-0.014469346283115815,-0.0063292224926034864,-0.02542976783706326,-0.013993938665346142,-0.0020263866592782477,-0.01180677021391096,,-0.011243817124133386,-0.021793555254614468,-0.010434404522647257,-0.021203440347029177,0.0020569355848249907,-0.009797788308124587,-0.021886743845330386,-0.014897736660940698,-0.010919042714909242,-0.017280096130632767,-0.0036787599722223397,-0.017326858963598417,-0.00972289400250355,-0.01205922421208314,-0.002539277988512136,-0.023256935298755447,-0.014037442498981915,-0.008620767446737383,-0.012756980175915866,-0.014010829772989572,-0.022827963925798354,-0.01992095156485162,-0.008931978079809945,-0.012578786523245643,-0.032323419151081514,-0.011131802912643433,-0.013158168136606892,-0.025342324302755175,-0.014381300763100532,-0.01583972839738546,0.006950302291906912,-0.009829395108079161,-0.011314617357300875
2022-06-06,0.024612092890089914,0.0031695834660861294,-0.003927152120815247,-0.0011056707150573287,0.004048675378275737,0.02694953581281497,,0.00887756848619661,0.009549183622477943,-0.00622398043064641,0.001362693840306674,0.012253365277211077,0.0012524269517670773,-0.00039749868666384713,0.007476670792542994,0.019030933373779296,-0.005939289446182707,0.0012275994448953185,0.005725607377218993,-0.0005142174745939792,0.012359107107595316,0.006756946343978022,0.012589975835132779,-0.003308902953558329,-0.013072008192143806,0.008876328771507246,0.001762170772646539,-0.0035588678731239697,0.008016090316691753,0.005330864864908249,0.015699042396331953,0.018229724580852306,0.02031457330917047,0.0,0.0015416129538248502,0.004073782365679161,0.007951282164568824,0.04486591879906043,-0.0005812154160823605,0.006670958284879366
2022-06-07,0.0004587345608019477,-0.007411359456840475,-0.0005621499333180425,0.005517214712281223,-0.0050632403966595725,0.0023095203831304716,,0.00499888693536922,-0.0070646184521380734,0.011822027722508646,0.013526956358253617,-0.014310300862036161,0.005349309989215787,-0.01630407357443526,-0.005602255885180614,-0.0008981107971023683,0.013064822329634625,0.010982432602843987,0.0031153745715395377,0.002055630190725476,0.0023935956029009636,-0.015267477260222963,0.004458627179104711,0.002617198758329581,0.008733704051835564,0.005405596938405903,0.0035149652908719703,-0.017078893891250297,0.003984012283007372,0.008790476583943054,0.0,0.0,-0.005499537282022453,0.004954666020559714,0.022158571039256985,0.0028814403183101537,-0.004232874882218298,-0.07118321127560416,-0.027108310434369873,0.007727371222948808
2022-06-08,-0.008287239418357493,-0.006396627871888958,-0.0436852999684659,-0.01273579299850306,-0.006110060962704625,-0.020979735544935343,,-0.012131414281904205,-0.018605117065064108,-0.011970792591087857,-0.013332228905912258,-0.021506209227588294,-0.0073179375600561205,-0.05739620379547636,-0.013195230183404193,-0.03102434622679572,-0.016217186909047193,-0.0036473733848414788,-0.021472491403956188,0.004269674264813084,-0.02911059141081095,-0.008583696023027047,-0.00983502713839728,-0.016042433674613152,-0.03090751037771078,-0.025278874069014804,-0.02847168358902807,-0.0645989838490804,-0.01200010259969916,-0.010976572609956787,-0.018868574952953313,0.026736199898690898,-0.01668244387756337,-0.03520909959498087,-0.05591062815908925,-0.012501173598037865,-0.05280137293722074,0.02804749452151925,-0.05905783851939081,-0.018646640345226437
2022-06-09,-0.0037054588026062874,-0.008592723874105528,-0.03954966246915531,-0.039209518463258805,-0.011299556032473262,-0.025046020189093816,,-0.027633373114632355,-0.025604980793428284,-0.024837632383250666,-0.028409988899930756,-0.0007016117436341643,-0.033889211845984216,-0.045691405214039325,-0.02887592350185452,-0.023442310613073322,-0.02477124300854145,-0.007335059218002459,-0.033805076428125656,-0.011656001184122447,-0.022402779227815615,-0.010398901944978077,-0.03566897185690237,-0.021239328440255945,-0.009009094543142384,-0.024824950971626673,-0.010889471991984036,-0.03543676529801585,-0.008080933240161495,-0.01969783321115902,-0.045462388174718905,0.0,-0.018868524415373098,-0.006849213642847007,-0.01312153353529699,-0.027656282082894144,-0.03295760820446656,-0.02804749452151923,-0.04272493144408316,-0.04491022717221998
2022-06-10,-0.03110541833043856,-0.004324462322831754,-0.016641337494599295,-0.03960340461081453,0.004123805293425334,-0.039414015276525154,,-0.03026464584253559,-0.049753931285410065,-0.023127725692756493,-0.04628194255846619,-0.007042186738956606,-0.023248268273895024,-0.03125248688761138,-0.06245742180634293,-0.05459446017321814,-0.010923681684976006,-0.04261284349239645,-0.058199276722318664,-0.04640512020008509,-0.030997944733624272,-0.002616566070572621,-0.04572214637063783,-0.047056184854814796,-0.018265282141403258,-0.04743553176220297,-0.011009266976362786,-0.03258949476464353,-0.02360280586354986,-0.023962785761939925,-0.06166348367536318,-0.13568750168978014,-0.056822250814278295,-0.013841226422758169,-0.04364482277382245,-0.02411102197624992,-0.026340320271157593,0.0,-0.04670902906984627,-0.06261853074605322
2022-06-13,-0.03457864484352247,-0.007612865808163338,-0.04838632981566805,-0.03528492751360122,-0.015552501913485343,-0.03580938935321647,,-0.025008754998626165,-0.04990065184879886,-0.01953137717946284,-0.04326159592887208,-0.007804233196133113,-0.035524928853799674,-0.04507541897730728,-0.05777000519181678,-0.03569986956401134,-0.00951026332345114,-0.010296105843671402,-0.01297492275750398,-0.05037164873055963,-0.004554272604888914,-0.01141862931412817,-0.052011765029235005,-0.03023063382818689,-0.0046189582505101485,-0.02910170608998111,0.0036831778710951927,-0.03905518762231782,-0.033794198594417825,-0.023634505779679252,-0.03964469845083182,-0.02624048761594114,-0.06024669112118485,0.006944603839237805,-0.03367431605035844,-0.023420567954309354,-0.04923520761198154,-0.11878345906918525,-0.01747669248425981,-0.02757198400773184
2022-06-14,0.008880455943942838,0.00109101355222306,-0.02176145833270966,-0.017643856272277308,0.01452317832301885,-0.01442654177574165,,-0.012137124318680134,0.013013681773970722,-0.009428799121382463,0.005892093078498407,0.002845084983321386,-0.014052624961942999,-0.0001611424400452501,0.0,-0.004162192898367404,0.006232883968885623,-0.01959566118478076,-0.002756941173680183,0.0007593639721971263,0.015208022785038201,0.01229150213119881,0.029339529734154112,-0.016779489778473093,0.009216679779646486,-0.0029308293311949805,0.0036697534853277823,-0.016278028460881236,0.027544065166115905,-0.010229409157514711,-0.007380109526344401,0.06987875950798789,0.002138913527182161,0.018852220422295625,-0.014211803118782127,-0.01539273955166697,-0.0056232105829661936,0.016873725448080093,-0.024269546614980375,-0.04083289527987067
2022-06-15,0.02617683940410961,0.008686312952958073,0.009289997066708019,0.018580476888945666,0.005136192930465943,0.05399766977539146,,0.012535659778098925,0.037276383159275915,0.00847410569315403,0.03464095409033716,0.004252175264282156,0.015623699572379569,0.015995195285116465,0.04521760599329325,0.04086361121408934,0.014432419674277337,0.029891767028452157,0.026302346070625492,0.0028427763232578653,0.032230393978454216,0.0034843513324875125,0.02656320338105752,0.011766373345490322,0.013667560612266698,0.014042080471926217,0.01454580761192379,0.003276785757103836,0.005211119923733358,0.00961836144989264,0.039932770740869504,0.006863398590319969,0.05001048358554945,0.01349101586987717,0.027911633645745604,0.0023165897412531613,0.017391678353365893,0.03291701460212617,-0.009437544063518844,0.01957715058549089
2022-06-16,-0.017374869961262238,-0.004333616448241626,-0.021362581171012914,-0.006259887830328154,-0.016529446267598804,-0.03697043261725716,,-0.0269696931825524,-0.016483934540990265,-0.023030288388636393,-0.01460806056148644,-0.01568102125151422,-0.03413168704741651,-0.014062289374591929,-0.02127739844728485,-0.016145644331570168,-0.004516704362756576,-0.044509920178037,-0.017703352351006164,-0.029772553980967842,-0.016617455551661015,-0.01842956853231189,-0.01763025184405021,-0.01730515926185384,0.013483274313287578,-0.027607372628731704,0.0089848006268683,-0.015384795656249388,-0.04572843558141135,-0.017670287615904647,-0.021583676160844348,-0.016552047709666146,-0.03516379252594911,0.005012615314700931,-0.025502276614343185,-0.03727877045171338,-0.041489260822264944,-0.030950334406622437,-0.03186638182978152,-0.013716540207947577
2022-06-17,0.05493802764609535,0.0,-0.01564124760690526,0.002195420955348447,0.003120019814348077,0.009049855470320167,,-0.015165268110887347,-0.00476006507302421,-0.008508032697266568,-0.007921971483831893,0.004301138613546012,-0.0016258553745804834,-0.029228891933486073,0.004291920958878725,0.008105352616789603,-0.0031393690701583365,0.0013378041477321125,-0.018379668139630802,0.04181182159700188,-0.02108707726256383,0.009695820080313186,0.0,-0.0035325374240809198,-0.018018327136191305,-0.014300644708240594,-0.036434053542088375,-0.0190056774438346,0.0032592656531429337,-0.009267634066295138,0.025135933521832937,-0.049903550057392956,0.01670179212782964,-0.03217906018211974,-0.009348788552299212,-0.003910903942936817,0.008309402958160099,-0.0029513036425379588,-0.008317656328399231,0.021805686047262088
2022-06-20,0.03975232640618518,,,,,,,,,,,,,,,,,,,,,,,,,,,,,,,,,,,,,,,
2022-06-21,0.025361996162990747,,,,,,,,,,,,,,,,,,,,,,,,,,,,,,,,,,,,,,,
2022-06-22,0.003878572972789096,-0.0107295775518383,-0.013097794036252107,-0.007639562559341918,-0.01427149586676559,0.007490560620034067,,-0.01894471545422284,-0.006175324848125779,-0.030258180447434217,-0.01597350125600489,-0.015438824860273967,-0.018957044264395474,-0.016739968002804903,-0.008247402834330312,0.0,-0.009165069441576442,-0.02456495100539762,-0.0009482044511654762,-0.005912365804652319,-0.01459446634764712,-0.017346392777337065,-0.0009422418800675712,-0.005627438276006005,-0.00439551240352152,-0.003086261681173155,-0.010810897584207762,-0.01925198736884953,-0.0031529423534848717,-0.01120440571632259,0.006872881220654495,0.0,0.0,-0.008382206035491488,-0.007394065273020255,-0.009198900702759541,0.011863932319087972,-0.06399964483197351,-0.009410130581660084,-0.01005303318588311
2022-06-23,-0.03903145723861728,-0.00107945360135936,0.0019756739973513363,-0.016079533646713842,0.005120483226398806,-0.048417036561418623,,-0.03022592129864813,-0.0406928115574626,-0.03377560319069925,-0.018172507718080624,0.0035297825904445196,-0.034012535300469604,-0.006613633007852882,-0.04013223734467417,-0.11827250724027996,-0.006929050895667646,-0.029218453664068354,0.005712052987905251,0.016396619733440698,-0.009540065119174523,-0.0008752802547519177,-0.04235460932863808,-0.010999806789528367,-0.004415141787964168,-0.00579657352002282,-0.007272807631936034,0.004310527317113107,-0.03426452306007111,-0.018466010721628665,-0.020761901945152032,0.0,-0.04929112477667267,-0.0016849733194577111,-0.006971955702631498,-0.03642827912156428,-0.020696797656377514,0.0,-0.031021646291522518,-0.018301106903537073
2022-06-24,0.017291259658226837,-0.0010805480244546104,0.008516280293573602,0.00714403082493406,0.0030596970797141863,0.035901230008215976,,0.017638022039213726,0.026264782722090714,0.006164321287612297,0.03205898347451228,-0.00282280964191503,0.021444069812074418,0.023827827659525114,0.038059697880867105,0.04099823189161471,0.007274442674182943,0.02265255506037603,0.0563214369941033,0.021683025717541878,0.021111369217451076,0.00871840266649597,0.018509994441190277,0.029408890124442193,0.004415141787964156,0.05073901338436586,0.010889471991984012,0.014941460051736447,0.027928726107161087,0.01577482517720661,0.017331225268965796,-0.08078517569809855,0.02289385438504913,0.029902584115382668,0.05235005898950664,0.004164949023608706,0.06382533247351715,0.0028695497626308438,0.02078756324310684,0.07274983832537364
2022-06-27,-0.008829934962264288,0.006465700285219332,0.014249000211617163,0.0012372583257953184,0.0020344958234450026,-0.0025219858116102994,,0.012587899259434399,-0.008678472409504548,0.018603598628811436,-0.0006270040707109887,0.004934770791941566,0.010364431795765239,0.020645069867951896,-0.012526191402966846,-0.007427091179378722,-0.005306130807709552,0.013089051073778366,-0.006528195236511359,-0.016921563996404546,-0.0033359324333697366,0.006920495802667533,0.006733910461474347,-0.008044431356696144,-0.013304114152208344,-0.004895078183009087,-0.012715922964522628,0.020965207777408616,-0.02249702942323487,0.003930790842594489,0.0,0.05370417004821785,-0.020790811480213323,-0.013179763669266856,-0.01612439005562765,0.013304068547997584,0.0005943627149403211,0.0,-0.008114978218866756,-0.012839752946450114
2022-06-28,0.0,0.005356022821413001,-0.014249000211617189,-0.0027859215774027734,0.006079108456204952,-0.008877833459662348,,0.0008266843113950488,-0.009954266201318973,-0.003020603374478596,-0.013047605506036584,0.014659954692300692,-0.0008185530581288694,-0.00886265514824768,-0.010559895365067766,-0.019355413017933757,-0.0030119369738481673,-0.04931036358706411,-0.0042983314926133285,-0.03000219127093537,0.002427228899316568,0.0025827745629255494,-0.013513591875037654,-0.004823389175810086,0.004454475137584937,0.009254377219463419,-0.00182988464740121,-0.023085944314352215,-0.010893270463401035,0.004635107660687052,-0.010362649348780192,-0.011834488454819278,0.0020986293955524075,0.0,-0.011102585192404606,-0.0003038708141468044,-0.016777099832941563,-0.006708323542144446,-0.008928735129563707,-0.0014920209401893716
2022-06-29,-0.02287600924681487,0.013793335788940509,0.011028321295728845,-0.012476743598296574,0.005037800498575887,-0.0166990745423362,,-0.004762888285442433,-0.012077447529598724,0.0008398315419515527,-0.0023328131143477864,-0.005257334404931065,-0.0061613947609734645,-0.004068742057398823,-0.012820688429061434,-0.026404092329485335,0.002896187208201927,-0.019310931912042587,0.012575685427436008,0.00722548858159792,0.011748773618952714,0.02462966139146096,-0.011730313027626933,-0.004499920633173772,-0.004454475137584946,0.00038383523711635104,-0.0073529313564229485,0.016842410170298527,-0.022149272106489842,0.0037952789952221486,-0.010471446435090263,0.04652013466508734,-0.02547911429024342,-0.011676562309617385,-0.006377861115197708,-0.0007599438825729566,-0.010935490149927281,0.0,0.02727779639684622,-0.011766259131909384
2022-06-30,-0.028067386937844916,-0.0031662380960054506,-0.021520275586653825,-0.023179305697395312,-0.0030196607925367294,-0.015666100244342323,,-0.0018698010640715117,-0.028344467566765886,-0.005725623806722314,-0.0238489019769042,0.0067542610576207555,0.0,-0.02814857433558266,-0.026145209098325354,-0.025975593999334943,-0.011400558346067407,-0.015438944676859273,-0.020857374091249648,-0.0108579422003531,-0.02179908886566634,-0.013513600113395533,-0.0248891800230949,-0.023606755475562388,0.0,-0.02761940654454244,-0.01487007465150068,-0.021097969840672345,-0.01922050978716889,-0.008843327074348584,-0.01769943865052127,-0.047843642391149944,-0.0529925305425068,-0.010118110202338548,-0.029724036144296053,-0.0027410856618652404,-0.009205483328493967,-0.11718229622678172,-0.0250381047360243,-0.01369184628437949
2022-07-01,-0.004677139424128097,-0.0052994674277589615,-0.0033013325172140742,0.01371843241664059,0.003019660792536747,0.0,,0.00828410360072905,-0.0020855407776162876,-0.007118712427154946,0.018953716426313796,0.002241289565513678,0.01126687918955923,0.007231901987949015,0.00220500155231699,-0.032560958132817217,-0.0063380248278591105,0.0014134399026576258,0.007413202173077922,0.009957542548192913,0.00030607842920605795,0.010693320775134034,0.0020139929094673253,0.012706427061080466,0.022076013249652478,0.009030954925609331,0.01671335931099353,0.0021299527259925747,0.010221629170797707,0.006485820868846424,0.007117373105762853,-0.05164200075029865,-0.0045455093521581755,0.015139031420789264,0.027675050851676458,0.009711795088585924,-0.005564176230777706,0.05264393635340332,-0.005233649423942841,0.01896605663788398
2022-07-04,0.0009371551232928129,,,,,,,,,,,,,,,,,,,,,,,,,,,,,,,,,,,,,,,
2022-07-05,-0.04453692220868341,,,,,,,,,,,,,,,,,,,,,,,,,,,,,,,,,,,,,,,
2022-07-06,-0.015297434232095066,0.007369652547655156,0.01779301290876507,-0.00835746995021092,-0.0012119536740296366,-0.022131096805450112,,0.006202485374948394,-0.034440465946115675,-0.0005233406521479263,-0.009917949840934226,-0.011325108783260651,-0.000627271980598758,0.01572291160650639,-0.018605112324657492,-0.02852033988341591,-0.006422932122846896,-0.002989467985004745,-0.011642260307997037,0.02337643495648606,-0.014659322523587762,-0.015646800416555594,-0.028618448594780858,-0.0065029504769465235,-0.013129216455357235,-0.008709810738572299,-0.02631729717693929,0.02031073168067912,0.007058828753863842,0.004999687543817826,-0.03390161438730495,-0.03509122998776086,-0.027195717444779895,-0.01689240159240197,-0.012765400111449679,-0.007342929758571184,-0.014066738854000402,-0.024987701881273652,-0.011949405552254608,-0.015075677344678462
2022-07-07,0.03709536444847315,0.00696869098421794,0.028334186715699598,0.028009454001539272,0.009873770439446776,0.028947716934455962,,0.01981904930353078,0.018692184682523982,0.012653056596022132,0.0167601842159046,0.004545408475596652,0.023768624181234394,0.02728598088074433,0.009345861715852777,0.014981575304770903,0.014307087919187039,0.02074137507117,0.016341575065621682,0.04014261280909019,0.02879526023070437,0.00923358281273274,0.010695047147408973,0.02497792087768531,0.004395512403521524,0.020205332353611872,0.015123262430327916,0.021978969571234686,0.017432220203413205,0.02046437737706278,0.018975959612641858,0.012775076124422888,0.03206189050345776,0.010169644423580577,0.022704966615223122,0.006839997199692536,0.014066738854000373,0.05354588173298237,0.016393682802946546,0.015574397895580343
2022-07-08,0.01663157195579067,-0.006968690984218076,0.0006346568036318322,-0.0021996265005942805,-0.0076711810979875955,0.008119152640507646,,0.0015398820324406053,0.018781878246483346,0.0046396021250965855,-0.0023468414165111256,-0.0045454084755965005,0.0014286835276769055,-0.006594552617851894,0.018433626884845983,0.029306232987263536,-0.003934217987458879,0.01888225585730512,-0.007158596682772138,0.0048644564409313,-0.015085402853009182,0.0009187760574475232,0.018967732961603142,-0.003142862466185696,0.01307200819214385,-0.003382617358130412,0.013047662192668494,-0.006230448842984853,0.033978310319204195,0.0018305654482228713,0.0,0.0,0.01923129713814285,0.01340053708510423,-0.01057394662460723,0.010648322444689762,0.012618455277778894,0.0,-0.005930315237796104,0.0014942503934806154
2022-07-11,-0.03793990132443836,-0.015267340121912982,-0.027663411400588943,-0.010434889371631836,-0.012175028649993693,-0.02042287484195332,,-0.009171949714991372,-0.04922301941708822,-0.005673688110409252,-0.01354726258735942,-0.0015198650055464151,-0.006547945248075491,-0.020369789029656228,-0.0348466552882851,-0.04554645221506968,-0.013893372347913305,-0.04562970614580012,-0.011159299576055515,-0.0077271825014713245,-0.005716117924898536,-0.011080401084234352,-0.024300991011137734,-0.013203340179259762,0.004319782270661517,-0.011930376828836395,0.0,-0.026386686051518855,-0.03628515824242997,-0.005093221008080229,-0.030536839134773716,-0.015636348710215082,-0.043802473255181586,-0.0033333577301549793,-0.0052491352341607,-0.01934474886743966,-0.01452506268070099,-0.006276227095530938,0.016955936666775404,-0.009753946890471918
2022-07-12,-0.002941143125111587,0.0011826998213388146,0.0052049834056382025,-0.003183611982579053,-0.002229668260927059,-0.002754883102897097,,-0.004253826873995579,-0.005926542010663998,-0.007441265793971118,-0.0012996886696318348,-0.011472456385939429,-0.005351787973057158,0.014365593134575754,-0.004739421405779696,-0.008855145765749842,0.025420767561529712,0.008995543202329679,-0.0022197899400669754,-0.010680778779427056,-0.0015937236075594114,-0.005586641029581462,-0.015086478675026306,0.0009741820946832694,0.008583766954667234,0.001580970762453998,-0.0037105111895673728,0.012752477369906309,0.021702797218659264,0.0009186927191042224,-0.05989788703454451,-0.023189470309115123,-0.004987592776844407,0.0,-0.005437536924989848,-0.014234578643408248,0.012642451907867931,-0.035241212091073025,-0.009548363549377156,-0.004786323660873828
2022-07-13,-0.022339065591433997,-0.019093570432304995,-0.011093166386923748,-0.016720743743953388,-0.012352632639081948,-0.002762265216947314,,-0.01318718688761354,-0.014739996039666928,-0.0076724126684690995,-0.013751201333086396,-0.011605409299434075,-0.013506847707184766,0.016503369835953866,-0.0023781224049674358,-0.007653109195238737,-0.02236864691552531,-0.01503790943549425,-0.008168990575331766,-0.02450099342276455,0.0006378260636743799,-0.015052079363436189,-0.008724355898845427,-0.009427415553994739,-0.012903549225328633,-0.012721926280497389,-0.0055918035302041855,0.00526591616108983,-0.014798231158116468,-0.006448733946384428,0.0,-0.010316959162228292,-0.010050370548542832,-0.0067001513481833065,-0.023034298811775145,-0.008411574621423898,-0.013915613798977843,-0.03991645274028961,0.0110091672724916,-0.013474111910441698
2022-07-14,-0.05192734456460391,-0.029342045596524754,-0.031325370257845424,-0.023291104183972677,-0.021702790199477563,-0.03805973562574417,,-0.04107650290730361,-0.038794032021389466,-0.04255189756391033,-0.030346046117990282,-0.01806106621472101,-0.05482282970967842,-0.02382005656978259,-0.038839833316263894,-0.018088350453226123,-0.008356314237119957,-0.022989418282660164,-0.029946258074477868,-0.004025461283668338,-0.03272615531185397,-0.02787287828846274,-0.05169669378425107,-0.03556368919790226,-0.030771634747873727,-0.0038751168027178922,-0.04199089187986371,0.0020987220184935443,-0.015020512288359244,-0.06677286284553795,-0.050643859659712326,-0.07058139036627015,-0.0333791784106233,-0.025533250424757317,-0.018215418653085385,-0.031015284184803663,-0.02908117486497443,-0.0775947333092116,-0.03038402317049433,-0.008482292071220773
2022-07-15,-0.002541501452767911,-0.007472037485384436,0.006074904364711108,0.06799668562218683,-0.018648666854794677,0.04082200084269152,,0.01037421954070897,0.012940678532441963,0.01558561964050583,0.12425664448152017,-0.011956956132162327,0.01098895855078459,0.017565173487607166,0.012300278081651687,0.03081114053109666,0.004010139687774062,0.0015492001370968973,0.04268567780960427,0.017040951388168496,0.009506786570579344,-0.00684617412178682,0.008041252420209416,0.04481407160594087,0.008888972364244251,0.044003530075535466,0.003891081062260867,0.016632190051674912,-0.0070094260523709305,0.0003293215183003401,0.012903233751991598,0.03284108019458063,0.012970376884859582,0.01369884494626852,0.0929677554632604,0.014142077958467317,0.029081174864974448,0.0489066818047478,0.015677973628825972,0.05986524121394286
2022-07-18,0.016195598020990142,0.012422557556636836,0.0,0.000310033758840849,0.02898749366276705,0.02452440375031994,,0.014666466175123702,0.02073581125339126,0.016054560898363667,0.001799130022666331,0.02220541323735986,0.017550084999229176,0.0020372487399186834,0.028917677639579586,0.029890121127497983,0.004111689169113974,0.019924100222757802,0.02483620607101554,-0.028683411405847896,0.011677155649371083,0.028061752139655814,0.022625303640783336,-0.010323122697732723,0.021882662383629535,0.010324313574449491,0.0038759024287127125,0.007190698388241366,0.0635856693294115,0.02117467410142733,0.025317819642221455,-0.007721993903078563,0.03295604370728522,0.0016991187706670845,-0.010870385047091436,0.013944792543906138,0.012658456535608294,-0.01643234795426205,0.01980261131226171,0.001457481300202693
2022-07-19,0.015937274548906703,0.008604835700838238,0.0,0.03322964666289195,-0.0011435174259075325,0.039583073016542014,,0.03026206455600164,0.05180622873631761,0.0282643920242452,0.04031859956553696,0.0007840619727818378,0.03627549388864002,0.04079694924559101,0.03958607669406463,0.057226658205618904,0.02053779359094222,0.03577124314680293,0.05423475944377957,0.02478887460927738,0.017897566070108333,0.0009538272060922676,0.054420425875775176,0.024476665778309956,0.021414154735377704,0.03476749524073653,0.022945518561704195,0.04893626591121527,0.048318445008227504,0.028702042502026917,0.056695476136340066,0.0,0.06282257035551586,0.02016879578615986,0.03583423013495649,0.03678670930631612,0.03096223865929541,0.0,0.022263055774468837,0.040676569719462985
2022-07-20,-0.0016439028306554704,-0.001224780874062519,0.0,0.0002998093051668747,0.003426636842131832,-0.010403155974086661,,0.006625138255926076,0.0,0.0008597395863823876,0.006119675572749975,-0.0007840619727818217,0.003721418278008777,-0.007694192309600393,-0.00917437627604127,-0.024634678845132083,0.016855119426761402,-0.002932673026709355,0.010633682922605104,0.007318366491450116,-0.020157463679108572,-0.0038203120261447953,-0.019251888649275326,-0.00017464922518113305,-0.01709437246471621,0.001957828912031209,-0.005687114458077249,-0.010779296371793657,-0.020117200106118113,0.002919041520548469,-0.04016594312877743,0.0,-0.02369777553462716,-0.013400537085104252,-0.005361219556466714,0.002039413106815408,-0.012887568583025248,0.05524990987536377,-0.004270475317777557,-0.004204615234718217
2022-07-21,-0.004948592360693886,0.0,0.04216697017014896,0.008655598631794268,0.0,0.010403155974086808,,0.005043378622290372,0.007500667683827855,0.004800897940696142,0.002665705170357518,-0.008664813054132177,0.0049401968294250035,0.029692557883791694,0.0,0.03271320005684474,0.006753032424210551,0.007315384360246061,0.01571051235310216,0.011564911661404276,0.01252621066328697,-0.008649794736943018,0.012875814843471181,0.0067867044819971455,0.004300985176075865,0.014682247162511741,0.0037950958324359557,0.008828107663800726,0.03261732075248907,0.003533386815032445,0.016260304481857914,0.09742209869352744,0.004784681767383427,0.005046258136498442,0.012612367484099241,0.0009396890128576045,0.028016552254934022,-0.010129510416638137,-0.0014276122948903625,0.013023184286579106
2022-07-22,0.00268344285444772,0.0012247808740624877,0.02987193419689322,-0.006559383350874415,-0.0034266368421319643,-0.01433255612127138,,-0.004011782279103059,-0.021324738295289226,-0.005660637527078628,-0.013014418613755189,0.0,0.0014363986726112809,-0.004420125303872764,-0.018605112324657492,-0.03509143272752135,0.0032474954760858543,-0.023599927122039906,-0.008025244828295875,0.0058177656810052235,-0.013172903972629407,-0.007752064455924192,-0.018289858447867503,-0.004867971063505895,0.004282781778591209,-0.007132256445954557,0.007547160743838241,0.002925578937291351,-0.03261732075248914,-0.006870025962195269,-0.012170485335354744,-0.0729185507096401,-0.021713752386045317,0.0016764990323229812,0.005000741385848381,-0.005337532140880565,-0.007838568000731532,-0.02288434204276548,0.01980251426703305,-0.002544707119780057
2022-07-25,0.012903490195970103,0.007317053876294911,0.06250141059537186,0.008933821241394819,0.009111664310376006,0.032281795734673255,,0.015240817270776886,0.023958546609296034,0.014177365761244032,0.004804253212599603,0.01179708779931201,0.011417235380369572,0.0013279493735085818,0.023202821573287027,0.02003612947708504,0.004684781498548826,0.016284542761793933,0.0005863921727704791,0.00917132963223275,0.029006063405646258,0.01544437935152325,0.03520352033743133,0.004000325079495948,0.01694960366738479,0.0014550282267535295,0.016775667802549635,0.012578578522565028,0.019068447183217718,0.01207468019688256,0.012170485335354713,0.0686902285718078,0.02647571521526775,0.016611699529175322,0.0035151819495863935,0.011113858590418186,0.015616107026602204,0.0,0.012526364633710674,0.007615165317112461
2022-07-26,-0.014347655640675073,-0.0060938456371027695,-0.045120337980635264,-0.020366178354199935,-0.003407039173111127,-0.0335948416954437,,-0.008870855081854133,-0.02261239154975102,-0.0020373872807412877,-0.01467771810528872,-0.003916854451986995,-0.008346274527018614,-0.02372700081566527,-0.016185399399383286,-0.03684312046716594,-0.0012246575170685881,-0.017778111461523055,-0.017334288307819756,-0.009171329632232722,-0.013601361851514955,0.006682604995570178,-0.02440426171473562,-0.015745380858376214,-0.008438998157335844,-0.021551153243306184,-0.0018501053737891811,-0.02236356799458457,-0.0063158572034483175,-0.014177228687648678,-0.016260304481857932,0.0,-0.02647571521526771,-0.008271439883334968,-0.020829679224956096,-0.016796534699548702,-0.11949799148904203,0.0,-0.018848797606402377,-0.013889027249193367
2022-07-27,0.004737112761314217,0.012150781130744269,0.015267343240096612,0.016207000458350933,0.010186903890522559,0.03613283005834561,,0.016959064389668967,0.02829549777039365,0.016016406521970297,0.01831373116316843,0.007039542314614285,0.015416035987064529,0.055655636849744075,0.0343677909278815,0.009638555556446823,0.029315261743136554,0.022173854958620204,0.01862918454747755,0.02260561072553741,0.017364250628437387,0.00474616131554633,0.020202541957777688,0.015918999467459154,0.01680716469468074,0.02106641437243355,0.020165757382509718,0.044238141513605056,0.026056813459724822,0.011880493273895362,0.03226076106452544,0.0,0.0476280817202767,0.016474941999382084,0.028258151639220977,0.017885523404141658,0.029121868651902222,0.045256622626108134,0.055512836774315164,0.018704819019816618
2022-07-28,0.010017305148290637,-0.0036296686478498046,-0.015267343240096737,-0.008070508770013389,0.0,-0.05336333131435258,,0.004120123330287549,0.0026121263225040926,0.007000111264526808,-0.00229490401672389,-0.008610648497350716,0.007620030997817364,0.003848928996996207,0.004494317142531684,0.03302187280628297,0.0027014765905919915,0.0072832278241782185,0.013983481991702865,0.034913029386858835,-0.01768264923782963,-0.004746161315546201,0.007341337591459243,-0.003738214472375975,-0.0041752771761115635,0.014755430412196272,0.0,0.001879562338432684,0.0061537781967133135,0.008844313649197712,-0.028170941918022305,0.0,-0.0023282817158036904,0.001632622816589848,0.01526540993068401,-0.004050976492122963,0.032095192801755136,0.0,-0.0060181221876701016,-0.008962292260236645
2022-07-29,0.01494081160782648,-0.004860439654177764,0.0,0.014598874747302582,-0.0033840482103748687,0.040608198543649526,,0.020918149884560488,0.03250928066352935,0.012215474774375486,0.0034744323447293652,0.0031397478623253106,0.010531481021212418,0.009065233357951978,0.019978608318646868,0.010386813726304395,-0.014784593871069507,0.008670648860401186,0.012920722987782806,0.01153115699805843,0.00031839860939227987,-0.0009518948414447712,0.016580758622976137,0.004779074990551445,0.0207046239850196,0.016143878486323864,0.028624415612162866,0.007483756337823147,0.007132001893348364,0.010101289934950724,0.008130350125862735,0.0028207691781280447,0.034367650428789455,0.04153954097088311,0.015176169963510927,0.014261651679513758,0.025570387428880282,0.027279173361768026,0.0053511642441258335,0.012616096337497286
2022-08-01,-0.006231784207386488,-0.007334870088617088,-0.0006157317692907455,-0.0029623161931395165,-0.0011307965291462458,0.0266006691756423,,-0.018842183359004346,-0.009727289704199704,-0.005263948020349924,0.00038492997131530954,-0.007867931174826334,-0.004358245032847889,0.004642456261009342,-0.004405363849679903,-0.009227339583144464,0.010675563093067584,-0.011577652709907134,-0.0039372497805309605,0.004448764427123688,0.06294489197778239,-0.005730710154125331,-0.010330751891560118,-0.010018705547194098,0.008163229844807322,-0.002494153950098336,0.0,-0.002799982450210295,-0.0010156639608527355,-0.0025672256224244286,-0.012220169272366048,0.011204611685206086,-0.009049866464143052,-0.004705881413803124,-0.009618046544147395,-0.006950667907660129,-0.006176700952175306,0.09833937978540258,0.002664841502092523,-0.0075505031235760505
2022-08-02,-0.002018459341533992,-0.007389218606652672,0.0030741492889390003,-0.020075480378300058,-0.02057199367033135,-0.01765497355340304,,-0.008126689717301855,0.001274116098447466,-0.007948514455151977,-0.022792212018425503,-0.02075093096992888,-0.007372669612889884,-0.004078460837710178,-0.00886938038534892,-0.014002581750913606,0.00021672750959804212,-0.016140975214259924,-0.012728133816420227,-0.01597992142518219,-0.030052355935056518,-0.017391613356472567,-0.008342010816913778,-0.015708146213028695,-0.02469257665371557,-0.006681893180312498,-0.028624415612162862,0.00652085668710125,-0.014329819726119393,-0.007948357132586322,-0.024897557258774967,-0.03688354275855642,-0.01142878268086665,-0.025479248066561665,-0.016335090460983227,-0.0026381806885971562,-0.013096474247520674,-0.09833937978540251,0.0171508964672027,-0.015274514962544656
2022-08-03,0.0266176492202535,-0.0012368999582017418,0.002452460873097234,0.017996882727657648,-0.002312153012171358,0.02636686465416332,,0.012266277836287214,0.027215360359776706,0.010090185803560319,0.016804088307952467,-0.009724434707071475,0.01093986073080563,-0.006645442573018545,0.032861666799903065,0.025523482730470615,0.020692114537470403,0.008836372066861949,0.016005396445169993,0.016138449440724862,0.012251137576912546,-0.0019513910892438393,0.01969999222332442,0.010440769280781404,-0.0041752771761115635,0.018033415388573112,-0.014625586222200832,0.0018552581249692286,0.0051414590095196465,0.019194807614507217,0.0371177265311409,0.0,0.03612137242328423,-0.009724449787185572,0.025671674083839937,0.01511445096051158,0.010615177394710965,0.0,-0.019148780025750954,0.023281179398908173
2022-08-04,-0.01336991051252485,0.014742401118566426,-0.006758848035663081,-0.007159845123087104,0.009216567354279536,-0.008711891100760254,,-0.004949056677971036,0.024884010058895772,0.00016473051024019865,-0.0068048781897479226,0.005684139945459824,-0.0023766528916876932,0.009459925993427824,0.042200423813046374,0.010256360846535438,0.0018021973476608946,0.01744245138927614,-0.003909800810708755,-0.010516428520199881,-0.004270693909680558,0.005842311999970505,-0.024949325729285796,-0.01106353743308549,-0.008403539667706258,0.00363850499725021,-0.03180799016534359,0.0009263399133764311,0.015267254987845267,0.00010161998240764325,0.004040135209491846,0.0,0.026259744850103767,-0.00982010904110985,-0.009763136337714601,-0.011701299261655236,0.02332815257290386,0.0,0.010610140826524523,-0.01899124775210564
2022-08-05,0.0039801435177412555,0.0024359879997314007,-0.014281513368219862,0.016627315631267698,0.005717531882088756,0.011187193895006343,,0.0021240112776032666,0.013605609134994853,-0.001647149409254492,0.0077730050002014885,0.009669681696225008,0.0005947830557567099,-0.015293425363515089,0.0224729208333045,0.010152477086382866,0.004544503185799384,-0.005780411916022048,0.008401893784641703,0.006068434372692774,0.0030526161753244166,0.007736951874084047,0.024949325729285824,0.029811060776613007,-0.0042283478508629655,0.008980003360626265,0.005687114458077323,-0.012109979016507745,0.00804841450264845,-0.0061180381939716704,0.01600045658266757,0.05619461593917972,-0.002162274508217117,0.003284178491917824,0.004681364450872432,-0.0013947429601242998,-0.01590245971531464,0.08359710964622055,0.007229763208324268,0.02288340097269865
2022-08-08,0.017717042219627218,0.006064281529745534,0.011194222689261709,-0.013936480950707339,0.002277988295133064,0.004932096732418235,,0.0038323478435619393,-0.01602586529503234,0.003784120977109447,-0.003684863354617283,0.005597775195085809,0.000396445647559633,0.01978026002729034,0.008048332661936568,0.0022421363238391947,-0.0005272286207956444,-0.004357436325856186,2.990182686798877e-05,0.00413091298130566,0.003953983309074422,0.0028861402413720514,0.008180006866469329,-0.012255375165364228,0.004228347850863022,-0.001161779521654123,0.0037736145012616474,0.007469568572772151,-0.006030148378239127,-0.008938210425435276,0.007905182064252092,0.02429261228744661,-0.004338387117188375,0.001637971330608015,-0.005107851898734453,0.004487255319637482,0.017721285519749417,0.0,-0.005252864090485433,-0.01311131238442918
2022-08-09,0.0038948184643629946,-0.0036342131503450197,-0.016838678926820994,0.012757914003798087,-0.0034188265441342357,0.003683292179264768,,-0.00849114226186913,0.004432863417783443,-0.009238074239060336,0.01197406713557543,-0.0031949191078406575,-0.006359349768331912,-0.016361478652622028,0.0,-0.0022421363238393304,-0.004017274565003736,0.005805768094405025,0.005779703140417819,0.0,0.01536441891905364,0.0009601204689115227,-0.00715383146936671,0.008967269346294712,-0.008474650573582376,0.003828861619119597,-0.015180563123049074,-0.034061830007556804,0.005027656266939749,-0.005588448128713027,0.015625217163703617,0.0,0.004338387117188314,-0.009868481336538058,0.0011371429171850146,-0.008060747494551865,-0.012187832884051602,-0.004962899181249358,-0.0026368156295539028,0.0048505625849154625
2022-08-10,-0.003407127806745824,0.0,0.06394870816043784,0.033341409462942215,-0.0022857985931306543,0.03728639221390958,,0.025853203134222506,0.02893013115342106,0.029233772706321687,0.02089723286875732,-0.0056157386257425276,0.02772199587061461,0.022915364114812747,0.021804691646560445,0.02219847995535454,0.03834031506357545,0.017216936270806685,0.03298920429167383,0.034287158234453045,-0.00479474450374547,-0.0028832489329435806,0.012232602257556784,0.025753207973645987,0.0252114889200872,0.028874785592737505,0.026416710620262445,0.03870224045129246,0.009980045886816653,0.021457549699637334,0.03053683913477369,0.0,0.029853096098750097,0.027711606460092273,0.029953057443863933,0.03140810989945617,0.028409394918202272,-0.010000076473353079,0.03883989327291738,0.02120228338536082
2022-08-11,0.024561655516646234,0.006049680628029146,0.013478144238748142,0.02366971379916062,0.005704625137264945,0.010468730628246164,,0.009059630654487658,0.0007808271931671017,0.0043362555160820476,0.015113758542477802,0.004815361647331847,0.011567409529560911,-0.004597124709769296,0.007812476175947325,0.0032877081356295803,-0.0027558936218849968,0.001421476460688616,0.010777724271478013,-0.004145182471015324,0.006288264810538098,0.005758208635666158,0.010080747959259801,0.014673413434547627,0.0041408039262195145,0.014629778663227679,0.003717315102425195,0.0,-0.0009934637055125624,0.008999808408458002,0.007490674025158737,-0.05511050911521439,0.0041928637676806055,0.004811547452512782,0.013559153051104736,0.0075133087641508865,0.010080033704421993,-0.0101010889859593,-0.011494475461242064,0.020540802051056475
2022-08-12,0.021182330472253402,-0.0012070411702285668,0.017883455755409755,0.010801790618744785,0.0022726718896320095,0.014101233799647696,,0.018454336086276692,0.020475898535038395,0.009093137479160539,0.007012430188581107,0.011146514189136548,0.006876915108295584,0.004319016764192756,0.005819608690135155,0.024852695166128466,0.0002272879128135148,-0.0028449763933645652,0.006067111395224821,0.017839841323923057,0.003278344281819888,-0.0028749597027225,0.007525697170939049,0.01642831289829918,0.008230521380001622,0.016057035078286392,0.01107029785346228,0.02197896858916228,0.006934119246620165,0.009218416373538542,0.011131692755443151,0.0,0.01659794771253263,0.006379647524029275,0.019132918444891026,0.013530644963734961,0.015222697732566102,0.08557193776079003,0.02724276692385459,0.015133551078183453
2022-08-15,-0.014543900686859713,-0.007272707837201115,-0.017883455755409804,-0.0013782044469196192,0.0011343672834789463,-0.005851421145443338,,-0.0055007077209172275,-0.015026278565097518,-0.002066577102503347,-0.005716864346621668,-0.004761759074937511,-0.00821937705764175,-0.01034108850455693,-0.01559492017399299,-0.02375926867291608,-0.012998735906110356,-0.014347478663309187,0.0057206557282079955,-0.006215292978271474,-0.013780811419084294,-0.0019212811411001853,-0.017374040900034374,0.002698389285740705,-0.008230521380001611,0.003919438332595482,-0.005519783906589156,-0.017359887207263055,-0.01893422184631945,-0.007207288998368932,-0.01486996492444257,0.04161499253105353,-0.01869218208466084,-0.0031846563115865726,-0.006291951299464717,-0.002809912311433083,-0.01168913389611992,-0.031237623634461135,-0.03692328134900015,-0.004144022545284206
2022-08-16,0.007532942090376769,0.0,-0.005837775788289525,0.010701132554927011,-0.0011343672834789554,-0.009434144301546009,,0.017458584580296255,-0.003110417792112453,0.011077847072818578,0.002032169959733425,-0.003187281928521072,0.020329239647679957,0.006022071740364223,0.0,0.006535921443459817,-0.026300450224385673,0.01577097859598505,-0.002476234277698808,-0.012547997150936123,0.0075129686239782415,-0.0028886839805023633,0.00411524954224422,0.009508873500988705,-0.01666699196625149,-0.0021755584366364845,-0.003696886500816115,0.008260687275974081,0.0169578366902812,0.011586187670102091,0.007462621689684788,0.02017555084802741,0.0,-0.006400142636699613,0.0002682278211050837,0.02066768155794064,0.001762204292474086,0.0,-0.020970629250714887,0.006752882228019986
2022-08-17,-0.017069442292713406,-0.0048780732935430745,-0.008230455116468036,-0.006297339021015528,-0.0022726718896321618,-0.017932170575152267,,-0.008020042981066785,-0.011751022473181716,-0.00473266144365689,-0.007782229891157287,-0.005602255548669898,-0.0030136807854645124,-0.01917171602418788,-0.017839853796897554,-0.024176936904773186,-0.0038760728974845033,-0.01577097859598515,-0.0034708130873861284,-0.005094576720123693,-0.010837030502169855,-0.0038649598195144293,-0.02705691709316591,-0.008447817765654448,0.008368166537344979,-0.005132067054209742,0.0,-0.007339572558291698,-0.008941746373589594,-0.006975660910374788,-0.01876233484367159,-0.07175499926129589,-0.012658469522614485,-0.003215376717256406,-0.007006109995732737,-0.007718620834132508,-0.014780086120105975,-0.040221186411384266,0.01707198294968493,0.0017353752960073676
2022-08-18,-0.009389775005763877,-0.011063415866553112,-0.01307220270523241,-0.0035765963827486956,-0.011441838935802784,-0.009696961906401505,,0.00525860196413091,-0.019495304725586218,0.0,-0.003913740624946494,-0.007249341300330331,-0.000754841442804124,0.02168174814098747,-0.018164034959104697,-0.0033427163747302736,0.008379396677073736,-0.016023693240995864,0.0022024977766247895,0.00015483601427714267,-0.005538493695333093,-0.007774428107776643,-0.005287926843697178,-0.007779474277818495,-0.01257881684381783,0.0041514438895126895,-0.0018536274460570902,0.004593515701384813,-0.024243724493386833,0.002097881633866308,-0.0037950206778587198,0.037899379809824066,-0.017130981463470994,-0.0016117354287838639,0.0032396716808975037,0.00014613047413068815,0.002973519701963547,-0.024317173461994093,0.012293916281136966,0.0
2022-08-19,-0.020871772818669396,-0.0049566547751580415,-0.03639207842984273,-0.02229730399583222,0.0,-0.03343974625430567,,-0.017313349807066548,-0.03724597122272055,-0.011450482680793923,-0.01770960259628489,0.0008081381989687921,-0.014643130008621837,-0.021906403307840643,-0.031026138413034993,-0.049180802325078224,-0.019334395304544415,-0.007369007742490626,-0.014919423794739933,-0.02459596799086456,-0.018686243999260044,-0.001953296912944475,-0.029050037093383104,-0.025056574473977817,-0.029980806726548778,-0.018928780714880442,-0.018727077100900304,-0.026940771159878956,-0.012345860883718458,-0.009122369495651457,-0.042724906387043154,-0.06252038691367029,-0.03516852068021667,-0.01462240900576952,-0.026493330197983472,-0.016358843382905962,-0.03381964917109477,0.0,-0.05146245610019738,-0.017270049469638213
2022-08-22,-0.02692576021372992,0.0024813984377553343,-0.02403663403356681,-0.021653324020062818,-0.0023040207614550092,-0.019072441802847187,,-0.018013111371253897,-0.03436184825925482,-0.010936265771397075,-0.026190543090329504,0.0024203032577516347,-0.018952399666950403,-0.014049621294480542,-0.03854866480566078,-0.016548714416279142,0.014723544371221878,-0.04076050979727728,-0.019807337091650074,-0.014699102968757803,-0.0028333568179885736,0.0009771253775001446,-0.03555925055516708,-0.016659808894550647,0.004338304140308131,-0.017370267771950235,-0.007590220076039034,-0.014224976495291437,-0.0347585496020961,-0.01522102003286792,-0.020040591792159498,0.0360011371259238,-0.04110159787695113,-0.008216984206842201,-0.019282353659127935,-0.023300578821691217,-0.026137145109333182,-0.04725290660465801,0.0006766406870041786,-0.020945595045381907
2022-08-23,0.007885418153328539,-0.006215041507578906,0.007017593131067891,-0.0089688552079432,-0.006944654401486744,0.00894579125778478,,0.00039516099270613857,0.006453026309637645,-0.04548855890439972,-0.005870961909097085,-0.00890336556438576,0.0038968510791903767,-0.007990430032337804,0.006528718420823751,-0.008378395218038515,0.008347791082131113,0.010728065123649965,-0.00656318040611587,0.0011260548487884445,-0.00982101513396774,-0.009813582615818226,0.01682590791402378,-0.009905798601192322,0.0,-0.0018106688672407934,0.0038023114508330957,-0.004787129323369348,0.008537886643918656,-0.0028671466838771473,0.004040135209491846,0.0,0.0046511551254820324,0.0032948343843162502,-0.001553263487363989,0.007122896048069864,0.0,0.02127738162144938,0.008086310313023228,-0.0009010654708366143
2022-08-24,0.00020680442888937355,0.007453397886779915,0.022628315602420703,0.0031918131640030615,-0.006992933709442272,-0.006381674435848634,,-0.015724889352333283,-0.0008579740043285818,-0.021035471701126948,0.0011767989217677931,-0.006525265164844206,-0.018251648653934017,0.004151082810863992,-0.004347762858289319,-0.0012025719361611266,0.007009407749752095,0.0015232425529381629,0.005160455581760534,0.010395939066704243,-0.017989470176062086,-0.007920741141250789,0.004439405532725445,0.0024208977862315074,0.012903549225328579,0.0033919523795525493,0.0018958899995646624,-0.0009600289128566711,0.008465675975752776,-0.026075247632024585,-0.004040135209491946,0.0,0.004629621996763116,0.00819014733777705,-0.003397078566043414,-0.005603194958316062,-0.007595021714248959,0.0,0.002011524638027965,0.006066659052588901
2022-08-25,0.0026828119422560048,0.014742401118566426,-0.00124391081160163,0.01780115891467434,0.016241608872384006,0.020279493181680555,,0.005402103222539372,0.010247725842475908,0.0121962860681409,0.02037556713914223,0.012200189272509614,0.0013853299138718582,0.017307659242998402,0.0,0.01196183818405328,0.008640576913633232,0.00455575766589147,0.013218660662343453,-0.0015924113916016306,0.010319278590402272,0.016757198379568804,0.0011069434702760208,0.023470337137848834,0.0,0.014677505581056887,0.009425060979930237,0.018087150576320227,0.008394609510825032,0.02422782067696282,-0.004056967707794184,-0.06274874756527694,0.006904554791138063,0.011354411490518412,0.0160342315463761,0.011475283743111707,0.020126438679055045,-0.025587853159357986,0.003343385017454673,0.016661603715013434
2022-08-26,-0.01998395048798252,-0.0036652935330036373,-0.020113698755317298,-0.032097734829980094,-0.001151417340938419,-0.03446412916693906,,-0.01761390814648188,-0.03501550258635471,-0.02087522994244031,-0.04478375315900774,-0.0024281392014399218,-0.01594937511993598,-0.02726971704712421,-0.026491685524790417,-0.036323722574252426,-0.023138211652351155,-0.022989418282660164,-0.02955307346806661,-0.028284680489473038,-0.009995256279049805,0.0,-0.04063774925214831,-0.03327659539099878,-0.017241853365636668,-0.03508747128092866,-0.017029805777208355,-0.016167576929654037,-0.016860285486577736,-0.015425605199095974,-0.03727146498236379,0.0,-0.03500941670258835,-0.021190536423155465,-0.03608366808666202,-0.0001502138604731049,-0.025860784548475565,-0.017429560363266823,-0.002673829527163708,-0.031784238469432326
2022-08-29,0.005242700018089377,-0.0036787025999357437,-0.010852294343471243,-0.003827527675280419,-0.001152603420516579,0.0,,-0.00407021521392008,0.013546191303485696,-0.004018048503878735,-0.00827036118198917,0.0,-0.009490185682527939,-0.010817497622534556,0.013333601875462217,0.015902553596376347,0.002787916410410878,0.0,-0.007399225314842892,-0.004930203384381645,0.009032233733454173,-0.0048994599035308666,0.0023015752180573982,-0.0024447102178413033,-0.004357317357913087,-0.016961578643058042,0.0,-0.010602665383760482,-0.009610257554723835,0.003333052996359536,0.02500153667572862,0.0,0.023475239914687227,0.0,-0.0059481802869924645,-0.006024094941173656,0.019614705489027235,0.015267398828880844,0.0,-0.0011377612830423215
2022-08-30,0.008746392902085561,-0.009876653172154807,-0.005148099835581596,0.005589149889392446,-0.005783881319719702,0.012903469031241328,,-0.03211687820984623,0.011221585440393162,-0.017124341351419412,-0.005891359471389893,-0.015516833860635355,-0.018427879205126774,-0.009409641425781844,0.004405363849679964,0.02042116897787627,-0.0009641897501079663,0.00772191309411819,-0.0008688854328137482,0.010488452992395004,-0.007089903860380595,-0.007889495414470456,0.018223545501085743,0.0001748047567951903,0.0043573173579130875,-0.010837695265966207,-0.005741536992194861,0.0,-0.005379242156232264,-0.022503643673298355,0.012269928306635314,-0.004528157319184248,0.009237846158297973,0.004930156086777992,0.005224921733057533,-0.014607637017140575,-0.0006267723610018465,0.0,-0.04658372063911169,0.004996628435382011
2022-08-31,-0.007492224248092613,0.004950520071252382,0.009630880010093532,-0.014180392137468805,0.00578388131971976,-0.0012829498679187627,,-0.0292725746504251,-0.0034393790917499074,-0.015612737737900074,-0.0055162749262986635,0.014705974259761487,-0.022571424748963165,0.010768317572282454,0.0,-0.011961838184053187,-0.002683290753468001,0.015267505188541827,0.00463963097835263,-0.004738917937801513,-0.0029149512734538813,0.001978352739413442,-0.009070193296264533,-0.00596108863744087,-0.004357317357913087,0.009313506403157161,-0.011583120575302624,0.010602665383760545,0.0021550729652058454,-0.010584249304212676,-0.0205344395539751,0.0672769048844612,0.006872919092826111,-0.008230510005929958,-0.01062384346047288,-0.013891157385522114,-0.006289291034422757,0.09884582662886085,0.06054197224432611,-0.009789719604914
2022-09-01,-0.012824674029621874,0.0036968355490933726,-0.005767360293591373,0.0023929951824276227,0.005750339520036019,-0.02337759265064152,,-0.0006507553902818839,0.0008609287105524797,-0.018804957571498193,-0.0012300519457799483,-0.004877900071508525,-0.013191945820357551,-0.008788063224113093,-0.013274744235028812,-0.013325549180908282,-0.0003223208891235043,-0.013730113595170132,0.002492283253166712,0.011724632539643376,-0.014703832146739258,-0.0019783527394134338,-0.018391262855300485,0.0068349479950924625,-0.008771899097444148,0.011085894164330541,-0.011718863115247263,-0.0028807440267490988,-0.020663915248027825,-0.004200776234406231,-0.012526319269371622,0.0,0.00455586358804037,-0.0033112823327288285,0.0035053007467807937,-0.0009331689187495306,-0.02815287181097924,-0.07109581193511694,-0.06899282536644842,-0.00022853295482245226
2022-09-02,0.036767991569870644,-0.017370216890048848,-0.003863519716502167,-0.0011957817881417603,-0.011534220839755688,0.014351121636480085,,0.005625154795191212,-0.007341835871628168,0.001657399187045112,0.0018443768291431508,-0.008183424510401199,0.006617629472265998,0.0030392609431647054,-0.006703864083617986,0.008500551608113582,-0.008529050198695633,0.007651113376340483,-0.006075762616029588,0.0033939359624483413,0.006888696749467977,-0.0169750302172542,-0.0023228218091005293,-0.007010945830647691,0.0,0.0026655447127962423,-0.0019667295944682975,0.0009611703800829348,0.0,0.010628939913104743,-0.012685220495387969,-0.002832987738300927,0.0,-0.0016598036314540796,-0.013356067960927434,0.012215093480731224,0.007112836465258405,0.07109581193511691,0.0,-0.0073497648163145385
2022-09-05,-0.014793764778811634,,,,,,,,,,,,,,,,,,,,,,,,,,,,,,,,,,,,,,,
2022-09-06,-0.004772373912223867,,,,,,,,,,,,,,,,,,,,,,,,,,,,,,,,,,,,,,,
2022-09-07,-0.003124515140261333,0.0037806961691583345,-0.015625418100433858,0.015308548225985534,0.005851282444852711,-0.015444259280665392,,0.010314382423222971,0.029762916140919436,0.005009687547610501,0.008466857870388702,0.009163149431729335,0.010444654321517003,-0.006677550882792898,0.020022988157622313,0.0060569737323333695,0.007483144662070419,0.022919161200998784,0.012388699750602233,0.02108021198844758,-0.012430696580672237,0.008113664812142776,0.010459174945339593,0.018812754516363855,-0.013363152134389412,0.020118215835302163,-0.014098967415167644,-0.01680729802632381,0.011834429642453891,0.013963913943659676,0.004210706159016976,-0.03536110645948071,0.02247290164951153,-0.01189473509516678,0.024384400285319525,0.014895561659333797,0.00510851050646713,0.005277173967476504,0.0,0.02214105301072636
2022-09-08,0.03162482977855521,-0.015209310754300973,0.012390221026472177,0.03166514743757526,-0.003506745384844492,0.016720590009473475,,0.02559335619733072,0.006776805231964259,0.025942444841056133,0.025780215815621912,-0.012515970343601485,0.018904085331191433,0.004043058703366711,-0.004415018209116831,0.05062900995348097,0.015332958383940581,0.010518593852413478,0.014476309899721818,0.017544358986010408,0.006234663443162554,-0.010152206484744308,0.02736790894649083,0.023028769546220178,0.030907510377710865,0.01802681132484649,0.02206718948626845,0.0,0.001068932109532338,0.015440738264114202,0.020790830516711573,0.0,0.013245241212373644,0.033616570421897786,0.03272505478420463,0.014069580024990765,0.02577954611806591,0.08085209137023582,0.004246210407066929,0.031213814731345435
2022-09-09,0.020111608056536365,0.012690409917402674,0.029376301452784134,0.008334468987496315,0.008163287328539966,0.02145203256122381,,0.029667010394599697,0.03769352708079454,0.01556778899009611,0.015313089158325525,0.019950860328142552,0.019574037606653476,0.024071566906613575,0.03692065719766582,0.02829828207748371,0.015415974466992798,0.023634599768645834,0.013975077980026188,0.0007760299108631614,0.010737148841115192,0.01719815878011013,0.03101009969822548,0.004794458008789889,0.004338304140308131,0.011467047223130654,0.009871763693589424,0.028503370234085088,0.03568076773305146,0.021652438273314825,0.048202002763581685,0.1137757120168041,0.03871437945655611,0.01476644055512189,0.012960507249556826,0.025932807451285626,0.027549854149228937,0.013500567265864684,0.0,0.0022087117975301994
2022-09-12,0.0268768212613412,-0.0012617953322601203,0.017467682498956836,0.009400300067304083,0.008097257822003318,0.0295223837976563,,0.012594195751537432,0.037499372077798736,0.006371895276475172,0.003939265232320682,0.0016446496778516832,0.01398070183837544,0.006492964225936561,0.03560585305519902,0.03831904488510366,0.009074218526989032,0.04286388737912883,0.007265686580922039,0.01310241604264431,0.01827836244522822,0.001002471659002324,0.05412452639485202,0.011762451563652337,0.0,0.007683326983768992,-0.003937038748396279,0.0019360776616901883,0.02544650211681399,0.012870825766885193,0.034685412107908965,0.0,0.022941606296332018,-0.004897959218584027,0.01616962008022287,0.014542883755608013,0.01913950644806802,0.05225076084239127,0.03810640425690088,0.004402381160850646
2022-09-13,-0.004833215467533256,-0.008877585171384,-0.02949705268337563,-0.03667218040478538,-0.02685502929821052,-0.03452881284446286,,-0.03544122350366554,-0.024976685492327226,-0.03537488161193332,-0.03745311531702827,-0.020756276359453717,-0.031683781657684276,-0.032584050262847726,-0.0228938860504548,-0.03608934625545701,-0.02459623199117426,-0.02406346163143415,-0.04230327333018947,-0.0007660467685120558,-0.03196404694908838,-0.025369310075616047,-0.02193283668225926,-0.035366830968453174,-0.030771634747873727,-0.034992315294073394,-0.030032334641686188,-0.02944283815794859,-0.0410312799221291,-0.02994764233346406,-0.0386147450006499,-0.061934920013699164,-0.025053416202879257,-0.028217610795925063,-0.028159016809557978,-0.035627947493452425,-0.002372453407479893,0.0,-0.014378864892834952,-0.05206802511789384
2022-09-14,-0.0019399074497389074,-0.0076726948955349065,-0.014757967148291938,-0.0038309999361563467,0.00942290272425882,-0.003771168200769437,,0.00843473573216129,0.006801555575458973,-0.003479010737487178,-0.011700815278827019,-0.0016792765818458128,0.001037858037392299,-0.0034268490228228175,0.006295928456814831,-0.0011141376796284393,0.00668162959974753,-0.014430200933425502,-0.0034467197051878955,0.038631249167129365,-0.004933331140610033,0.0010273115128098238,0.011548483065940631,-0.0023224635367243723,0.022076013249652478,0.0014922701132524718,0.018127353532789738,-0.010010160669674546,0.00730314116735402,0.0004148556206557425,0.003929332892740799,0.0989508302076109,0.01051530753884109,0.013378043495204066,-0.010172385368643662,0.00557603893625755,-0.009546630366068773,-0.00455591764320318,-0.027973749771132747,0.0013870787153653621
2022-09-15,0.03622900986968775,0.0,0.028045035181674383,0.018719570479309618,-0.007058894017187349,0.0100252641320683,,0.0020713695682545038,0.005566440287685783,-0.011066332360023582,0.00020645389001487267,-0.008438734185082116,0.005998614848705646,-0.008461263953920032,-0.0041927431099704395,0.023141412630129733,-0.0032823362590875763,0.04128680429805934,0.013234644733533614,-0.012911130820996588,0.011147844304982852,-0.003084728572660607,0.0288086984364923,0.01495812432016964,0.0,0.012312001348775943,-0.001997965907397563,0.006018317646004812,0.0,0.0025894721949079273,0.03089039143005024,0.0,0.006256516101744136,-0.0016624797295575647,0.0,-0.00045084764081769957,0.008952620708331693,-0.024030715985986998,0.0,0.01967593522152124
2022-09-16,-0.00563400119235836,0.007672694895534902,-0.00883832589853242,-0.011365346347095028,0.0023585054498155796,-0.012547277607091184,,-0.01144753891512505,-0.013573019569676012,-0.005392637660246929,-0.006835675406047084,0.007598089456136464,-0.016006989192798225,-0.006631041101555896,-0.021232286230696673,-0.009852281318795704,0.00897460388201844,-0.029726070207830402,-0.01644844211865582,-0.030790429558675666,-0.006870584719074585,0.014315114306988962,-0.006103686917548133,-0.006724898106790145,0.025863473510879403,-0.009448502662413568,0.009950346707143525,0.00498746051932307,-0.03168166296503495,-0.014168197620166256,0.0,-0.13218633833615492,-0.01044937986942485,0.008285062823436377,-0.018375078865181797,-0.004520771151921627,-0.024054123283075914,-0.027502900992714664,0.0007087817010779335,-0.004541521384229405
2022-09-19,0.002351379049097915,-0.0063897782248249265,0.015104149021815328,0.016567890521631528,0.001177170043939867,0.005037818837551646,,0.008338456590923695,-0.0016088642328578213,0.007245795365548033,0.0026982962779350038,0.006705972338960102,0.0135292442111648,0.01556038215655152,0.004282592766857841,0.006579039574691468,0.004299836229405428,-0.005763753970624993,0.007482517678249756,0.017559064255882682,0.0026227545087077935,0.0070812834823937,0.00508896925607662,0.009182176472353601,0.008474650573582432,0.014646858353134156,0.003952600309150498,0.004962821866671211,-0.012959240308160747,0.009917998653579915,-0.0038094777420788683,0.10628163957234193,0.0020986293955524075,0.004938354193137964,0.010924475155810007,0.0069234603389385545,0.0006084668739003242,0.009569553638821936,0.022425613587195855,0.008610942080374101
2022-09-20,-0.028103687554920563,-0.0012829166707099056,-0.005009410672415296,-0.015103525926402942,-0.00353567549375561,-0.016466571404984698,,-0.020978261122629287,-0.030243442187158135,-0.015296027690655661,-0.020735972995901287,-0.004186051028168728,-0.02533377102300049,0.003736023281690017,-0.02817073557893581,-0.029952273295788197,-0.010837872616657066,0.0028861224726517963,-0.016566780315140268,-0.010498433782642643,-0.0049236954057516845,-0.0162604572671898,-0.014315110366715532,-0.019916122088312924,-0.008474650573582376,-0.017395552177071543,-0.011904981108896486,0.0029658463456538045,0.012959240308160827,-0.010652955911158916,-0.015385029417008703,0.0,-0.03195172549430263,-0.006589851322833878,-0.027465370021756693,-0.014656246809709677,-0.018416812906966715,0.0,-0.023134395288273782,-0.020746167778496475
2022-09-21,-0.013129348820677022,-0.0038584981090853147,-0.024786864238930985,-0.03030526069726699,0.0035356754937556647,-0.03906745078344548,,-0.015381589418511414,-0.03418779205275693,-0.018592815988952963,-0.019662810409257096,-0.002519921310791364,-0.016031029959743197,-0.02326416408222643,-0.03125268489186487,-0.03203935543959185,-0.008073465069085442,-0.020379241562611315,-0.007919934082353974,-0.023836360379297632,-0.03108022894198784,-0.0030785234623420124,-0.02397219136957108,-0.02925909432117355,-0.017167852012658236,-0.009564909556338298,-0.001997965907397563,-0.02904570872724765,-0.010787506963233542,-0.019615525186220426,-0.03149857147518536,-0.10628163957234195,-0.03524581957381587,-0.011637736372641157,-0.0172622793495873,-0.02668451907051318,-0.01498151779839515,0.0,0.020358595693204817,-0.026612010062201503
2022-09-22,-0.006383523239609886,-0.0012895339286101844,0.0006433229931356114,-0.0198025905866853,-0.005899684200827124,0.0,,-0.010496064350354538,0.02124138407607422,-0.007689461466270374,-0.01632048611706003,-0.005059078015899729,-0.007352994543560703,-0.004463051712045391,0.013513719166722855,0.030912542579663096,-0.00149408547180524,0.018937268048610498,-0.024589241029258264,-0.04354090266707296,-0.00817997556940449,-0.005151943083393111,0.0021078048986211827,-0.011443963205396496,0.012903549225328579,-0.018582990981093683,-0.004008047924296538,0.0,0.024639560937798264,-0.007631672388673623,0.007968172247229822,0.0,0.03307909792618966,0.006666650408458308,-0.02525319894886253,-0.0014079040737287518,-0.025479068897596425,0.05556980994725302,0.0,-0.01790238655313794
2022-09-23,-0.05051587963115588,-0.006472573641893308,-0.022765102380545455,-0.023977472896133195,0.0035438845629830137,-0.06162114357912184,,-0.02801884613623931,-0.04470031261148356,-0.017127579170086997,-0.02938785333673482,0.0008450115045369154,-0.02795407301164218,-0.037930795234824406,-0.03877331112196865,-0.06161161429039774,-0.01430837533429117,-0.06098547521298094,-0.03562029742632099,-0.03581016451656012,-0.03695081316024324,0.00206403900493218,-0.06075646072903441,-0.018788899089580643,-0.025975557417472424,-0.03921603512495969,-0.02645120908365668,-0.02677803913515098,-0.04214558268950278,-0.02071391129007311,-0.04049148749987795,-0.0487903989902646,-0.05805212111754461,-0.03895491940039208,-0.037781291566812245,-0.02858245707216785,-0.03880785864437098,-0.055569809947252996,-0.04549470803410808,-0.027098005615128117
2022-09-26,-0.015245072224842839,-0.013072122116219081,-0.009917499958044218,-0.022308178278655555,-0.013056496823646326,-0.025752626159489974,,-0.004372247429798735,-0.02042699309993862,-0.038420006628502076,-0.029113923824248624,-0.009333997468361612,-0.004698307033568216,0.009413082434879018,-0.02115244980921878,-0.026733056462853736,-0.0065223410740974175,-0.017015049787395813,-0.02464121872970782,-0.009028377600322131,-0.04058525065760852,-0.016632460522591756,-0.028362498437280663,-0.021767080950317794,-0.01769962655572993,-0.021703806261399585,-0.03141624891768443,-0.011548617274888142,-0.03253228639624997,-0.006409405377320754,-0.03361662621443152,-0.0032308282656148216,-0.03271308607298511,0.0,-0.016159894647249675,-0.0038735307254377524,-0.01964168626553759,-0.01438883688773114,-0.010968913343869763,-0.009947953687775181
2022-09-27,-0.013559330459508382,-0.010581980726705164,-0.007335832557854855,-0.014935406856185073,-0.015653558597738353,-0.02643307085548926,,-0.012436662560336108,-0.030519356501936313,-0.007782385475281287,-0.00934807606342235,-0.02067243338767499,-0.008126479677977161,-0.02513240927221533,-0.026475595531060863,-0.04922125840655782,-0.0025116429822392957,-0.012559141538182151,-0.011058032934563325,-0.023897214611322225,-0.013403072810028088,-0.01904818388711144,-0.024462661525372062,-0.008841364992511485,-0.00896858160296557,-0.003516264287734101,-0.006403319398038159,-0.011683669237363211,-0.00228314740637395,-0.007008876949957448,-0.012903233751991644,0.08228064277460402,0.002372407041408109,-0.006932481055105012,-0.02147157916059905,-0.006163954260877634,-0.0006842390182731097,0.036988651769445546,-0.015561609470406839,0.0004996764266606108
2022-09-28,-0.03937461491190414,-0.005333443326599016,0.02707336437451701,0.016223616197226273,-0.010982406368295406,-0.008968714391455341,,0.028044501447503475,-0.00882694745371904,0.011853996008240945,0.018840207574594904,-0.003487501127186998,0.02623996358442536,0.028250515607823205,0.0024359763449138968,-0.009096950167770393,0.005886786035001584,0.009434112555240074,0.03178409068858046,0.010113478252308648,-0.0037550461686344447,-0.005356013766470392,-0.010669762336995965,0.020015574304226166,0.022272695755173797,0.024729077162469453,0.010649638700551604,0.025317877918975832,-0.00458191858745894,0.021755575833837262,0.021414042963089838,-0.14401842650955604,-0.014320070992621987,0.001737761604102507,0.03132531428936089,0.019815637307828544,0.028341909836919633,-0.10805401403451033,0.030160399770302333,0.01929803747649832
2022-09-29,-0.005562244461220843,-0.0161728269739002,-0.013115000312630593,-0.013283959646967419,-0.012345756513342191,-0.027398944744097906,,-0.02124186561519103,-0.02791761966592577,-0.019904377637990307,-0.023547014987115648,-0.023863200655315872,-0.014392091755360832,-0.007565843592908099,-0.03465693380904415,-0.026456512151677502,0.0027138737365307625,-0.028573410456981575,-0.01568145939576235,-0.0138006668164358,-0.020909404698499542,-0.02061950183652259,0.0,-0.017091166780377063,-0.017778293922353524,-0.019959545034023515,-0.02792880116264244,-0.010471368521712312,-0.027941262119951783,-0.007676273727543307,-0.021414042963089835,0.079380570180127,-0.04674895677961132,-0.017513693230268454,-0.02417073592602698,-0.011551724365356111,-0.02424348090303722,0.07106536226506481,-0.039162815799305285,-0.007625134197041494
2022-09-30,0.02902564481501752,0.0175087960266066,-0.023373397465013733,-0.015116946887509029,0.009888738407991069,-0.012422496952952488,,-0.009764754834582402,0.013346277991135,-0.014193439447930964,-0.017131280097340815,0.02822059894528044,-0.008872743639626424,-0.03785465106393084,0.007528346835082803,-0.008075425338704778,0.004002760032976912,0.0016090244905421092,-0.010387708099419262,0.02724208789741746,0.0015354404033277166,0.027043284514490437,0.01302562623241912,-0.015760392632981544,-0.009009094543142384,-0.010700875916649234,-0.01980248339285125,-0.007395642235161516,0.009400792686417274,-0.008845870233114114,0.004319486040623674,0.06015681138911524,-0.0025220608681906474,-0.028675803198122837,-0.004593996934467408,-0.010381097284563413,-0.010966546549537897,0.0,-0.02132608114902601,-0.006937397262667942
2022-10-03,-0.013308675673260257,-0.008042964055182495,0.02469264157497411,0.02904438943272489,-0.004932145860386268,0.03228557338524589,,0.031117360278798564,0.015504036885409847,0.026449029478014606,0.021133579811634284,-0.009611288920500699,0.031713085418508355,0.030064695983674176,0.0246926106290473,0.017415125616626562,0.010631946365987664,-0.003220746085832758,0.020601659224284162,-0.0015417337294180956,0.008403458558806483,-0.012889493552547851,0.024405658658596088,0.030441073878337,0.0,0.017190901127197674,0.013245093605015953,0.009498718236351244,0.016241501610187507,0.02164342574372401,0.04220037392579946,0.0,0.034742966383748235,0.019802707737839848,0.037125059570796745,0.03272129673560495,0.01911321081806724,-0.004842510237441986,0.03554256290894058,0.03325470827149716
2022-10-04,0.02494445902249495,0.01998744344886685,0.04574077815358712,0.04065479089360819,0.014724128431557132,0.051595838424422974,,0.025121433777173702,0.05752098661457428,0.03233349601915484,0.04254960654721993,0.01308354533215492,0.02037956111084163,0.03514863792807976,0.05458048985116915,0.07789509394257324,0.011893635447757475,0.017586432780659033,0.051214919833392214,0.035369194975203425,0.05368676973727934,0.012889493552547761,0.08682009813766779,0.04572224497901243,0.026787388465496026,0.04369438308141808,0.025975551118713292,0.03407658361776368,0.04500220378667036,0.03418762101295839,0.08701141456477983,-0.06493770106919539,0.0522684453009231,0.03330718830929283,0.03884880747307602,0.027087615212251722,0.06415812744507692,0.0,0.04290014837705741,0.0460608778759779
2022-10-05,-0.015544476923440827,0.014407667055195162,0.006903090097839199,-0.014308171323699256,0.020495037474781402,-0.02620226468121863,,-0.011281390324564773,-0.03812974291452142,-0.01562697806448237,-0.012917899597517758,0.024819265777067816,-0.02104405967522314,0.011499977679368431,-0.03048301672507588,-0.03882771274526598,-0.009332876920072673,-0.03057342512044172,-0.018818637503628974,-0.00880915404429023,-0.02666833813958894,0.029444894570790824,-0.03972633181411928,-0.012423713576070841,-0.026787388465495984,-0.010294342649525457,-0.019418161330877884,0.004052740116378324,-0.027888066076598845,-0.011089497860300595,-0.042559470653017385,0.058931645231464665,-0.02342032304424725,-0.013889288086801283,-0.0027471210882668556,-0.01314079265325191,-0.026993858954253182,0.047402097035227256,0.019034664197634214,-0.00529634624189744
2022-10-06,-0.005891940441524002,-0.00783304129631826,-0.024692695085000695,-0.014515937172485232,-0.005984419905453698,-0.03910267097973866,,-0.039381942857923576,-0.028288573572874336,-0.028211593769365956,-0.017952024767358188,-0.006785392807920249,-0.038848587219563996,-0.019240558273169082,-0.02409747312609344,-0.01674212326483085,0.002447541582041265,0.0016325620109566867,-0.014112033661575272,-0.00855067394172256,-0.023221949211873292,-0.008324740117993246,-0.028890955423522446,-0.02059274493989396,0.004514692710322068,-0.021896268976206022,-0.0153678572954147,-0.020429737194103147,-0.020572230972625213,-0.03865166465487801,-0.019960912994551945,0.014948001730476777,-0.02398194919799781,-0.007017441784790417,-0.02272297323724945,-0.047093785663649544,-0.03919475703547219,-0.019635853939025373,-0.01903466419763416,-0.02501609581470076
2022-10-07,0.0026229269233052585,-0.007894721805525782,-0.014202990739941163,-0.0228268117218782,-0.007228915242413637,-0.0138999897577696,,-0.02656112590441371,-0.00471473119520318,-0.007391147809794427,-0.020411255243529162,-0.012848097366027938,-0.02000525628326607,-0.01846317521002158,-0.00980407854958797,-0.0039037539363090115,-0.019643006508690775,-0.01479075819754183,-0.011853367653861947,-0.0332109269824337,-0.009136020769267518,-0.011560743717363323,-0.01590956359381205,-0.02017643933124365,0.0,-0.0297078858673224,-0.013363315681946776,-0.016649854135541528,-0.011614442186862268,-0.028325537039041664,-0.012170485335354744,0.0,0.009661878205375776,-0.01061963668537237,-0.02935119914334899,-0.014274047225544186,-0.006798154376257346,0.019635853939025415,-0.011453372597154758,-0.010710730546605238
2022-10-10,-0.01495511845968769,-0.01329810865366938,-0.014407548259225385,-0.002931313220761072,-0.008500478704391681,-0.01251961708440398,,-0.004905751906114664,0.0033026781373452687,-0.005526201796300895,-0.014083111811131551,-0.008658032014773864,-0.007310475246641902,-0.015957698377288932,-0.0024660130736712405,0.01037621918496517,0.0007585267827515892,-0.0033167809917572346,-0.0017949151645227375,0.0026076178351675354,-0.015802971352195733,-0.009559410735434185,-0.01616635948316007,-0.009385133360684892,-0.0045146927103220805,-0.006609647177333542,-0.01354431537399346,-0.01906812593549351,-0.005858315681766099,-0.003868254309198971,-0.012320545581855675,-0.12131300408768098,0.011947663951214077,-0.005352276664695825,-0.007920303776743605,-0.012447518170474157,-0.01720025678536826,-0.02817074991005429,-0.02922047179839016,-0.008168896445915431
2022-10-11,-0.017434690431589222,-0.009415068938659784,-0.008612257754961123,-0.029457580768325248,-0.007343867321439882,-0.03689289957298724,,-0.025377989311426315,-0.036943505512378044,-0.010713661648947338,-0.02803334034688204,-0.015776103433225983,-0.0398364652030088,-0.012816332465948172,-0.025001381626939493,-0.04082196842310341,-0.002820496606661404,0.0033167809917571335,-0.021287122451072095,-0.0198130420180434,-0.02517839531620627,-0.011808967746481965,-0.019988991725495488,-0.02928455611502626,0.017937749450872648,-0.018145901237052092,0.0022702204831724425,-0.015086554043385724,-0.00707547683677069,-0.025516629629172654,-0.02087753698243959,0.0016737576948977998,-0.014354329651108444,0.0035714549123671575,-0.013232269798263975,-0.008328444231517568,-0.018207765991522244,-0.05480830858749416,0.0036997082582321057,-0.02987521299842486
2022-10-12,-0.007923070702069029,-0.005420001781312723,0.03722279675412778,0.003018674343987555,0.0012276792330978995,-0.011503613725265548,,0.00968152255091306,-0.0029368847416456436,-0.002804276238013032,0.00959528085164903,-0.0017681431294117999,0.008095151098835728,0.0244773500910168,-0.0025348556031880663,0.02259229473667509,0.005308439761721127,0.008244139874378685,0.003731816257661348,0.007058467333957566,-0.00359196557158409,-0.005414209709032827,0.009456445243845564,0.016053380204752995,-0.008928654907730156,-0.005208542282688618,-0.013698935914599397,0.015086554043385724,0.007075476836770797,0.0037351361942731557,-0.012739089231992014,-0.0016737576948977805,-0.0072552125054813075,-0.008952713029850479,-0.0107464388255877,-0.0010245634388917086,-0.011371933918859984,0.0,0.03340896305040041,0.006935784446942258
2022-10-13,0.02977956924414176,0.0,0.04020640751911349,0.059481371880068294,-0.002457018105351235,0.08093221105296432,,0.03402841498153813,0.04972347860953255,0.03418951877265418,0.05037448381187172,-0.0008855203818869584,0.028897052841653212,0.03850058184514277,0.04224230519830075,0.07953718133692426,-0.010645209511060632,0.051211209687203184,0.03905030813909338,0.013622248711861022,0.0510533575323977,0.0032519231801978964,0.04822964391484435,0.05410271145805729,0.01777829392235349,0.03489330483767066,0.03167695503321278,0.05006248904452678,0.023229818954528955,0.03322949453871008,0.0500105542143558,0.04583460675620948,0.05202126558437782,0.021353171467551717,0.05403217526833002,0.04607701321081431,0.04746193534812646,0.08390466121339969,0.04059340127837434,0.04512797639422198
2022-10-14,0.006596335540211463,-0.015058384398321049,-0.03381669319939609,0.00031549845011452323,-0.006169087369611427,-0.020016080670307596,,-0.011447079941224287,-0.005143754251665774,-0.015781405451688758,0.006498090553033156,-0.01607169617617603,-0.010499045251964307,-0.027629157368009753,-0.01224005489450195,0.00966190272998406,0.0025086297823362093,-0.025277920300565387,-0.023326810574585174,0.005535384458815769,-0.019179760993229447,-0.011976177504545191,0.0,0.01650371147858957,-0.013304114152208344,-0.05201035540458619,-0.01345309455264287,-0.01744535415002317,-0.008069167989959805,-0.010422664150449151,-0.012269928306635274,0.0,-0.018605186939281586,-0.01061963668537237,-0.03836435275916321,-0.002613644371301648,-0.033972072124877815,0.0,-0.014508006004505357,0.018469130979830894
2022-10-17,0.00807592345353442,0.020478386179633795,0.030733130525744105,0.05880442729222937,0.023242772267696544,0.03514495530610843,,0.03215564774339377,0.04312591237652188,0.021609831218236838,0.00829323316494274,0.01695721655806295,0.03604235493722321,0.02011085312263126,0.033901551675681416,0.01075926624789202,0.0014151810715617803,0.026836679818933028,0.022153617090761666,0.033418397640657724,0.03799847915202471,0.025947431779862112,0.027641456165530636,0.04114219041035399,0.0,0.02414189459923931,0.028922953514376466,0.015408726623141317,0.0296486417632244,0.024523144748804626,0.03239128379135184,0.0,0.027779468677304877,-0.016143726237570648,0.043234364719539564,0.017673725892282107,0.028503904833784868,0.0036934456054785454,0.021343340658670083,0.018134485135958445
2022-10-18,0.03208834351741757,0.0013504843697651372,0.000617502623771889,0.0367924949640696,-0.007281702326914116,0.01638152276163071,,0.00986100587414272,0.027022685429850892,0.004969126833359443,0.012764940272668394,-0.008889025936199595,0.007606179108167184,0.006880634500142935,0.025853378826333706,0.031599941571666,-0.00895980480758784,0.038201675537186466,0.023012579080034578,0.005656398780411724,-0.004484204052917632,-0.012889493552547851,0.01729767220979363,0.02539532821959231,-0.00896858160296557,0.029380266835422657,0.00219065077453489,0.004069115631114814,0.024418540100068786,0.003881707200002234,0.03522875751185281,0.0,0.02033967750034507,-0.010909268223734472,0.00951399980052474,0.013410163932535756,0.02437480439471683,0.0,0.024891990644814597,0.01602186625316052
2022-10-19,0.005249371582334136,0.0,-0.0037106030740990635,-0.027908932824834587,-0.0012187763774775728,-0.03303595828918985,,-0.020958347968984662,-0.02209540428636595,-0.027003200476323364,-0.018516878317267026,0.00267495884594685,-0.013872766612698375,-0.0059175801409212135,-0.006984744214869888,-0.0011526047925025915,0.000987130071259515,-0.0015002914996229363,-0.006681456351169569,-0.00933349368138164,-0.002249849814828941,0.0032380152726698575,-0.008611499769178983,-0.019800814362084976,-0.022779974851725348,-0.02291918876634378,-0.0065862917358068705,0.0,0.005467475375081884,-0.008224878258315608,-0.015504298014925215,-0.01612942439682801,-0.02721259659317125,-0.007339529418962705,0.0023259502225791992,-0.013088760272860572,-0.01346813600052646,0.03264113340541789,0.0,-0.023786430804210883
2022-10-20,-0.0010475925477966307,0.018717181049840288,0.006176663123979136,-0.006506731613218332,0.01572939394680536,0.003048880646339728,,-0.005595196963109998,0.01066685727323525,-0.014964009526697613,-0.009738291541282178,0.011509691766858355,-0.01218123299358049,0.010213930154184394,-0.004683924113130555,0.0011526047925026826,0.00459473435579786,-0.016654479532305477,-0.0030520810331186323,-0.013146960478225247,-0.0007510453986466043,0.007514929787208664,-0.001081541568047713,-0.003266871613125982,0.0,-0.01348592210140257,0.0022002906741617864,0.01611310696901852,0.007604561974563673,-0.013822696259374784,0.0077821437462650585,-0.014742209991227386,0.004587274444074383,-0.00739370362464287,0.004481209370986274,-0.009849225914242074,-0.0013568729744358862,-0.018910950653718926,-0.0006647413875440863,0.0006875643600117488
2022-10-21,0.004810168479162352,0.020970687028853102,0.020719757666707278,0.036420418624586455,0.015485734291058883,0.013605554881219539,,0.028670081832716528,0.023592067107165715,0.023836002802558678,0.030743674009481404,0.018317020267781352,0.02674275051605829,0.020275643268677434,0.03233530513655952,0.027274457486131214,0.0039217849700975615,0.0330361250811394,0.04495120932099344,0.02032156187885478,0.022289105170331825,0.019068103681875923,0.034045792599799105,0.05119437194898948,0.02277997485172537,0.033631718217725384,0.03879801115983369,0.014873834495296506,0.02353064720195396,0.026245164803855275,0.015385029417008715,0.014742209991227405,0.02262532214909676,0.031052692722731458,0.0636131432536129,0.02515559844152322,0.013486371450040746,0.0,0.011897051860070217,0.026674324328665365
2022-10-24,0.019626707283841933,-0.03564740523589737,-0.018259692089381215,0.0034278003224218097,-0.027563246321418208,0.02374002436547135,,-0.00011130597114408818,0.008598645843406628,-0.008871993275861141,0.003383098961321625,-0.044176862761772885,-0.002067368201395179,-0.005304127870684003,0.004535155165391363,0.015573116202117104,-0.005669575641748147,0.00294978467027735,0.011012485303707903,0.0048095217780968254,-0.010339637615967883,-0.03741733188978265,0.01967951712035981,0.0012263577480064647,-0.0045146927103220805,0.0026473869704347623,0.0,-0.014873834495296516,0.004219287270232902,0.000991542880402502,0.022642483742923766,-0.011447339691474566,0.008908775830112904,0.0035906910806261885,0.02005193784260722,-0.0017421056224655757,0.016606201301510293,0.03659476470734685,-0.00593079314522277,0.008219574027378091
2022-10-25,0.002656082868200393,0.009364604625976247,0.019465292615985817,0.009083334915428972,0.012077512030359332,0.027478208063974906,,0.018960043271119803,0.014027723976443893,0.018707678237147106,0.02028401538155268,0.0223323609467976,0.01506186529568103,0.030956554441162513,0.015712934025983942,0.025069537348733163,0.02238064886263805,0.010256493385933476,0.011193497220416973,0.010860811236997402,-0.047510315581583404,0.007596283148028034,0.009188343559964184,0.002611458553420808,0.004514692710322068,0.013505422933702953,0.006322454849244013,0.029529897299890567,0.03006970092149637,0.012648224167102273,0.022141132564107515,0.035545077845815974,0.02193074869426036,0.010695356989846262,0.02146422135719778,0.01650586764703712,0.07852118472223321,-0.0105726780358676,0.0006607077180804823,0.0037539624302711256
2022-10-26,0.0030557029108954172,-0.008021457852926852,0.014354335094867646,0.008720917382130515,-0.007228915242413637,-0.0014275590738120872,,0.014633517180629862,-0.0016899511998543968,0.002911319261196907,0.00198373212647478,-0.007982210219664524,0.014615204550113356,0.010559676472710925,0.006659363728549112,0.008574593611816044,-0.0058978152899569055,0.00291132876114585,0.009849154871268532,0.0055491778822947205,0.008527230784514972,0.0032380152726698575,0.0020305870623355386,0.011425859437648046,0.008968581602965497,0.004955783715574067,0.008368200612562922,0.009652427614898465,-0.007175802311734774,0.006788732604873064,-0.018416783043422213,0.0,0.004328996155843418,0.010582087806362961,0.0031870778071487445,0.0014023326359286258,-0.0159610346537342,0.05346106430992297,0.019621246162019376,0.007247194589879869
2022-10-27,0.007700194041883324,-0.004034946594686844,-0.042456356412158815,0.004750823917207308,-0.00242139688541096,-0.0014295222246109363,,0.0029010661416735786,-0.004661968265785522,0.006622329579053591,0.0006604025637289642,-0.002674958845946772,0.003787414869323896,-0.008892953458915344,-0.006659363728549177,0.03667252399857293,-0.0016147407735953379,0.10477877757734856,0.004428880631079583,-0.008992079727160382,0.005004622822447703,-0.007571699175636847,-0.005083916278155111,0.003940213513670647,-0.03174855645469088,-0.002722721819498242,-0.01892787177332437,-0.014514139131946178,-0.011381501727254998,0.003377114834893244,-0.03019098315848591,-0.01923146015307809,-0.0065006616254055655,-0.01591542284698483,0.011280768192104083,0.002177260711305032,-0.013707324471598625,0.0,-0.011726456671419779,-0.0010945751910196666
2022-10-28,0.00824225580003041,-0.006761330283305342,0.015980678012741122,0.008605183831481306,0.004836797084261622,-0.010064836125320584,,0.007482637503757545,0.014758900072122298,0.0032950733504459283,0.015070875357347288,-0.0017873264464431304,0.0070908148091991,0.012188825175540804,0.006659363728549112,0.008196594625881078,0.043425431289123614,0.06462030895928349,0.01366718904023931,0.00915490387205541,-0.004233099810066632,-0.008724254324347301,0.009132521642382083,0.01180803227217945,0.004597721529136396,0.02843495122899495,-0.002125572913241791,0.012591092771083966,0.01753527992396845,0.0032573013194329686,0.026466633637800517,-0.041294210324620904,-0.00654307662916182,0.0,0.022722165245504036,0.0012418964600726657,0.013088311549562331,0.015827057174403473,0.008482841709198427,0.015217446465845712
2022-10-31,-0.0034093019768909683,-0.035915487002077744,0.0006095265294147065,-0.003877289298704018,-0.030620915070571277,0.0,,-0.008628999558663327,-0.010519840960823626,-0.006600566997301619,-0.005870361984504934,-0.05610665197245955,0.0026459734317001815,0.0008970498041951838,-0.008888875618771445,-0.022704734407819126,0.002575489265262562,-0.009864370678238648,0.007839058386150578,0.013898087626954006,-0.0007715230123811341,-0.05054406856975822,-0.008113789875823955,-0.0015875770529270841,-0.009216679779646533,-0.0006082459434916123,0.0021255729132418077,-0.0019269711539821632,-0.026944520461193885,0.0023820987188960144,-0.005349676501079577,0.011735296561537685,-0.0021904534760687037,-0.0017842673546054017,-0.010485039584734698,-0.007162767257666656,-0.018119711642933044,0.004123619956558075,-0.009138432293409689,-0.0077970687766833885
2022-11-01,0.0044096659729249595,0.0014054431478925323,0.01151181677513518,0.004430028831640611,0.0024845638240445695,0.014347364121532502,,-0.0014127504858284076,0.0025348770924690654,0.0018608320102317338,0.007819390152540125,0.0009455762305647532,-0.000881147579777149,0.016744948055958178,0.013303893827888122,0.0031266635718094106,0.0011309827052014211,-0.0024813320086051176,0.011744387461207212,0.013549248275634864,0.020248890195190807,0.0011513708372593758,0.014156129335538463,0.017872437466377355,-0.009302417798246502,0.01868743267607328,0.0021207463892716698,0.014361389391881637,-0.006322443615513704,0.0,0.011428651633341665,0.0,0.006557257970664606,0.003565089106934119,0.005390586101864445,0.005920870797594051,0.005658565544356035,0.026798267361594994,0.0019652436901576626,0.020658975187248317
2022-11-02,-0.006219176111442895,0.0014035559846932689,-0.005436401322004997,-0.0030433320074309098,-0.004975163428741402,-0.02014451054914595,,-0.00917736018978708,-0.011884621196817255,-0.012471681055218065,-0.014601672442441375,0.0047148663219086446,-0.012196679104437105,-0.02274025916452692,-0.01553860342777916,-0.005216399875927254,0.00010292523731169695,0.00865805653018349,0.0034653528235380295,-0.02809853177716894,-0.012942731519098504,0.012578975538203075,-0.032655852818617215,-0.009250526669187352,-0.004683862057406645,0.007734305577515804,-0.004246319302513566,-0.014361389391881736,0.0,-0.00814396637593231,-0.02298953234179017,0.0,-0.019802499183038367,0.005323959735284576,-0.0070139104746206144,-0.01345032933313103,-0.01452506268070099,-0.006430977819666347,0.014295209932513537,-0.0014919745082473423
2022-11-03,0.027001703392128144,-0.007037305145683958,-0.011574862790738579,-0.005557310047257892,0.0012460370715996092,-0.020558830309236695,,-0.006386092246502745,0.028206378008873784,-0.013476873301798965,-0.02152558269333153,-0.002826157612431108,-0.009865190743742624,-0.010882772655440602,0.008908887530863356,-0.015814823107687403,-0.01188724436947574,-0.014888659332348895,-0.0026336190807423076,0.007139356839132612,-0.008078562385529061,-0.01834920294923659,0.07876506485305873,0.001809779990105845,-0.004705903902628871,-0.00892924977998059,-0.002129780519450292,-0.015549250394153865,-0.005299559765188282,-0.005027935969157587,-0.01956998530332624,0.0,0.0022196880929060154,-0.005323959735284602,-0.01102405630345494,-0.0060012174404963994,-0.0019102494998652962,0.0,-0.023499652529059455,-0.02257996298021117
2022-11-04,0.019879557258724614,0.026482336910806845,0.027823659731490816,0.024767718341502903,0.02702868051940685,0.057652831567012015,,0.03942023564032367,0.05058732085501136,0.034996357129543694,0.02376795035822015,0.03522128661334969,0.04278451455724925,0.02535959381564777,0.049739839550644274,0.03241269919374326,0.024142262572495205,0.02102746601633621,0.02558236869399115,0.020167225710288336,0.0840457905234143,0.03636749770191824,0.038556882488684906,0.026990785764384198,0.0460911168605174,0.014602064571704028,0.02734126303883688,0.030860635095608328,0.022071405410311017,0.03435804821398087,0.061321788835156855,0.042420810528178046,0.05604919583618916,0.03324890127635807,0.03205218992171218,0.03318319035798293,0.04608540797582534,0.042626877893274184,0.026720364127365104,0.026009190546342664
2022-11-07,0.013352537585737421,0.010944054928387171,-0.016713511200286274,0.0059620252285141565,0.009650312127824513,0.0027972946983048806,,0.005506679898881323,-0.0003946042145053862,0.004289681117493413,0.013207323307919851,0.013568682246347864,-0.0010799999480752285,-0.008332101136478122,0.014659881538088402,0.008196594625881078,-0.0007108786069828285,0.01819326573192989,0.012908245637617399,0.018835859013726832,-0.020811745883495512,0.01330398064482731,0.020995510114901257,0.005266278590644555,-0.013605689461680505,0.008449787112872833,0.002072605158396313,-0.008583822911103519,0.014448196378880718,0.006227424013652116,-0.007462559061924406,0.0,-0.014783978565117812,0.0,0.006341597726048492,0.0033653507729484,0.0054627904990110845,0.0,-0.026060173366636654,0.00703538819056014
2022-11-08,0.008490594879555514,0.008130068438128796,0.0006239971898501155,0.0026980276662444615,0.004790382930886378,0.011111355741512875,,0.01050548959638703,0.0055117461464831595,0.008524642121716833,0.008492180807555882,0.0017953487339184128,0.004313211954538159,0.02551949844150452,0.006217703483466913,0.009141855448225811,0.010608834170581817,0.011947598081924932,0.004018824458696972,0.0099025957497576,0.00542407891426624,0.0,-0.0036198206895776035,0.0006087651847530424,0.0,-0.0033947408743051433,0.008247420714314436,0.005730908373831884,0.016260420380854502,0.008069188839589412,0.0,0.00478088968008,0.014783978565117714,0.010274043275016877,0.0028931325810211926,0.005786597736633546,0.000605153012088705,0.0,0.0,0.002334290799356545
2022-11-09,0.04320529731991789,0.0,-0.02335224173388795,-0.016026205236977217,-0.00839834529078483,-0.023760766909245005,,-0.021976723884482668,-0.018625448516448238,-0.014453232824667398,-0.016616098406428203,0.002687049438800961,-0.019337977917020143,-0.021493682919367388,-0.018770102681990492,-0.025603120170845352,-0.02184468198182391,-0.03381962378607714,-0.005564388360516976,-0.01083595711031643,-0.021506299698452906,-0.0033094554950840946,-0.015532582992376278,-0.013093826331991465,-0.01379324364055498,-0.021692282112900318,-0.016563531892429803,-0.04181464733313919,-0.021396731271165568,-0.015143839302641765,-0.022728363761457558,-0.019262333338728357,-0.034118447141928826,-0.00341282321947243,-0.01228764262721049,-0.017615621014070784,-0.006676845632011242,0.0,-0.010617182258353697,-0.025981152080573566
2022-11-10,-0.013587148565109246,0.016064732376236342,0.04678112032737895,0.04314113935372573,0.01554127444645292,0.059042460445389765,,0.052238500128785816,0.04611998291587992,0.060467699259539986,0.06528233668527472,0.019486841281687085,0.05194012419309616,0.04467182373069639,0.008385927679888374,0.05450403462133636,0.044293197874422825,0.013422820767282904,0.044069603890964835,0.037273368725762986,0.02582439074362017,0.019694213789310997,0.02545602474381589,0.040334435989655276,0.0628008453127665,0.06213908339761651,0.04888959075745887,0.041814647333139145,0.02742687964940458,0.039579365279888076,0.0,0.01288269328911826,0.038302539232721866,0.05001032022800752,0.05985770648651847,0.03432903149036236,0.06598395361952314,0.02367424681925182,0.025684730671308508,0.042169854013006644
2022-11-11,0.03053676812692839,0.021025723948171485,0.01151182991463099,0.0073167049235031145,0.007092197261882613,0.017184909875170053,,0.015393189514305324,0.030470609616123186,-0.00019284335852739497,0.0359029151175103,0.0302398870443952,0.016935875031563345,0.020285162185917957,0.022704659390142698,0.042313993317079135,0.012925211856677638,0.00965041651383742,0.01797086804882133,0.025902224509691586,0.007155610499428011,0.026725391193794978,0.03354234800608524,0.0016275111523886769,-0.017544358243321408,0.02205214605821003,-0.0039840954240912205,0.008534764236756089,0.021804577475244807,0.011141362699676957,0.015209595143782008,0.11189901314419394,0.03285705390185595,-0.0016273092509879411,0.014050523791609645,-0.004639707433853124,0.05867754968787444,0.0,0.022501720645272213,-0.008376929765921358
2022-11-14,-0.006211252065828898,0.003893473828698531,-0.020694500744625845,-0.017067801314252718,-0.009467581894037838,-0.017184909875169952,,-0.008824638718704236,-0.006318528715835904,-0.0069742671460411645,-0.023587400975254275,-0.007689075353045322,-0.012156462629557378,-0.003772144851129295,0.002038736689848309,-0.014225036332637858,-0.006491171221627131,-0.015729358249393775,-0.007322399826853622,-0.0016083676835363415,0.004978669953634855,-0.012739039822870337,-0.004349638313996638,-0.010326646468917443,-0.01785755396720965,-0.010742593233634036,0.015842019857292687,-0.008534764236756146,-0.017804499688247374,-0.0040371677100193015,0.0,-0.048361041639027484,-0.002022127389530505,0.046149810442082405,-0.02487784477279845,-0.010101804977705802,-0.017901137824591802,-0.02444734256147979,0.001270624214690468,-0.014404109241594196
2022-11-15,0.007095416812196312,0.020513679457170007,0.00796321273868801,-0.0015899805236030832,0.015339551884817747,0.0,,0.003318449622469456,0.0033501595706524607,0.01753594214541203,0.00020366191593467682,0.01447446816096551,-0.01461714710768752,-0.0061780377254567935,0.002034654075260562,0.007611879863266596,0.02330783244130252,0.0036517350010240508,0.0013591294365369665,0.01596993493806535,0.0021261884148167797,0.02114260889748911,0.006084148083167858,-0.007270195752572588,0.017857553967209602,0.007653580172623825,0.007827782052986362,0.009478697926981954,0.006961703836697231,0.002928652721882277,0.011257009355953905,0.0,0.010070433873166034,-0.004676538501778005,0.005805996957400942,0.0009089927321609657,0.00871930284257848,0.0,0.02197895228783461,-0.003419432551809645
2022-11-16,-0.003541471435336421,-0.019219137562344044,-0.007963212738688004,-0.00905956582490489,-0.012964167252662398,-0.010723944041937317,,-0.0076592039122066295,0.008510599391829514,-0.014042861395648119,-0.013552437409188791,-0.016191115440227135,-0.0014733556583472333,-0.020490164303352487,-0.0061162923949091095,-0.0018976217474731174,-0.016326780831681265,0.024010887125460876,-0.0014374995755948845,-0.015384668530018901,0.0007077260619352395,-0.014752706449887739,0.004323414527218903,0.0013533235284172694,0.0,-0.007542156269635025,-0.00586520724031341,-0.0104316257026859,0.019627690308578433,-0.005459901153641493,-0.007490608784458497,-0.033590842223102796,-0.014127332250723585,0.006230589167361225,-0.006945586423204698,0.0010590914957594349,-0.005986388489272411,0.019150322870489133,-0.0219789522878347,-0.01076196538471949
2022-11-17,0.021930713722201182,0.010296054388104707,0.0012292715905717682,-0.00509837491882852,0.008269367305822457,0.01604313202326203,,-0.0041564078724410525,0.011357594802221246,-0.00019355324260553997,-0.0024836906675567362,-0.0008595367924028809,-0.003165088011867498,0.01568989697761095,0.004081638319648456,-0.0009499578747207403,0.01642329815210156,-0.010733416185091665,-0.0066921124232948445,-0.005867900851466972,0.010905925699481575,0.006349137375268797,0.007735352514472601,-0.004366528151057728,0.01754435824332154,-0.009733292478954656,0.0,0.0066508564865223885,-0.014684532897115608,0.006568416141778616,-0.007547344081935797,0.0,0.014127332250723646,0.018462025333908456,-0.0573748624404939,0.007083080334137417,-0.002732914353305944,0.0,0.020083839265769416,-0.004772299975426362
2022-11-18,0.013359585377539151,-0.014184639443691723,0.007953399239423002,0.0005376829651086074,-0.017804656114199267,0.007926033052503362,,0.0035493596553599883,0.004362006986252951,-0.001163348557160388,0.00846133764406892,-0.012110767118869534,0.0031650880118675585,0.008595863813282333,0.010131863780642172,-0.0019030382296787367,-0.0015433436384137088,0.015467193281232047,-0.0015280826438862712,-0.001177535357297274,-0.0010502542136072658,-0.012739039822870337,0.005975288097611464,0.009760336465944836,0.0,0.0028067174750415766,-0.0019625748126730395,0.002228850995222503,0.003936957058329852,-0.0015119634987478833,0.015037952866394259,0.0,-0.014127332250723585,0.001523277356602691,0.014390645985485435,0.0029990290016541146,0.0021869054209757697,0.031369326314178,0.0045233452645107915,0.011028139528399093
2022-11-21,0.00469769781486499,0.003888585055587043,-0.0012194580913068213,0.0032215028547148954,0.003586396627275975,-0.0026349891940864118,,-0.013964954517289975,-0.019780856765496874,0.011572151774138796,0.004511257084369745,0.010389580934759465,0.0021042241360318347,-0.0067578463287548945,-0.004040539500031498,-0.005730734340573707,-0.01507609615914149,-0.004733777096140268,0.0026597724475945755,-0.006650514184639685,0.006980949198472779,-0.0010687795811719525,-0.009405735238039168,-0.0059197892623642605,-0.00873370405183565,-0.0013462490007344684,0.0,-0.006799300493862685,-0.007889475030366556,-0.003334371102712368,0.025784049747659694,0.0410703670969753,-0.012269938140899895,-0.007639543295401249,0.013403702770949648,-0.0007488647636204702,0.0010917199015894,-0.03517016443069699,0.021053516509027016,0.007285427192208598
2022-11-22,0.02024543654266027,0.015404715519536663,0.003046069192871818,0.004812822604657897,0.02008341305286109,0.0026349891940863333,,0.013154774609915976,0.005165989409922292,0.010870573145534397,0.00916398799665075,0.01283720789861256,0.010455958539906184,0.0147236800549322,0.006054509301741288,0.0038240676501946794,0.01420683799908795,0.03496859678663867,0.009580242964318537,0.008269532052517601,0.006932468246107442,0.014862208112525381,0.020408954317046847,0.014846016925425578,0.025975557417472293,0.006601309033708042,0.01752700119321495,0.01451399825411652,0.003952517972036539,0.020139755296804077,0.03571807237833309,0.03226084015316613,0.0061538440683419375,0.01823755187704292,-0.0002613647782655521,0.015905300900031148,0.0010905293488776904,0.001522069249401724,0.0050377388676271055,0.005747633024964794
2022-11-23,-0.0016716318220887283,0.008877585171384018,0.013293136564488004,0.003195988243427112,0.0011689139798668558,0.013072075999632917,,0.006764505171249905,0.00915931379966276,0.0075586755776646235,-0.022343984869862686,0.0008500391085307807,0.008492988416710213,0.012587582739897227,0.0020100510579835573,0.0160912452522755,-0.008051565063239475,0.005711086573869539,0.006180957138281631,0.01053253425585658,0.017802639172154563,0.012565559315186457,-0.0025286575267272275,0.010606948309783707,0.004264302787329536,0.002895595685817736,0.007692397439575913,0.018087280410380588,0.03868943466672777,0.0007933806445471115,0.0,0.02564245333010334,0.016227480541627724,0.011976267460719144,0.005988479775642638,0.004414382606479634,0.005976630517219077,0.052585282005451706,-0.0018862162156210265,0.0046591070287466995
2022-11-24,0.009159009354573455,,,,,,,,,,,,,,,,,,,,,,,,,,,,,,,,,,,,,,,
2022-11-25,0.012355887103050639,,,,,,,,,,,,,,,,,,,,,,,,,,,,,,,,,,,,,,,
2022-11-28,-0.018591662335846866,-0.011201109456230771,-0.015672470889635783,-0.02253319366838483,-0.018519013651098242,-0.023317023143549588,,-0.030771733636169002,-0.017113178780509046,-0.009225547430316908,-0.022195137605628388,-0.013502224781803069,-0.022001637297267406,-0.01851785496766941,-0.020161973290344193,-0.025294148844753787,-0.011845060471419994,-0.018182327075083805,-0.016856742273014393,-0.013467745943257435,-0.014915449697820235,-0.010298584891821552,-0.018441505234394636,-0.017633003990539322,-0.004123728351373729,-0.011283455297567933,-0.011131728065395025,-0.01133165815502953,-0.02212710742035883,-0.02265311973193757,-0.017271672561526737,0.0,-0.02419464547467624,-0.02058894490027139,-0.04702680730084217,-0.021535055733577304,-0.026770069014031204,0.0,-0.029890948333108545,-0.00974376355959873
2022-11-29,0.02389903603963794,0.022278217041793624,0.007866972728970597,0.0037908557279689088,0.024236545533186965,0.02715091281081292,,-0.0022864720090673713,0.022154529001131767,-0.03014525058926935,0.0071730404141236,0.021849489404135353,-0.008430116760013045,-0.00041545147904672693,0.006091324280610685,0.003787956639301915,0.018944260546500766,0.007995321468790846,0.003524497958441275,0.009432041172407566,0.04016589952400569,0.025550503943014016,0.01594669106721124,0.016315653407655586,0.020450665404595673,0.01315177781380618,0.018484659421817998,0.007568723050520694,0.01160556935544892,-0.002334414943521573,0.013841028705391651,0.0,0.006103650306070384,0.011816903203092633,0.005561388596530927,-0.009957910661314177,0.011013260593974906,0.0,0.019815332312382895,0.012480356010110744
2022-11-30,-0.0036712936450594685,0.01819336377375495,0.019696257396396657,0.022713113533249066,0.006818248072485523,0.013933026694227387,,0.01784189492103658,0.012493504511853718,0.01739175039520073,0.017504090225633945,0.004975281709476847,0.0192839376586891,0.018389460990416752,0.02202304089471701,0.004714679218923745,0.01646801046921619,0.021385210143499474,0.012875559375582695,0.019026490925113295,0.012390325766702025,0.007038867562081456,0.00911738235222857,0.01179311789945781,0.0,0.02161353950122189,0.0,0.019599220906099758,0.01526750228953139,0.01382534922515576,0.017036272426114853,0.038572333010714555,0.016096983335704817,-0.001469480476422924,0.07477407853788674,0.011907693895367463,0.009809376578606272,-0.030027950098210375,0.018809274225548227,0.00795644315431962
2022-12-01,-0.01772880630465184,-0.01330948270584627,0.0,-0.029120441341060458,-0.010244884914617391,-0.00757569459491989,,0.012090392400571201,-0.016813116252884286,0.0005745127952964247,-0.0130995533526842,-0.0008276336349816948,-0.07857352869449524,0.0029872081927941325,-0.02202304089471709,-0.019953055429818498,-0.0025159552969712434,0.0077650132559808705,-0.0060783572276490675,-0.014559144694974656,-0.010096170943705293,0.004000050175570716,-0.008284986782963391,-0.014139096263866504,-0.008130147787510712,-0.0007524186193507992,0.003656335619939815,-0.001849777199495289,0.0094250071358652,0.004799107242335999,-0.006779539049239707,0.0,-0.030397372229758433,0.0014694804764228534,-0.011995840263542263,0.024129756378030026,0.0027077533845020255,-0.042527259547758274,0.0,-0.02278103900751559
2022-12-02,0.009522027876662582,-0.008562583667844334,-0.003552310870080292,-0.012942385780800718,0.0011435174259073928,-0.008911555216867267,,0.008246955326257034,0.002881756105496132,-0.01972208353601325,-0.011365923229946978,-0.0008281133521531273,-0.009023245170381316,-0.013238261179016006,0.010070708136741446,0.012398780324359726,-0.01159697624707977,0.001104442849572571,-0.008451125021400555,-0.019601471680615483,0.000981611817058763,-0.017111663004048653,0.0008314062436010035,-0.007958557064373964,0.0,-0.009724553198734606,0.0036430155177527993,-0.005571192189925667,-0.0075327635619129064,-0.006203246575819541,0.003395424241540696,0.0,0.0020553791360422295,0.002932498657008386,-0.012784558766170247,0.003212449257003325,-0.0016238411964632814,0.004643967906249172,-0.005605793934449842,-0.020041664307466442
2022-12-05,-0.0024752247466687666,-0.008636761364828162,-0.027053143494341337,-0.04564934706987015,-0.012650979820143763,-0.015464302534962148,,-0.020235049166496398,-0.012669715003393972,-0.024512142735746055,-0.03445652514378252,-0.012505433390189625,-0.01944915519612589,-0.02461696092666569,-0.01412737834209172,0.004728156146831025,-0.009157679242312991,-0.007756408649397717,-0.0240397927237048,0.002782197656997161,-0.005903772044392781,-0.008155143456887963,-0.014231896163443497,-0.02844179498969589,-0.02898750958333653,-0.02517872091904659,-0.022059680184499154,-0.029288968063792404,-0.005687260503313929,-0.013946549983276315,-0.013652157618415676,-0.027399118131961428,-0.024949233521091522,-0.022206642622990193,-0.019226326714590933,-0.021068813020560268,0.0010828537292286776,0.0,-0.008782896984026092,-0.050903825807204206
2022-12-06,-0.0012400183966089183,0.014760386032540682,-0.008567811166019358,-0.04358178819978892,0.006920412061245065,0.01418463598525866,,-0.03420472940872841,-0.0007289271882681287,0.0017995345813548154,-0.01456662554250032,0.014161180377324539,-0.0037036867947749436,-0.0015501148159311148,-0.010214658787191308,-0.01329554345411727,-0.019377225853644927,0.0,-0.023501690557641043,-0.0024889638066333884,-0.0009870221243786035,0.01321833233099784,-0.005071882523515228,0.0016733082968618995,0.008368166537344979,-0.02594305983120454,0.003710511189567249,-0.007699633092690527,-0.00380972087528631,-0.014453845379364167,0.0068494674630582226,-0.028170733022849403,-0.014846691059600466,0.005970204964720328,-0.02496837378847584,-0.016968723775115973,-0.010334530222659483,0.0,-0.019084640125400138,-0.005972894919311263
2022-12-07,-0.01416107800034226,-0.014760386032540703,-0.008642206228143323,-0.007909995045228027,-0.016222858358063804,-0.006422591934026591,,-0.004133428540460077,-0.004018231452327089,-0.005207261257715684,-0.006915899676774513,-0.01416118037732453,0.001853661849512798,-0.001976305814741765,0.0,-0.001913964885159999,-0.011462336350905846,0.001111738333658263,-0.008272929482485487,-0.00957374214993022,-0.009927529477551872,-0.014242362658905931,-0.0008479213687127988,-0.00068407874836117,0.020619343045991577,-0.0026317502609264428,0.009216670407405122,-0.0029028367424835406,-0.013448681820409328,-0.0022740693549669795,0.0,-0.0187460843070528,0.0021345826969206205,0.007412868133374332,0.07871798844200875,-0.009892849834134776,-0.003286040582913335,0.0,0.014030989178444505,-0.022132445171707434
2022-12-08,-0.00041933460243848174,0.018416745497499023,-0.006842858389178417,-0.009205477780100965,0.0139212775515788,-0.0012894271714137774,,-0.017138468613044494,0.005111292590747086,0.007601553614322604,0.00044770814198327074,0.0041860510281686815,-0.00813482889094768,0.01152024339467309,0.002051282770557361,0.012375175688276382,0.0033609012647312763,0.004434563473779511,-0.005125569253806082,0.006784718676137072,0.005306900968481984,0.012220125272931408,-0.0008486409495514912,0.010439424476146628,0.004073233607723954,0.01602568681815384,-0.0018366060354939818,-0.005830859235585382,0.005785917335525802,0.00010362055106316927,-0.006849467463058159,0.03433816813444572,-0.006417230377235742,0.0,-0.029389614174737736,0.012464050262700912,-0.002196513068540161,-0.003868562684048419,0.01446106581237674,0.0030578856072915814
2022-12-09,0.05510461565819508,0.012092082241019847,0.0006239971898501155,-0.0018511537052731833,0.008032148565383772,0.02296016665711185,,-0.0014054191139541866,0.008341021794409261,0.002388573410820714,0.0037968704061202016,-0.002509589689250166,0.0009329435031613414,-0.0030776567335704216,0.018274555523725363,0.008478707312783905,0.0036537034056424757,0.0033130469537611443,0.0029560339360200053,0.00980026615162927,0.004290891461048688,0.0010117225317100213,0.010975251495396342,-0.005433007970863798,0.0040569141797868235,0.008756566091265256,0.005499638132729039,0.0038910506563433673,0.008616556252452726,-0.0073741951062361085,0.0,0.0,0.00854703247518612,0.002949873517166727,0.011581432231450523,0.0022632722075911276,0.002745034120338678,0.0,-0.020177231061000764,-0.0018807217408997718
2022-12-12,0.005544515292064612,-0.009662013861619287,-0.011923549214146656,0.010750956645892493,0.004561107711357523,0.0,,-0.00662135908742645,0.007196724919802212,-0.00458313752320379,0.02008240983132065,0.0058455285605516095,-0.01385145314375676,-0.00014029218343456493,0.00801613970799222,-0.004701481180585129,0.0058586600000695484,0.0011020799453862625,0.011186126709445108,0.00884024692696273,0.0032886930220353407,-0.00101172253171013,0.0033530087387711347,0.015392430680779631,-0.004056914179786742,0.01827364821130223,0.0,-0.00779719202676017,-0.013435774175606716,0.01088631172406699,0.0,0.029108109248924086,0.004246393442655481,0.002941197350720254,0.015443868615653314,0.008554323036961064,0.0010959072579007124,0.03353988009402835,0.003179655530573644,0.008434802313093894
2022-12-13,-0.005544515292064517,0.0024243984428994154,0.042638456065141696,0.0006110014988553439,-0.0034188265441342357,0.01750033029721257,,-0.012714004101808878,0.020582734007713054,-0.0032006319924212175,0.017756990459310926,-0.0025010139647398794,-0.01572612593798479,0.02805022623841243,0.017804750773568353,0.027882737818025596,0.022407960303582823,0.0,0.015057585469376206,0.005324128585750507,0.012722375010051436,-0.0030409514881352406,0.01906396328299501,-0.0009691208713781569,0.012121393933023306,0.01729908089924493,0.016319554185810683,0.03650742003491385,0.02103316716883257,-0.010469228767155224,0.013652157618415605,0.00951736828595832,0.029229767207123253,0.00585656930387914,0.013243290160865085,-0.02297570614505112,0.027014021578844864,0.0,0.011991288388787134,-0.005615386886794777
2022-12-14,-0.01480329105065156,0.0012098147074456553,-0.010948942471116182,-0.014455129808011495,0.004555773337334962,-0.011214991639388803,,-0.005197555350946424,-0.004929601427133866,-0.014530982893744257,-0.013179444090973677,-0.0008349249065615898,-0.006021768753094399,-0.00027241588777361507,0.007812476175947325,-0.022243566626720414,-0.0067195520943854154,0.017467420742781157,-0.0227970403069159,-0.006045666143741932,-0.0074835661993252695,-0.0010158331203955848,-0.014055684324806056,-0.00500954737162199,-0.008064479753236634,-0.02412659175521142,-0.010850087695519097,-0.013295577355959444,0.01222407211182679,-0.005118951796945074,-0.013652157618415676,0.02670385709413489,-0.025001445344826366,-0.002924070646870584,-0.017864144710126907,-0.01277234647257596,-0.018289848838731932,0.0,0.0,-0.010377380086379758
2022-12-15,-0.0012097055626081453,0.0024154674776841584,-0.0297974496628615,-0.015925276253201254,-0.0034149350883337973,-0.040926493449339664,,-0.020612626826322557,-0.031555013244942365,-0.025323087065510442,-0.03002429568323371,-0.00754732434607727,-0.016074345667526604,-0.03170915694768301,-0.045779200239860054,-0.038208954157957865,-0.020534509556821054,0.01610361552345463,-0.029711777977758164,-0.014104251767470018,-0.021456548217767248,-0.008163340664400517,-0.02529656519101922,-0.02512373576727327,-0.012220144024594091,-0.030402251854185193,-0.018349168994931817,-0.020280861352680167,-0.02939994648161711,-0.017858554912574112,-0.027876417853404414,-0.02805797805089757,-0.021322697004492807,-0.014749401860101003,-0.020614077573831116,-0.014979238066604481,-0.02751957377614273,0.003741116334784494,-0.012626441049362443,-0.019390287986256034
2022-12-16,0.009638433574906166,-0.0036252821851297393,-0.006955428627916978,-0.0022058346506354178,0.005685027468244052,-0.006548702232733129,,-0.0035146856865528554,0.014825766785544328,-0.0066946589133548345,-0.006069698654357907,0.010883263217378732,-0.005663052957951732,-0.005643319567443607,0.0040650462481695935,0.021195236563726374,0.007360871580853285,-0.01610361552345467,-0.009997515714579335,0.008892736598258448,-0.003007489919143193,0.006128697846763149,0.01609519062667618,-0.006245449151620743,0.008163229844807322,-0.010649840964047651,0.014706153477178905,-0.011776372877097761,-0.0038572927990423284,-0.0036316972147428174,0.014035389148012764,0.02144858568638878,0.012847981699540417,0.0074019677461734604,-0.007181341779304815,-0.005675554068450906,-0.009531917311781348,0.0,-0.012144660093658758,-0.004360515778058694
2022-12-19,0.00796184965054936,-0.004854466822299925,0.0069554286279171155,0.011292409362300372,-0.004545558968969266,0.0,,-0.0011365425388402924,-0.009013917813578517,-0.008855062344598602,-0.009515006012381602,-0.02018558063575785,-0.017183822750446998,-0.0011325317953613206,0.0060668175324728015,0.0028559171527034683,0.008702163330648518,-0.0010826370659534983,-0.005036587182860442,-0.0023248466959992437,0.002673925752595156,-0.013326675405172681,-0.0016817926586450897,0.005937954434683549,0.02012145842365001,-0.015196629621368002,0.012692955951774724,0.0,0.0,-0.006872194224399623,-0.010507936636890787,0.00792614032899105,0.002125509042503189,0.013186977154097902,-0.0018035057481082045,0.0026841992257179742,0.006737796413111252,0.0,0.005771221900344902,0.015179436747437757
2022-12-20,0.022737239128088425,0.012092082241019847,0.0025173390974670045,0.004046701282443726,-0.003422587915499253,0.010457662866188435,,0.016354023663655147,0.0161670558549581,0.016174913851448768,-0.0027355529302025704,-0.003404394554228049,0.01891085416809288,0.0036760184289156305,0.016000276496205803,0.05995329625870187,0.006452764212296375,0.010776057668375767,-0.00034839743560447796,0.01830673424523042,0.016551303573589304,-0.004136430909808457,0.020000549575216704,0.004832236519757358,0.06925843448457925,-0.004569285813267665,0.12357197591300953,0.003940886946420105,0.017241870005828178,0.00922355667894096,0.03800112296069816,0.0,0.021009219996486892,0.09966748950056414,0.005528763908632458,0.014091263898962212,0.008913725279591549,0.0,-0.00899183952506698,-0.020290582576644376
2022-12-21,0.024503479411882426,-0.0012025397469878417,0.00626569109379943,0.015107372511168745,0.006833779600989563,0.011635401640816119,,0.012561933298615118,0.018711934190976057,0.008713979604435377,0.022569485255614977,0.012706711972607256,0.01176189051068209,0.0005642284652656668,0.009871748479154091,0.01510471425749927,0.0031613016511163796,0.025398065200818266,0.016325236919875582,-0.0100488348220281,0.012722375010051436,0.01746310631498115,0.01474224530491246,0.011185231526673582,0.018416776476329916,0.019880925753579054,0.03289249437386899,0.003925417300678106,0.008510507447009338,0.009562518296884225,0.016807201312107063,-0.013245260387420736,0.03070866376014137,0.03240722028768586,0.009189811399998755,0.006817622357334532,0.02681413522877254,0.039536598293561584,0.01600043037895612,0.003410297746160558
2022-12-22,-0.004169097223173774,-0.006035075671732043,-0.020189923106867645,-0.00891360863873232,0.007914232000890527,-0.011635401640816122,,-0.011443914961717453,-0.0010500031478319883,-0.003310754138717505,-0.0184690060566597,-0.003372714504245534,-0.012255039579207707,-0.023547205699875083,0.005876608488984971,-0.006191970838740339,-0.006729991607433957,0.009360455729319553,-0.013166139690431676,-0.018199771554046163,-0.002271819824132169,-0.0010186891039232688,-0.005707433898941149,-0.011414690890118028,0.003642909151203086,-0.005772246707542769,0.004611837536026813,-0.012814271069331066,0.011236156300325626,-0.009669149236475468,-0.01342308650440804,0.0,-0.010131875881325266,0.008888908364105292,-0.01098638406413943,-0.0055746236851877415,-0.00704429861606071,0.0,-0.016645754954449286,-0.010757976081077104
2022-12-23,0.0037908145148781544,-0.0024243984428993634,0.020814381008733646,0.002467047879352277,-0.002254874394046887,0.012919929784453044,,0.009010662938655637,0.000700096723545926,0.01194926853088384,0.006118827362277311,-0.004231794688210367,0.026031344567991884,0.017605812892760808,0.005842400539629316,0.009713169277053617,0.006434040635050592,0.009273715631142503,-0.00020220591043795954,-0.018087827689993365,0.005184804334746942,-0.00306293318550064,0.0016340915160911937,0.004733756599892209,0.018018554707226523,-0.0030150269995675334,0.01673050130208004,0.009871571761123545,-0.006538991138365373,0.007552063908336442,-0.006779539049239707,0.0,0.00811360763996027,0.0175443581585027,-0.00463510981011508,0.008965913555652693,0.012429309039328653,0.0,-0.01692745599768989,0.0073476783349165015
2022-12-27,-0.001893562990458339,0.012062982589388751,0.0,0.0018460274266101156,0.003380304493745724,0.0025641168219362187,,0.004750586082937786,0.006973560149155841,0.0020456097791821974,0.002932827424713219,0.025953706794331864,-0.015244740775279608,0.006787348821682768,0.007736919563084392,0.0017558186112063875,-0.0013823305042868401,0.006134908905415382,-0.010298794009658739,0.013670469150866563,0.0041927904537354494,-0.003072155598389917,0.005697948193308553,0.0034979629320019356,0.007117397393563801,-0.012268580278924862,0.009008979576904483,0.003921786611932612,0.011183675410429868,0.005073259467843418,0.003395424241540696,0.02501773853665729,0.002018268241365093,0.0012415040374830245,-0.00439727054059498,0.005983852935855637,0.0010734396912046517,0.0014347194164381013,0.013046434125020366,0.0014631401673949644
2022-12-28,-0.009904843321829957,0.020178607224135506,-0.01256306364690143,0.007350791984639982,0.010072822589935254,-0.009003251366071892,,-0.012198120321914856,-0.01858716259680807,-0.017108530559404832,0.005168123610996458,0.014766498372512716,-0.02153881042340538,-0.021653151503060623,-0.0038610084177057914,-0.014134499149339255,-0.0019779496130138308,-0.012307886938521315,-0.003221836990356424,-0.003103920538481125,-0.0012880289993109468,0.03526821266362913,-0.013894651778883254,0.005450470206619266,-0.007117397393563786,-0.007079012282191215,-0.00449438217553552,-0.006873061491121114,-0.01024698110419345,-0.011771585446253369,-0.006802690155357631,-0.02501773853665728,-0.006066843255299374,-0.008722883165978405,-0.004026520950980827,-0.016192765163655035,-0.005379102711666215,0.01776244335131537,0.015434448739164183,0.001947157578765712
2022-12-29,0.0015302073607822387,0.002347426210513794,0.011313828792657084,0.011227494872529544,0.00886928890438737,0.007722084412054529,,0.017255267916236196,0.01650018768803786,0.022814707783879333,0.012029501112819991,0.021748783723356233,0.026974906906820098,0.0035935966863846047,0.009624712778270001,0.01676264887408096,0.006906023671645126,0.0112881218773428,0.007481993962910054,0.012212224789337353,0.005784016668966481,0.009852256710810784,0.009012797662161646,0.005721090559629509,0.0,0.009192708941465911,-0.012084668420303018,0.003933137127312625,0.011173262909107922,0.013667701792558617,0.016920870452589602,-0.0026702076801747875,0.012096881497569817,-0.008799515284068611,0.019333109651211645,0.016498751322113724,0.013926181262140217,-0.010619561089812223,0.0012754215913272444,0.005094293682430849
2022-12-30,-0.011920907515078096,-0.009422805500773176,0.0031200595197518966,-0.0006037459568350316,-0.005534012364416555,0.0,,-0.006490933800495827,-0.008742903161923578,-0.004684892718549449,0.0015487406728196184,-0.01041273076514045,-0.003208819671649182,0.0034379330493314085,0.0,0.007843258562735612,-0.003348466466948789,0.005088915913762497,-0.000145415796310788,0.00043860268887669675,-0.0016035990042154234,-0.001962761296340299,-0.007368151550699249,0.006583776704082701,0.0141845841703573,-0.002584115322890617,0.013585091331467592,-0.0019645802405947807,0.0009256639737029026,-0.010685208714776052,-0.010118180297232018,0.0,-0.006030038242270439,0.012547232471786102,-0.0018029518236581418,-0.009681128964779285,-0.006938791529817821,0.0,-0.0025526221033917115,-0.0009686122370010144
2023-01-02,0.018018524739920005,,,,,,,,,,,,,,,,,,,,,,,,,,,,,,,,,,,,,,,
2023-01-03,0.05218571567425142,,,,,,,,,,,,,,,,,,,,,,,,,,,,,,,,,,,,,,,
2023-01-04,0.05779937081118021,0.019710877785946736,0.057679100254510805,0.01862583169881367,0.023914122700592785,0.03936553995993794,,0.028051963357368735,0.04486233864518643,0.032404159491875174,0.025449059062619395,0.024286418064279214,0.024379530926112978,0.02257573374135778,0.020465768905594865,0.06368419751049884,0.008671677365440906,0.03323835595832303,0.004265592410825915,-0.008220973169228348,0.03265717273836353,0.02191601819539255,0.03217219829981171,0.009282226519915927,0.027683503762689934,0.010791110355458818,0.05151351569608713,0.027779749394152797,0.027348980563672867,0.022589272271386924,0.03922055905981266,0.03803718025208008,0.040196771133928486,0.01958447092899412,0.013681622577352387,0.0263071433199627,0.037779309137172014,0.0,0.03655433728858651,0.020370486921084275
2023-01-05,-0.013708274172050908,-0.003450307501613297,-0.044022886614804226,-0.002052303775327269,-0.016242941602605334,0.010797934012352656,,-0.009012041539186902,-0.004850302013304955,-0.005702880823713284,-0.004482080341093399,-0.010895243496947532,-0.009680456144593778,-0.01308320617318282,0.0036764745119249446,-0.027621544417021273,0.0134491618568616,-0.0067534565922584885,-0.011396203180176659,-0.013056466666841321,0.03251335862889407,0.0,-0.010089378621909449,-0.00022190123750895707,-0.020690537134228595,-0.008460693737342845,-0.044198255602034275,-0.008845391550823535,0.012511272304295551,-0.010597756310355142,-0.0032102918708973903,0.07199158877659341,-0.0018778253196358643,-0.025784127134215913,-0.009735078574818907,-0.023891014268921575,-0.006624329308736188,0.03887299977755696,-0.021643173723163163,-0.00540736677077478
2023-01-06,0.006877626499704384,0.01826533370417361,0.0067589075858440935,0.00992987355056935,0.014092390541091779,0.009501113741583607,,0.024905520210406738,0.024653071340483442,0.020619206521346644,0.011907463333479957,0.003904910131643532,0.022840278165412765,0.03723116335035865,0.021779443992521085,0.024411292965745967,0.007234245147642497,0.007714665195638931,0.012488280694511026,0.006549601283146463,0.016160387563398645,-0.0009428037546170813,0.018547749184184645,0.018954823021433177,0.01727163473229928,0.018907939336561517,0.011594337195356096,0.014698896738814625,0.021959630270441854,0.02273555427584397,0.028528142658930854,0.007159755879745061,0.016775732793464993,0.011131818276221082,0.024720422741777756,0.00985531812121796,0.01673036181127874,0.0,0.04035857173726418,0.008918002283757016
2023-01-09,0.004104019535311762,-0.011376652016775748,0.0163988193266659,-0.01522724628227956,-0.00431509283964598,0.0035399088125167254,,0.0028343527399880045,0.0006322157514025012,0.005586820451327128,0.004849733886675453,-0.00939717706562779,0.0085206297115037,-0.012769115388749502,0.0017937799951860615,0.0,0.016206308103262058,-0.0038498931088829956,0.01403588583309336,0.0,-0.00438156160604562,-0.004728208937123198,0.009904793029619096,-0.004140944918557904,-0.017271634732299253,0.0009130484895342822,-0.010137699455391069,0.00581976334466011,0.0026031136416387927,0.012093902482552087,0.0031202261448785157,-0.005963093985351618,-0.016775732793464903,-0.008647266952832335,0.002846525018936573,0.00031147450811883716,0.005015026267658159,0.09257011358118546,-0.020606369846993516,-0.009625604145848447
2023-01-10,-0.0030766295494358033,0.004566162318766899,0.011380882277129701,0.006763742398294524,0.0,0.0,,-0.00325471404532261,-0.004434533647321367,0.0013918864551984652,0.013580164782463938,0.003142214457820553,-0.000943043583295805,0.0001398414874665123,0.003577706058579648,0.015157949081158202,-0.016206308103261964,-0.008716899480083064,0.012275504508945382,-0.02737423152028427,0.006710353650117139,0.0037844000865968697,0.0037835095077464716,0.008914533442011603,0.013841176921757584,0.014499323568427954,-0.01466296992714179,0.0009665688158344695,0.0034602736093265634,0.008217974700344422,0.009302355681305162,0.0,-0.01515185785472214,-0.0012415040374830994,0.006774559784539874,-0.0032733501238598134,0.012428886537949818,-0.05001045454383688,-0.005060118384672235,-0.0007080044799169847
2023-01-11,-0.014482784760628156,0.0022753899079953404,-0.01621173184579608,0.007591526034148467,0.009682758108668617,0.009378779455688645,,0.00983657700153537,0.003802317895919026,0.0021830884421978193,0.010732785779666562,0.00391388562073235,0.00588013145445372,0.0025107273755657715,-0.005371486053765741,0.0031620338384661553,0.0049850285280951985,0.010643760785934596,0.019728157406827422,0.015133433303694193,0.006087818326625843,0.00471027647899556,0.009022744726382042,0.007403663557273507,-0.0034422663717227488,0.005719471949975793,0.011747569558136566,0.0038572805433967736,0.005167896441013936,-0.000303052322882426,-0.00619200096972257,0.0023897165509932125,-0.013448764371517544,0.00495660891931589,0.010744896613516998,0.0052942820602253,0.008853998484810496,-0.006430811826316333,0.010094760828469256,0.008930969607854047
2023-01-12,0.0003471033216713368,0.0022700173077219196,0.014423299828046033,0.002614200455677264,0.00320679756463383,0.025347166154782292,,0.012727234983086288,0.02591054366623077,0.016711164141320387,0.007770808557965449,0.0007809034683153133,0.015359943577181488,0.02544654120051917,0.019556121045722227,0.011769325934694005,0.00496059025938485,-0.0019268613058516298,0.014869033960300754,0.0018006146707283733,0.023422926971388248,0.005623177920480702,0.019274123449104213,-0.0010029109195772688,0.07951202132055332,0.012224861752219918,0.07316897720995404,0.03219965993699763,0.004286272327542856,0.00945570689795796,0.027566803770170845,0.014218199095824176,0.03422386066480631,0.0680860333012029,0.00036436079333837886,0.024696276840610973,0.011200470037767104,0.0,0.009993801191869212,0.002103464834803504
2023-01-13,0.00760996215136135,0.005652909503921639,0.018327366158822942,0.02180839065276442,0.009559343373536757,0.01915536428951527,,0.0070692057590222585,0.003998181534687098,0.006994561397740064,0.01676660032792474,0.010869769205674656,0.00850859861190014,0.010403527120043811,-0.005295630644238091,-0.007044943612346178,0.008622019468395878,-0.01652931749185989,0.010914810058730302,0.012218911077799217,0.020400727820773006,0.006520865906944347,0.01226451187042184,0.024921272936783312,0.04666473233859757,0.012405095426064341,0.04380268182462482,0.018467825888276803,-0.010318199171795469,0.0038969685372036516,0.017964564792604047,0.0,-0.0037454131189308287,0.04183748699029539,0.007257931659546682,0.005289081546047073,0.006275659272669781,0.040460535887826145,0.0074302939319072685,0.03193851409558287
2023-01-16,0.005498329301719343,,,,,,,,,,,,,,,,,,,,,,,,,,,,,,,,,,,,,,,
2023-01-17,-0.006187740093135695,,,,,,,,,,,,,,,,,,,,,,,,,,,,,,,,,,,,,,,
2023-01-18,0.0034422238947176315,0.0033612558125839013,-0.007556040014643305,-0.02344793013255347,-0.010627155485961987,0.0,,-0.013479340598867401,-0.004054292168124585,-0.014525301487537733,-0.017646480886303505,-0.0031055238207655807,-0.01628295151576579,-0.005470031134112771,0.0,-0.004658441764072703,-0.002353802591527332,-0.0039565176993860435,-0.0023747386089324534,0.024328607877588324,-0.0033111817519835066,0.0009289042764975034,-0.015003871955482261,-0.030503384119955967,-0.006289266213205852,-0.005163514421718953,-0.014875186653784957,-0.008207894745846624,-0.0008706886103628239,-0.01404889814305744,0.0,0.03211289924306406,0.0037950579084412807,-0.010434856666512055,-0.01774696725253411,-0.01847870347042123,0.004234268675134821,0.0,-0.008464500544273935,-0.016914529508514433
2023-01-19,-0.018380869019085814,0.002234780602245255,-0.0011674905544715262,-0.014638249119732718,0.007450850334139227,-0.010039174285366345,,0.0029770957021511553,-0.0031299444925611,-0.0011710705130730213,-0.001214356408626708,0.010058057368219605,-0.005099647693481437,0.005336926945027803,-0.005314392930780524,-0.003898652876116556,-0.01357210386637968,0.007897506422722534,0.004743945916431225,0.011585755173443171,0.0057874941650807935,-0.009328330586597962,-0.0022702540463753725,-0.013416030103937075,-0.012698616939891934,-0.025482638274234935,-0.012337352320552643,0.004568323727305082,0.0008706886103627501,0.002104918955728178,-0.012084638283615046,-0.022831982069488756,-0.009514786803776534,-0.008191876008829816,-0.012588057701553492,-0.0030372722270626336,-0.013232708407106998,0.0,-0.004869098684199909,-0.009961902153901254
2023-01-20,0.01906799853506913,0.00999452682319447,0.0029163072548760403,0.018485933088340494,0.01264513207469839,0.00447424180215576,,0.013135840668008481,0.01894179851195223,0.009137790533156604,0.03424579676055382,0.019817709697352564,0.011782488666775994,0.009535363663457478,0.008841733448748878,0.018576328702222727,0.014702651079252166,0.006859341275770804,-0.025730913193195426,0.014863748808946625,0.01229027345839537,0.007469544707277362,0.01354414349395171,0.0024459915258991383,0.003189803849052837,0.021955775377958817,0.009608819599594231,0.008170736826398841,0.013829115407770681,0.008077745794914883,0.018072710296330247,-0.016298496212082875,0.013295600374483471,0.008191876008829901,0.0456391749942747,0.013595496971988773,0.0071107274916531816,0.004944311851052753,0.017539061890059167,0.022333315685420612
2023-01-23,0.005820967934842763,0.005509705680142996,0.016176042729508427,0.013789530192982166,0.005221974361559058,0.013303971500164182,,0.0076592039122066,0.007049909064984063,0.007135342080639657,0.01727025026131073,0.0015084030128565086,0.007778566336563779,0.007746366600937084,0.005267847267112562,-0.003841655321628398,-0.0037737908663404117,-0.011787992826405115,0.021130195024211228,0.0036818406172304343,-0.0005429111630208993,0.009259344792757482,0.022904573939941754,0.01608268080915807,-0.016051833706384973,0.009205230034428224,-0.0096088195995943,0.0018067330998660395,0.0008579887191684952,0.0006951065506090996,0.0,0.0,0.0,-0.004672935535538552,0.02275763039172621,0.005834247954013823,0.0037718677361917308,0.0,0.010140254308153492,0.02495876082811931
2023-01-24,0.009852287121811165,0.0010980672195276431,-0.013849012386287048,0.007257863029817526,-0.002085582503723971,-0.015538681162171929,,0.00010020481749019307,0.00790988653374005,-0.0026938797387141937,-0.010831853712144625,-0.0022633647885671893,-0.005484423444114404,-0.0069558046186071,0.008718394707627215,0.003074537129276996,-0.0020815276529436233,0.017630192786270985,-0.0023227236257311076,0.009705500846818926,-0.0035371979437536488,-0.00276871071154324,0.01234135708096359,0.008559367559302273,0.02240099825448333,-0.016819357551809775,0.017772184148232777,-0.011802336421624442,0.005132751301294416,0.0023792448326946597,-0.005988072012715233,0.0,0.022388815440669313,0.017411897694168066,0.00935041520781072,0.0023836855363596407,-0.0009416339927604087,0.0,-0.017964570142091744,-0.012963833859153095
2023-01-25,0.0,0.0010971963654521901,0.01270220908621954,0.00864049334244165,0.003126649351161924,0.02321840581156013,,0.0007024806925145788,0.009650241580284557,0.009015098709799477,0.009291670378329224,0.0015095413700370447,-0.0004582862693648757,0.019562299322232624,0.008643151518699668,0.003065113317177269,0.024882075515209243,-0.011718795215374741,0.0037252710064182354,-0.06521067426214906,0.010573814069026988,0.0,0.007905235982436889,0.004827622850737477,0.006309186285521731,0.0013602259675092388,0.016129287004739888,0.015405939235409663,0.005106320978815627,-0.0027236227514393285,0.0029985181254647817,0.0,0.0,0.01144178856812428,0.01335414395463035,0.0017841727420588984,0.006104831090640786,0.0,0.0,0.019824716244246875
2023-01-26,0.027344140093488616,-0.0010971963654520676,-0.003448256495737871,0.013388853441912185,0.004153589790001674,0.01733529665753678,,0.017894806320212637,0.010746462757188241,0.019289477396098226,0.005572121223154466,0.0067643198833601806,0.011170644329424178,0.002450899729630889,0.011976245091233377,0.018196211732761675,0.009745419826532604,0.00880214994554772,0.01515749738091739,0.01600745754728686,0.010729566955616608,0.003689913396353068,0.018440202518821322,0.0061626389079444755,-0.0031495377427807753,0.008951734501003382,-0.010723900420696039,0.007168380991093227,-0.004253675295323995,0.019855813551332896,0.03240350726843278,0.0,0.018282083779615352,-0.0011383399139264178,0.022755285322045855,0.011813671676150838,0.01486999339796889,0.04343274857558265,0.006624639268622911,0.010313006840724642
2023-01-27,-0.0115800034108481,0.0021931235683846323,0.015991270104091185,0.0031076702344912947,0.005168064003131324,-0.0010747547266320109,,-0.0016643510043765856,-0.001783147426559522,-0.0014993237712610642,-0.00634318663971822,0.000748743424994186,0.011719837185235157,0.004498921075244565,0.005089123378015775,0.008975390016040351,0.00511033630677798,0.009689830153276997,-0.0035837381823751054,-0.03349103883760079,-0.008843571198143708,0.003676460072095424,-0.0007029095326911703,0.002425911350078071,0.024923317740655565,0.0037237722063833997,0.016043030928021573,0.0053428874069293055,0.0034043205505567154,-0.005915650978546259,-0.011661997868807871,0.026637422991023015,0.039081411790289164,0.012450693527700979,0.005526052640069044,0.008041369112564447,-0.01113171403090548,0.0,0.015485617827374792,0.0067440917775363025
2023-01-30,0.0019947464533743363,-0.01768000479173705,0.0,-0.0042406465904693096,-0.01663237014886966,-0.003230977874609295,,-0.012446163148542983,-0.0026805546392635157,-0.0047006706838419975,-0.0021234797705622505,-0.018889898417415004,-0.0015698375100687125,-0.006949820804875556,-0.008496391106827443,-0.010479219337559704,-0.010063051049874431,0.007684836305613408,0.010574154550175489,0.003491011466370883,-0.002425590982598263,-0.020389816526800116,-0.010604544553788793,-0.008516740729199992,-0.015504150105675862,-0.001301912127101204,0.0,-0.006236167144652686,0.0,-0.002574140212619177,0.0,-0.0022884907514681293,-0.006993011303062234,0.0011242625748514173,-0.006413084546213175,-0.014226285469318315,-0.007490685906209113,0.028515149433436686,-0.014885599641745068,0.0036794062271676407
2023-01-31,0.010242845803009198,-0.004469294702851243,0.001698198105197568,0.005086434066630028,-0.0052549036031254645,0.0010779969085763373,,0.01632887719077393,0.02328775821297028,0.019965152967114312,0.009041096479620807,-0.015373039193697018,0.023509462826292432,0.0055380851746686865,0.018597269936663677,0.006749090618851148,0.004861191203094825,-0.009615417574963857,0.023090682953830294,0.02039658182294146,-0.003243234049281959,0.0,0.025264513900152857,0.005947840997334304,-0.012578816177720643,0.014175991068452212,-0.02280446069066989,0.006236167144652765,-0.003404320550556735,0.014663461704449971,0.011661997868807965,0.0,0.03278980416188953,-0.01585541629526273,0.013004270580722212,0.022203822497485308,0.008423001909910745,0.10965425316788674,-0.005413593856683773,0.012451721012499748
2023-02-01,-0.009910872626318373,0.00335387620333846,0.006202424926001983,0.012325096075001062,0.0031562546790767326,0.00751500841557579,,0.0003973226405761044,0.011587597530590805,0.005710592549372357,-0.0013411265104355838,0.007716156075799754,0.007643063899046128,0.014028896232701477,0.014963032713116883,0.008187674325442458,0.0073841922781698165,0.02951202803217701,-0.0002734194691330835,-0.04059938041917601,0.0,-0.010353135283827697,0.014448075246363459,-0.0026469652468830165,0.00944891475594686,0.008797138975211633,0.004062422551904231,0.004430686524348382,0.021088959392085594,0.003510762500371586,0.01724173894106952,-0.0687473448578516,0.03339215116473191,0.0,0.010348086091258753,-0.005504811901712101,0.011121594163059552,0.004104671693361013,0.015559899923391504,0.009766608862364055
2023-02-02,-0.031020651862148644,-0.006719038755897514,0.0011236095268735305,0.005829652857126855,-0.005265972499795681,-0.008593005324152159,,-0.003582209063009471,-0.0342791426935917,0.012594896258077904,0.001341126510435473,-0.015492314503720515,0.004557667893939095,-0.006862384990596069,0.0016487518240014991,-0.06984042968943253,-0.024270350828984988,-0.06591564688948554,0.010228938102986296,0.0367320054266926,-0.019407662896166567,-0.009505794983418112,-0.05402924250142689,-0.00466721079332925,0.0,0.010334267759966455,-0.024625141524422793,-0.015145061449456248,0.007484444122180422,-0.00263193645692306,0.060792277577737266,0.0,-0.018227449020957198,-0.010327093953604951,0.0009747652149407477,0.0030459314216819797,-0.00046094271445399026,0.00306748473656399,0.0,0.004243506379296665
2023-02-03,0.00716606065512244,-0.011299451930850643,-0.004502097215124305,0.008268955146642635,-0.0052937848482688815,-0.014123122680453253,,0.003184886422433335,-0.00928281751548506,-0.007099348707883967,-0.014806257964320545,-0.010200111914904003,-0.0019507432429325155,-0.014126184530591158,-0.00827129187912955,-0.011995211301904255,-0.000837751575927695,0.0010018337661021892,0.0012983018084699969,0.005647276146032402,-0.006646222639190044,-0.017341464489212324,-0.02260402644130817,0.015355623458521423,-0.009448914755946747,0.002215198225873581,-0.002773945364392281,-0.008111821519440739,-0.01166674140513678,0.006227511557510313,-0.005376311678639388,0.0,0.0,-0.0011539887466172447,-0.014063815248579966,-0.0014495282409493538,0.0004609427144540398,-0.010261872823190679,-0.019790781011476882,0.007383188718933457
2023-02-06,-0.021654015992626275,-0.010279926412546847,-0.010204168528106104,-0.001648697086442267,-0.009600130145929742,-0.007688219728096968,,0.0009931841263110324,-0.022513902233601658,-0.010652045189011201,-0.0017680169696553047,-0.007917669858622986,-0.008497762406708168,-0.013541886299687646,-0.02523278714036367,-0.017038952205261512,0.003996846131013264,-0.03152282889211173,0.0022949283727232758,-0.00848285919858953,-0.0019469114177712366,-0.01369890946148218,-0.014859044375217973,0.005865456071985412,-0.025642419194560832,-0.0053445946135524895,-0.0367792130486468,-0.013667596292309531,-0.011804462598262242,-0.0034008798576777187,-0.016304716322899614,0.0,0.0,-0.03048309268522279,-0.0038502220921286376,-0.010790326576316083,-0.013454165043280845,0.013319976864950584,-0.009126862512446298,0.0020996080692450565
2023-02-07,0.016198889841636057,0.0034383741857844812,0.004548038588423341,0.010938046296923,0.005344844896304486,0.017486872606361666,,0.012233899766167181,0.032988436085620756,0.016117474902538054,0.005294617162393186,0.0007945545109283321,0.014770009598706026,0.004708306136176409,0.016892294482374975,0.021053249205064805,0.009968484183905068,0.02247278629872658,0.00966176875414491,0.004176005858880868,0.015469843241249675,0.011753450846919719,0.002243007471659223,0.012116341912669122,0.04134129238255498,0.003230228847681195,0.03677921304864677,0.010041022617327007,0.010965900044237765,0.006113577112984118,0.027028660679630855,0.0,0.01328918480319614,0.024692506308024356,0.021264614622556542,0.015276473536151577,0.0129932223288269,-0.005102164997322933,0.0,0.009393631326626625
2023-02-08,0.10812585787671306,0.004566162318766899,-0.0005672860918857493,-0.007370155737252281,0.001065471196052518,-0.003255521741130486,,-0.0038318552217447258,0.017119478496326508,-0.010593760020588473,0.00039109643592709337,0.003963625119418934,-0.006706167128842669,-0.006282792379176723,0.003344592300799539,0.005593475571129649,0.00977948764016023,0.025923843179817985,0.0018680229431625945,0.009922416764557735,0.010091623340827603,0.0,0.019963660924128466,-0.007055811224620539,0.0,-0.002623663429921921,0.0,0.0018149308411678998,-0.0025200238734120815,0.0036690720098090813,-0.0026703845281371213,0.0,-0.055994257484415486,0.00232037600997489,0.009770806443489943,-0.003181540400757174,-0.002770225418453449,0.0,0.011546680002963014,0.0024901482167679297
2023-02-09,0.015225713056440892,-0.0011395006734273936,0.014648074954475518,-0.02160117666072273,0.004250763397727415,0.0,,-0.006715926673804704,0.004671674035844958,-0.002574019972139057,-0.02313953994219571,-0.0007916068852568008,-0.007844957486093205,0.0028844814583756954,0.03445782622466123,-0.004792390849958144,-0.01327562698010213,0.029100013817523307,-0.01913704153736829,-0.0030994573978206427,0.010259043870100234,0.0,0.027438652440807194,-0.01568598336632349,-0.012539224645253207,-0.009238324453901436,0.005540217236840346,-0.000906952844437252,0.008375248262951664,-0.0036690720098089906,-0.0026772481499548525,0.14587832973120288,0.0,0.00462419911384079,-0.011390779667966902,-0.0031916313409019385,0.0023089719970518325,0.040596935818241024,0.004220747744142208,-0.01419327752136337
2023-02-10,-0.006670746244363494,-0.002283251826302501,-0.006733796034579815,-0.0039271937816189005,-0.009589835786347619,-0.016438808522866517,,0.005139857813998675,-0.00613590173242858,0.014620175326961284,0.0025976225681451893,-0.0015847021517791352,0.010879023684729651,-0.004855857960770698,-0.011354489630304401,-0.030896793957827573,-0.0026763688301246337,0.010461368765039527,0.008900897933424209,0.004718955632259134,-0.010259043870100211,-0.0039026669207461503,-0.010021628925549817,0.004405417733575744,0.015649734054546973,0.003969737080145125,0.013717658450994808,-0.004547549015272051,-0.014279972672445025,0.005402353041809093,-0.021681028001539034,-0.029050109811561114,-0.015831603471213863,0.011468145635422604,0.0005403441736495684,0.012562475940811306,-0.004623287686602861,0.0,-0.011497909438337913,-0.0012622712611267068
2023-02-13,-0.013784892844648164,0.003422752499729856,0.010084051546187965,0.001965583257650378,0.00320679756463383,0.009895677385732335,,0.0007884739668630163,-0.0029350434576956384,0.008130933800826348,0.01760500089860837,0.0015847021517790953,0.009048015960538267,0.00249640632234739,0.0016299397383097451,0.013125689760453417,-0.015834855424195667,0.007539853309699737,0.007352765503367221,0.01373507470129736,0.01133288769799723,0.0009771253775001446,0.013576497073519307,0.010789701586198425,0.0,0.010006616569549496,0.005434831827680066,0.0018214413180067004,0.026712934326089083,0.002018657492120818,0.013605646122524356,0.0,0.01583160347121397,0.005684900149469308,0.015540676550288346,0.0062936724060202115,0.0133489815240264,0.0,-0.0018275414518956164,0.012965400565722223
2023-02-14,-0.0033987035053630725,0.0011383421287623453,0.005004084198843803,-0.0008419867121220061,-0.002136569255214742,0.008714695405903103,,-0.0013801084790468162,0.021518593516286055,-0.002342030747127121,0.011889926845224314,-0.002377995954003205,0.004066332961897004,0.004060050662768507,0.008110396501455267,0.010539177659850716,-0.009907314520910275,0.0009387766446881823,-0.0060071676256338155,0.010681378433363394,-0.0013423529018331214,0.0029255415432458435,0.0028348907583492086,0.0044092418676507745,0.009273583686108661,0.011300795434680275,0.0027063793732998273,0.009058072331082549,0.004930095873756231,-0.00038411039047808135,0.01342301455710662,-0.013186902152305311,0.005221925498324322,0.0,-0.00479712046992117,-0.004143911255459598,0.010461740246402798,0.0,0.010915766743660113,0.0076581688365927195
2023-02-15,-0.005275525673203889,-0.003418782332259147,-0.05003883643666943,-0.0016858685991422578,-0.00859301344363122,-0.08720859717524249,,-0.005440555447601488,-0.003746824340677337,-0.008149995059933041,0.004060569965904815,0.0,-0.0038520023466367195,-0.06982404810058407,-0.004858361115077892,-0.00972456377647348,-0.00981456861055624,0.008407286783748434,0.006862244043245119,-0.0011493453160987123,-0.009176741115921584,-0.01570198684817278,-0.014255509914256718,0.004181252610311416,-0.00308159697504585,0.002681279239259298,0.0013503466559210964,-0.04897048778889181,0.0,-0.005393917021809606,-0.010723944356731324,-0.017857710355846674,0.005194798585808211,0.0033956957640851105,0.005647566116022029,-0.005167678025541154,-0.0013584090631688875,-0.026880529028432517,-0.057087568286062734,-0.01098795528840328
2023-02-16,0.028222770967441763,-0.0011423122962330786,-0.0005833672778366772,-0.007905422526312463,0.002155119865189605,0.0011825455314424453,,-0.0042741673376057035,0.010913171596824233,-0.007483927430484288,-0.00697110521737037,-0.006369405764831728,-0.008613174052146016,-0.022536551043199023,0.011299606884297654,0.023341140134689457,-0.0009581376664363286,0.01569023024017365,-0.011120929520772054,-0.0048991630695574785,0.005947206135093832,0.0009887173488388036,0.01354737267428315,-0.013864945186541348,-0.003091278974935093,-0.012575062563081474,-0.010854927739409303,-0.005698066810896115,0.014646317915785209,-0.004452610187209591,0.01072394435673143,0.0,0.033959095030540044,-0.0022625154986599828,-0.008965866094865941,-0.008963654451381163,-0.006363561652124718,0.04199175625399829,-0.005121519238207113,-0.015758262619768856
2023-02-17,0.00030243168317986384,-0.002288267911622704,-0.00996772423291374,0.001982163311429986,-0.00431509283964598,-0.0035522266267274585,,-0.0007971871144213473,0.004559841039969639,-0.008094102434605076,-0.0007777141690263957,-0.007214474117633385,0.003022928406553904,-0.0037340305740481603,0.0032051307837310857,0.011862488152584135,0.0033491829836453466,0.0036563422270669632,-0.004602780620007085,0.002884624632481237,0.006448476031822542,-0.0019783527394134338,-0.002836733709925047,0.0029573423426648374,-0.006211217145421293,-0.0006028483569092153,0.0013633698825083972,-0.02117502513629691,-0.0016167922283634075,-9.693920655994444e-05,-0.0026703845281371213,0.0,0.006655666623796402,0.0045199235743878545,-0.013709972330332255,0.0007259105171225425,0.0004558993600632912,0.0,0.0,0.005701595262047281
2023-02-20,-0.000302431683179806,,,,,,,,,,,,,,,,,,,,,,,,,,,,,,,,,,,,,,,
2023-02-21,0.006932968579227305,,,,,,,,,,,,,,,,,,,,,,,,,,,,,,,,,,,,,,,
2023-02-22,-0.02063801565815524,0.0011409395300694656,0.005938130404785243,-0.006685407144779368,-0.007514971889871367,0.002395352633820469,,-0.009353035606122708,-0.02414663455481053,-0.00472448629062829,0.004004603369446524,-0.01432008302136823,-0.004416065752297458,-0.009433325582170892,-0.023065272930996104,-0.00817650985340552,-0.005876562252884351,-0.017125337193359784,-0.0006371480135098888,-0.01981425444025373,-0.019920544744448234,-0.007858734818519439,-0.017480452572156684,-0.007692568364493232,0.009478689489135165,-0.0035919321498649706,-0.0027472038679248454,-0.007843058698306636,-0.01282081802274098,-0.01360686351640653,-0.016304716322899614,-0.047218929396276824,-0.02076201448096332,-0.003426724262125038,-0.012072125162277169,-0.008719708635051053,-0.011582128496886836,0.0,0.0,-0.0049866019961090895
2023-02-23,0.00641911090482453,-0.001140939530069459,-0.005342809390650262,-0.0008755178139773834,-0.0032380145282163157,0.024824695742147282,,-0.00579962525052224,0.015776025474485485,-0.0022758567224325835,0.006771728255704881,-0.003210104728194557,0.0008846380057694019,0.00813238608140516,0.0099504370106468,-0.0016435504860845055,-0.013716903105790228,0.030441054647391243,0.007316195367748741,0.0016290930776013568,-0.007606529330566844,0.0,0.016035269912417067,0.007979318808235498,0.0,0.006864446319851017,0.0027472038679248545,-0.0088977512760485,0.02390549374170684,-0.0012914795481979934,0.013605646122524356,0.0155041602537436,0.00523103137149014,0.009111624411594427,-0.011300728722975347,-0.008796018167412004,0.007890426030152022,-0.005088949268959117,-0.017527225560428246,0.005202617915288507
2023-02-24,-0.009490492284620391,-0.010327250425617399,-0.016807052859930966,-0.001460312495312421,-0.007596258942660606,-0.010876252077828785,,0.0,-0.021386517484165868,-0.004376217542471116,-0.003977693516071276,-0.009693315619326839,0.021219401155108647,-1.4702256996616553e-05,-0.016639425161443427,-0.015748282341257247,-0.005795765589758492,-0.0008822876810652063,0.0008523216733802345,-0.011011941085468603,0.001052778835067099,-0.007920741141250789,-0.011636404925878814,0.00898053577414653,-0.022258531385626622,-0.0024536207287920776,-0.025001329140398005,-0.015007849836738193,-0.012678382056756551,0.0024819671384383605,-0.008141197709959525,0.026031717455781766,-0.024649147370889378,-0.024097620908707658,0.0006884124901657774,0.002691868102038825,-0.010222996910373343,-0.012320474262512465,-0.017839839649904692,0.007968226529370922
2023-02-27,0.017985530304840323,0.003454280604609336,0.012033714782725398,0.0,0.004347858394197039,0.014475687346433891,,0.0011419636487091306,0.028030920802217935,0.004945667487596355,0.005762540519049687,0.0008113159767724129,0.0004328902859847773,0.007212657114606016,0.014987950464906065,0.023122419480636633,0.0057957655897585645,0.0026443041959156527,0.004606659644824317,0.0034355564583715067,-0.0010527788350671793,0.0,0.0166851351531056,0.008689795909704846,0.00960018055200673,-0.010288074310385548,0.008403466451341745,0.01202406756898574,0.028303782881201348,0.008196537102753004,0.021564212267066146,0.0,0.022908508887500043,0.009248680615933182,0.01863925374554776,-0.004040524346227734,0.01483562183202558,0.039995117374284336,0.022413504973012362,0.0034261327160323494
2023-02-28,0.009322036825711744,-0.008078580776389186,-0.011428666871186127,0.0026275398662027466,-0.006528897152982297,0.013087390792189556,,-0.017055109790775118,-0.014501445581280711,-0.06304694116690565,0.004349444851446887,-0.009780015934678522,-0.010658155509942736,-0.013882968469460999,0.0,0.016997577852655904,-0.0006859165359525885,0.020044359605519216,-0.03871177698657318,0.008611828794004796,0.008651334718057789,-0.012000279267236595,0.0050232838280506375,0.008335969295940314,0.0031796613444849565,-0.0020705362664761515,-0.005594457184555573,-0.001993739167168508,-0.016412999529012196,-0.0019689107254715703,0.041781598500372615,0.0,0.01039876631793504,0.004592460052497575,-0.0014650175645032678,-0.0021014440428464573,0.0022983583024389883,0.0,-0.011143919426838744,-0.00021383403530934707
2023-03-01,-0.0011979520700596657,0.013809238301164107,-0.007895571418414328,-0.004675823239718677,0.018388812106377737,0.0,,0.01247968282930795,-0.014418275375609557,0.017033004627926333,0.015853145536860513,0.021070659291480442,0.003928408121180882,-0.008813096387563613,-0.003311367460256121,-0.0032154991688062217,-0.011633642512096507,-0.006057885920977575,-0.008398515291991086,-0.013994598306661811,0.0010434583805680217,0.02483981999176269,0.008553213245468943,-0.005596383850949985,-0.0031796613444849595,-0.00321733200848003,-0.007037338219171714,-0.01914421948200042,0.0015748829695518486,-0.031532500603854124,0.0,0.0,-0.01739177762099727,-0.006896565544614994,0.009315915806219276,0.00105140537810972,-0.007835968413665855,-0.004476559553440127,-0.01594716303121299,-0.0019261229279735094
2023-03-02,-0.015401184702377634,0.01699759433857608,-0.01970496438104148,-0.012757810967365934,0.01172103410606926,-0.016686826060794746,,-0.01342986333458444,-0.006243533933564548,0.005152472609299659,-0.0019433680049335223,0.017488381210775443,-0.006117586883367131,-0.0183214239761462,-0.011676583004649856,-0.017872076927198593,-0.008865136240596509,0.0060578859209775215,0.008255081525168857,-0.0007498421826825016,-0.00620196373247037,0.013645382675763896,-0.010702996495929797,-0.010436595481380019,-0.00960018055200664,-0.0011444268279712292,-0.0185322643998256,-0.016410717623914467,-0.011871959983950263,0.019038561045567302,-0.010282986102372936,0.0,-0.0017559206021510096,-0.0011539887466172447,-0.008301503485800117,-0.02354119923441965,-0.006965440840577448,-0.010020117028004493,-0.022351196832086286,-0.019031835757438206
2023-03-03,0.015101396429866343,-0.003376525119206916,0.0043436631036822175,0.019808542675944098,0.005282598708848361,0.008378344567837075,,0.015304188823095314,0.025325313603347294,0.017439396419661253,0.018313514068785158,0.0015748175687639986,0.01651845115970607,0.015315999433569979,0.013333530869465168,0.022691327036284986,0.0029970135763695673,0.013710589392117327,0.02262955688520343,0.015926443417346708,0.0072769430772111265,0.009634124462863231,0.026894862793508355,0.018193321580938254,0.031648218288099036,0.023148090098169607,0.0339495952702165,0.015392878896036811,0.01579809685576979,0.0036850169537923556,0.03553677455097869,0.020138556682217163,0.019147698223148348,0.020572112418175668,0.018416789593360617,0.006433626419905369,0.030291414082171463,0.018459036450964403,-0.001370787231847314,0.02266690984036206
2023-03-06,0.006275324512655986,0.010095563875104394,0.006788173608274714,-0.002051548499392102,0.0,-0.00119263515333511,,-0.001978355495482254,0.01041369727324879,0.0032969449522971643,-0.0032524805485320296,0.0007865285682771018,-0.0019419993772680794,-0.004827244204562803,0.009884759232541925,0.003200151019660597,0.002490718592127951,-0.0017035924236392746,-0.00011197209947839306,0.008821059122871315,-0.0010749793447408177,0.003827740540936396,0.0006980026248032874,-0.005864272180835452,0.0031105094092937617,0.0005082243330698443,0.0027777284049908496,0.002034416671810263,0.007028635372704033,0.0016885211946578986,0.012391595635317925,0.0,0.013698796659197468,0.011248727509380123,-0.002658044995870282,-0.004438027707444644,0.0018066168164387164,0.011305045193246715,0.020367320370255987,-0.0047068167271618125
2023-03-07,-0.005975536240144678,0.0022295942266789513,-0.012999380287838879,-0.03249629506256729,-0.0010543025468022688,-0.037694523030688286,,-0.03080117221196554,-0.03335600423299932,-0.028276041287987396,-0.02130621690477942,0.010168294999066943,-0.030481407514405857,-0.022170316364239006,-0.028264612411990117,-0.031645707422324434,-0.008794742902493907,-0.013734127824548652,-0.03120599252420347,-0.005724682822337748,-0.005120622609450435,0.0,-0.03190626123628948,-0.02984899038472559,-0.0031105094092937304,-0.023864492534605933,-0.013966730322996168,-0.022611362811069003,-0.028415593048576597,-0.014595789601621481,-0.035091228179329935,0.0,-0.022356924493743203,-0.00898899498241606,-0.03981509494808149,-0.027049569695942847,-0.02744904992818187,0.0,-0.003365876130111626,-0.04787903869457015
2023-03-08,-0.003602490888926953,-0.004464374828924385,0.0012452748325804306,-0.013423151030368341,-0.005288250778030995,-0.0012398254223546683,,-0.0084196173977941,0.003267672752452246,-0.007797811870670706,-0.007861771258603472,-0.011741873441132044,-0.009620768622115049,0.003087285317019354,0.006722714758309463,0.01391747818581572,0.002005520343996485,0.0,0.009232742195838315,0.0010299594173996253,0.00887720685090034,0.0028612499528211785,0.002159151197693253,-0.005932827772674755,0.012384093095402242,-0.001666898061057272,0.012578761093310076,0.004149263500016893,0.003995154482312031,0.0006040785509778964,0.015190106259670754,0.0,-0.0017406384833892087,0.010106861128338756,-0.000808169063330654,-0.004580388770304979,-0.007916245046099949,0.0024408656795688838,-0.024574588076991703,-0.013818292168148534
2023-03-09,-0.008456627898052961,-0.013513692776780837,-0.003116099498087973,-0.0640471740655936,-0.013881713238417361,-0.036643355268039225,,-0.017496324678329737,-0.035621065305806866,-0.023353672306822285,-0.04190785399275345,-0.019881299848779083,-0.04459471888896142,-0.011159418960188558,-0.02544661178223851,-0.032220858467357644,-0.012804268324795642,-0.0034632364977052587,-0.020828864660291796,-0.027129506571678626,-0.016743843900237646,-0.02020271444203351,-0.02917788532448151,-0.05565700928630831,-0.006172875949980931,-0.03934592383472853,-0.005571082322539111,-0.0010355302389721747,-0.012841189775609812,-0.015007470170530085,-0.02287250346726837,0.0,-0.028270532084239564,0.00557110854394285,-0.044273356231903205,-0.020470819999080337,-0.02174001833606728,-0.006849336864138577,0.018487265640502692,-0.06380890343639489
2023-03-10,-0.027677085470583958,-0.004545407215717393,-0.0246458508026841,-0.008880079974721464,-0.0032309076821423572,-0.03137520095933893,,-0.026718866497365157,-0.04045080454152581,-0.023701677003340766,-0.0053638940956571,-0.002412617740441261,-0.01922471586865285,-0.020151780096970776,-0.017331456351639976,-0.06863309079819388,-0.0075373555542711254,-0.03710670587062552,-0.043066856876514244,-0.026954137387759224,-0.03915534736640707,0.0019417996646060936,-0.040020635664406244,0.02507807335351661,-0.050804553729500566,-0.02359518430493415,-0.06193478269395872,-0.022002053508930947,-0.039543837455158784,-0.016897258560573395,-0.04200098987546081,0.0,-0.04022476639830848,-0.06424233368319661,-0.036510558235599816,-0.02188917408791355,-0.028594068069981986,-0.04057659387271957,-0.03380781341878953,0.005576305813555225
2023-03-13,-0.048229149528894025,0.01245064538658638,-0.014824635675846345,-0.05990237894513432,0.0064515414304754755,-0.039273724691105495,,-0.012771217228529053,-0.04115534110898598,0.00733692838350815,-0.07739152207295885,0.01120918375210952,-0.008422388730923306,-0.011355652750843824,-0.012313203302884613,-0.022738661758463456,-0.01068994654982052,-0.061243732123640926,-0.03781663133134743,-0.011710769704851676,-0.020312501846632473,0.016354169284698433,-0.04410157839239403,-0.018120562329246675,-0.04667509588837263,-0.02314170943772429,-0.03323560486054117,-0.019251788625604574,-0.025533268263380066,-0.006462961738535961,-0.055110491319723925,0.0,-0.03609126851522158,-0.03251333559942164,-0.07674090427986165,-0.026610100691418823,-0.04938020265279119,0.0,-0.0007021167586158105,-0.07399624126569412
2023-03-14,0.017194340241894958,-0.005640155688577659,0.012262142454168972,0.008730757673225236,-0.0021458705037724277,0.021858751303622487,,0.011070184405172474,0.028596820902956864,0.008319298226847438,0.057754345637119,0.002385559995168473,0.014633733270206718,0.026664059178067762,0.007054589519156444,0.03525009316826565,-0.0031049584625779296,0.02457593513547818,0.02082688116042894,0.010934254387020248,0.015202046848589309,0.003809746079289417,0.02150626401386943,0.025352088898197907,-0.027683503762690034,0.022253217729824432,-0.03756319351942144,0.012875519786222015,0.023851206058143275,0.015771435177442006,0.027934990567598954,0.0,0.015355336249433265,-0.03868226588792885,0.03676370664923139,0.00490649881950955,0.03202279957970673,-0.04389422316280228,0.0,0.04480246352663195
2023-03-15,-0.10432465386943635,0.014598809396247638,-0.018776681447334603,-0.009432426381247696,0.004287342516928273,-0.08602907993859345,,-0.024936735934662647,-0.09333545433350773,-0.018395159424401376,-0.05596777361353465,0.009486223715730316,-0.020936823100741714,-0.029563454748593964,-0.03396198240331339,-0.0698814272235459,0.0014503061959839603,-0.05567648628351476,-0.031405219821041816,-0.03252571104286368,-0.03889078323212948,0.011342230756896736,-0.09067168440073928,-0.048396444902530276,-0.04301732080568551,-0.052247384725349594,-0.020951631332755224,-0.025919104864274796,-0.061624720645719555,-0.023540460722674173,-0.05959216110064815,0.0,-0.11066564361340998,-0.021865864733837677,-0.04042020211657981,-0.026335185447830662,-0.06510553431307871,-0.0987348383805975,-0.014144519609096974,-0.03341221257760735
2023-03-16,0.01628924468324733,0.0066667787943658725,-0.011173476138387654,0.016707498999172562,0.01801841548083854,0.02759796118808147,,0.013177962220626718,0.006736462431890821,0.011327988895132552,0.017691584178186306,0.013286705283203705,0.0149651847627772,0.020122012302190045,-0.012809016021773218,-0.017291573561520404,0.004337819083476063,-0.006933956610397142,0.009246458724202267,0.025040885150559262,0.020504749416348163,0.01214404382742508,0.020496165645133305,0.01922758458590415,0.025317784853947544,0.018793943267202993,0.02572498153185492,0.008714519457762714,0.0008948419025807769,0.003997088976116677,0.028820350675181686,-0.1712601715722276,-0.01933446857681106,0.025675385388515777,0.01414623135998402,0.002077186522536302,0.0279039805093387,0.0,0.005681855039348317,0.011516405833003273
2023-03-17,-0.007403542252277073,0.0055217408109688075,0.001980839511452791,-0.04050553574581091,-0.0042105572258790734,-0.033506464703835934,,-0.021239135177150908,-0.03341434926136391,-0.0004171704092656134,-0.03049096629958703,0.0007761513417114234,-0.005284728618183438,0.008187730644479729,-0.03371105531132726,-0.04255955988480591,-0.008174918620034829,-0.010994770379827913,-0.03734484434649105,-0.011649989187548056,-0.04174060699871572,-0.0037210332788096627,-0.053832617064547526,-0.03851430933497916,-0.018018554707226485,-0.03306549092793477,-0.025724981531854853,0.010787517941209829,-0.034580431749071425,-0.027781037684654748,-0.06757336901872785,0.0,-0.008714742098724092,-0.029584242781755303,-0.04068273278740274,-0.019380881355630337,-0.05660888184821511,0.007635995457034828,-0.012829770267265277,-0.03997423779529306
2023-03-20,0.01475276291696871,0.0076796764947325655,-0.002641891873049989,-0.0025192996987392605,0.006309206149927764,-0.011922622943134698,,0.006431025594508062,0.023827871362593664,0.004788106440991675,-0.00362230032076965,-0.0007761513417114368,0.0016846806712156606,0.01694826223732752,0.013245286405732427,0.002020187409143792,0.005388272334710353,0.00701047510900775,0.019541376372586062,0.009299457051084507,0.005125850811660137,-0.0018656077507717794,0.006225053534914057,0.01051608992733102,0.0,0.01719501470847479,0.02572498153185492,0.008547168638428294,0.022884442360466675,0.01574160934168186,0.0328878699489291,-0.0776586324562376,-0.03111363849384072,0.027046154283771506,0.023002212121180605,0.0035197346095101963,0.03243519864483098,0.02141897077566728,0.014952180696692992,-0.007442563737379085
2023-03-21,0.037972729125955715,-0.01098908777638559,0.006591913226622403,0.029821274367975728,-0.004201775876297267,0.03824003573467526,,0.009973251457126953,0.05955372012055223,0.008890786523001184,0.021983903916707227,-0.010929070532190317,0.011237315667150027,-0.0049460022298263235,0.033274784927368094,0.06636583480886889,0.019547351028966264,0.04679218429935735,0.0247297080162429,0.013247153687422115,0.0202447724037628,-0.010323870426312913,0.057700135203247065,0.0264674098392961,0.018018554707226523,0.03578353035545107,0.014184610380723967,-0.006403488165188553,0.029426813889271194,0.005826628653075157,0.05437673520992425,0.0,0.06128835821187916,0.013880342166114647,0.04369411068598421,0.005081977905466497,0.11304371825023682,0.07341239459267535,0.01194244884746602,0.02633087700156098
2023-03-22,0.00134181881054979,0.005509705680142996,-0.00791555650962426,-0.03379319191284457,0.006295965662938083,-0.010152466943925666,,-0.011723097704701818,-0.034191355671208686,-0.0028860225638614916,-0.030639993079933363,0.018663033789423664,-0.005961670397398779,-0.001240300067288707,-0.01465239375310997,-0.029709828146579884,0.016285247999278243,-0.0038167695323177864,-0.01144302140496068,-0.02794511924964111,0.01084576488010181,0.010323870426312913,-0.015177364088945785,-0.026152949203517795,-0.007168508948037786,-0.013725957181734062,-0.007855433736306433,-0.0021436804732397324,-0.004403291443990721,-0.0150060155681547,-0.008391624616104806,0.08262747914736436,-0.02580791522344237,-0.011342253668130657,-0.03948181597221417,-0.007368434231702254,-0.03136562731972944,0.0005317518323956238,0.0,-0.03382980500724074
2023-03-23,-0.015881326128373462,0.010928970239739244,0.0013236432830019804,-0.0245387877389694,0.0041754597216579715,-0.031090489187804896,,-0.014820430052626088,-0.017190354028308548,-0.0037228547139614783,-0.005966061419497009,0.0007700784454306171,-0.010096172205180795,-0.0004655417311392582,-0.012999134297972961,-0.0632424593925409,0.003980310271289996,-0.0449735634677846,0.0037546255192764757,0.00966492951210529,-0.024197086903224002,0.008368301008924705,-0.027564387975605082,-0.0026769529084784394,0.0071685089480378605,-0.019724977255731798,-0.011102526843517055,-0.018408818336806538,-0.025929013814081293,-0.006454381410977353,-0.019858831437107184,-0.044338981312321404,-0.019802499183038367,-0.008911604843388777,-0.014477019403297908,-0.007600577329795235,-0.062188328613003815,-0.041819682396776775,0.0,-0.01598741406976649
2023-03-24,-0.022039506882987156,-0.00983090302021143,-0.012645801958854898,0.006283553978563591,-0.011524553111424213,-0.0075472308597273295,,0.001894420144057306,-0.03199988178362881,-0.004360857888160827,-0.007855731245032816,-0.011614491757686416,-0.0016926145267827267,-0.01359494233317862,0.0,-0.03158144532583042,-0.00517772164642906,-0.01816373627782953,-0.007267753093689684,-0.0004731209213548849,-0.012019301192300796,-0.013047719213157496,-0.014072244727981605,-0.015332861321569257,-0.003577831047705111,-0.022263798271035598,-0.0015961402106889737,-0.023218232643966975,-0.005523882876471698,-0.005085111408937108,-0.01152748542812852,0.0,-0.043139530488676046,0.010178205727403746,-0.014410805310878558,0.003365637131081731,-0.009433953330004002,-0.021868036037191493,-0.027612197049033994,-0.010433823887469528
2023-03-27,0.00797638280431065,-0.0010980672195277227,0.0,0.04854448775065232,-0.008465578822246318,0.02247277419991725,,0.014442455480278088,0.02454111579268609,0.013436962383775793,0.03800658174029508,-0.01332827628813743,0.012160936642041393,-0.005363656352682652,0.0037311674682739162,0.045984988800920786,0.008449848255518061,0.010131754329403298,0.018888129173703517,0.015496866309377405,0.016786889828475694,-0.006588261072606493,0.015817664838576783,0.028257587976983054,0.01423515420985612,0.008185701714298959,0.01269866705420599,0.01222924625832534,0.007881835365259243,0.014644324720721993,0.02292352519908278,-0.08090674109158945,0.0023174901709681265,0.0037902053393535384,0.023994777924449765,0.024110179220859774,0.021360424582001984,0.006216461325466736,0.014255336262949371,0.03365304462820627
2023-03-28,0.0034483333130833323,0.006571651586047522,0.006675523177366253,-0.013071984893297337,0.01372048242537189,-0.004454302930278748,,0.004768438867391304,0.0014250495615273561,0.0067533790381341646,0.009777803558819641,0.013328276288137514,0.0007278520635500494,0.013199394435857057,0.0018606451269891943,-0.014403543475090402,0.0007916512171151392,-0.006066869861591395,-0.0002827706320214255,0.007428069448534058,-0.0053652633678818295,0.01499553442710004,0.007815986726071205,0.0030307357486137007,0.010544852947075153,0.0028314792653725356,0.009419205144708585,0.007704945338366958,-0.00689315772752854,-0.00032084325817396817,0.011267856464258812,0.04261824325654654,-0.009302360561294925,0.011285489513782703,0.0031288351489295488,0.013885559832713525,-0.006723466398485289,0.04354514012120268,-0.0007079984908089211,-0.007769474994938238
2023-03-29,0.004122347575973515,0.016242929155346825,0.017150953573606065,0.019370072104093937,0.011464306145738332,0.035091330632058756,,0.018279416125533972,0.028427901064086703,0.019790476166914355,0.01601440343817183,0.010073645616412207,0.01325140274541858,0.006845152866410043,0.020239820362242502,0.029609047965391464,-0.005455175635497745,0.027015252391979955,0.00713456938839241,0.01833233573023555,0.02245988544335196,0.015690349180086254,0.019700685978858934,0.002015164703059893,0.003490326470973235,0.01589574675367886,-0.003129913597119187,-0.011025395586636517,0.030172641046702094,0.010001215728872533,0.02489752709168737,0.0,0.03218670102124874,-0.0037477171877175713,0.024553405315699446,0.008138331398932986,0.04217043256134103,0.0,0.02517604617307116,0.021025365212858808
2023-03-30,0.012604457174345511,-0.005385091893015261,0.0039164280973564124,-0.01298937976446343,0.0,0.01850586865489681,,0.006132946927773224,0.0252832291255092,0.001997731198632795,0.0026081247120530986,-0.009295077277249477,0.005728157524582827,0.020410492115971294,0.016260577571436462,0.0100102338920263,0.0018880003644568255,0.010800329999107402,0.0013087206935548533,0.0003027920255217804,0.0020433320242075727,-0.011049903321422345,0.0059197210836899345,-0.0030244967597411357,-0.021127426784920092,-0.0015086815762017226,-0.02058665054952907,0.025179276912169344,0.02928885388932191,0.005174062275997788,0.013568796085138363,0.0,0.02898755818816166,-0.015132667047417522,-0.005981865132768114,0.003539779974921674,0.020192644660883604,0.0,-0.006234676098878651,-0.015660649168100338
2023-03-31,-0.010207716023392592,-0.004328892504571633,-0.003916428097356324,0.010544862988808098,-0.012513144300796667,0.014005804817636905,,0.008904934891130567,0.006389838653022573,0.0049766242892836455,0.01764249376558395,0.006206340099300613,0.009474236055762742,0.0,0.005361770515683993,0.016790443726777165,-0.01631242567137727,-0.024716981517241176,0.018419342461208108,0.008888883843722965,-0.004677002618496858,-0.01869217143523763,0.0008428210205538006,0.012043676260527153,0.0035523215982845254,0.019435972552586934,0.022152792738246257,-0.0021646205950655337,-0.006538998815704021,0.00661305334033323,-0.005405517484603651,0.018667244551980412,0.0,0.0163834255724946,0.017593583302205687,0.007877408862052808,0.03967066868499695,0.0,-0.006274037758755768,0.0
2023-04-03,-0.0020539852670994757,-0.00434797843352814,0.02582449817082982,-0.0003496325125430831,0.0,0.02472648880338938,,0.01614097126069755,0.02221210039414995,0.012263684221701219,-0.0038462877441836144,0.0030887371779490668,0.013812616592544407,0.02267859665360493,0.01063851227111213,0.01651338164353184,0.00221695484024286,0.011940285659959398,-0.0018054949289065206,0.0013490024371187353,0.01713913204763129,-0.013295663701312412,0.021667373373372927,-0.0011516861859082554,0.031416282108393055,-0.007316064172403442,0.012441767261388074,0.018250767292042076,0.0,0.020708982262842596,0.010781829163243068,0.018325022302647116,0.02603174871151669,0.008711964989534918,-0.0030436644728381577,0.028147627023277444,-0.030449606099258838,0.0,0.026907442740980725,0.00905455888116286
2023-04-04,0.0006850728247764941,0.020485987252043987,-0.008320041607254478,-0.021567223504463717,0.009399602298016752,-0.00544210842666964,,-0.014234904995971586,0.00816321066636021,-0.006193263945848419,-0.013362163675830124,0.0007707676958436271,-0.012399160704020635,-0.012101309308608666,0.003521017138658098,-0.007737027500212677,0.0036178223988534573,-0.003964360493639985,-0.011922739019439138,0.002991369793112828,-0.0020180690688040496,0.006669870504288617,0.0106602841065161,-0.01345845788527618,0.0,-0.027214092109250212,-0.004647560710563492,-0.004264511941346155,-0.003755938609679054,-0.005755273501265552,0.005347632678092,-0.010430248607469233,-0.004291837403072482,0.0037105720325308336,-0.011194029334690344,-0.017519792910861882,0.014388753604351875,0.054578154455882225,0.0013606094533824714,-0.02442077955064128
2023-04-05,-0.00034234765321983516,-0.0021367594085099665,0.0012845375624155758,-0.012225968408380949,-0.00521108979910166,0.009504501903314545,,-0.005728739321748511,-0.011447339714363881,0.004598465223732928,-0.006967106273160118,-0.0030864497147348596,-0.005665850380019706,0.0021019605470709826,-0.007054589519156379,-0.009756311500424197,0.0018041161459401744,-0.007975925166319325,-0.003477355599533177,0.014676677014025299,0.0011537006122926624,-0.0028529705179643197,-0.009012630586688324,0.0014902061635153647,0.003430457810541749,-0.01185972710615384,-0.0031102873462631434,0.0,-0.006606889134259498,-0.0015474376564931199,-0.010723944356731324,0.011726479587884767,-0.00431033669584209,-0.0012353074993313267,0.012915368136723405,-0.014242047791693385,-0.010050285705876813,0.0,-0.007506124334453673,0.00217085495212361
2023-04-06,0.027037630879716647,0.007458735478235896,-0.0038585734204133674,0.007209927385380031,0.005211089799101711,0.0200675597482126,,-0.0015784323676902312,0.028216607461588168,-0.001996727256945054,0.0019644418743993367,0.013051982342783899,0.001419474985360272,0.0014987890327074664,0.021016534177662593,0.018456310882288923,0.001789634466659587,0.0059879640268197185,0.0027019593003107553,0.007915609846969618,0.014026367860681522,0.0075901389100502285,0.022783703294685494,-0.0010977635282632366,-0.0034304578105417297,0.004404484652827375,0.0,-0.006430763193995004,0.024323029966480683,-0.0004127676462835765,0.023969095195444844,0.0,0.023480187725920112,-0.0024752645331993527,0.007512352400370381,0.0015249306506975964,-0.0014440656083194296,0.0,-0.0006851184709464236,0.027010804872633336
2023-04-10,,-0.0010621705465529469,-0.0077620280045443725,0.0035856003727451724,0.0031135420027798683,0.0013235895235442876,,0.007083065283444783,-0.005129929440044005,0.00039973539325352384,0.014289065534991579,-0.003821065538191222,0.0028329195061357463,-0.007063891581461462,-0.01045305626631202,-0.006760253903464778,-0.004119260801564317,-0.0029895643899031975,0.007909072539104622,-0.01204487071407528,-0.0014223319469610885,0.0,-0.004030571128106757,0.0032894252772427664,-0.006896597680170109,-0.0022592624269943623,-0.0031201477961593114,-0.005390871561635364,-0.0037038832136441,0.0029902680007576586,0.002628135504604641,0.0,-0.00847471530495237,-0.0012398403486335217,0.015245625526637748,0.0035486193487844326,-0.0028944022901556126,0.0,-0.020076809388963078,0.01907771397869614
2023-04-11,,0.00846562080148877,0.018656105469796652,0.027186001897595707,0.008256029873931219,0.0,,0.001902866078117045,-0.0009647551696969642,0.009544619865391171,0.014511412796033447,0.012932827103565508,0.009852186888338093,0.006015068818243036,0.012184713984168889,0.017291573561520442,0.0004128733227383466,0.01976359348838932,0.007389024167159476,0.013649600488340814,-0.003993107572416568,0.004714718446853145,0.013638209953784489,0.0049140660703970145,0.0,0.012892658170834115,0.010877995852985923,0.01395604552385072,0.014733271517656518,0.007590517320468684,-0.021220919021410208,0.0,0.014783978565117714,0.0135552835178386,0.01603503029897121,0.019379228724679943,0.037919309920749246,0.01771742538731073,0.022814632053857857,0.018975064767505937
2023-04-12,-0.026027496936189814,-0.007403450254935823,0.007619106364256502,-0.00804333111819701,0.0030786478452416136,0.003960428503302744,,0.006797662140047848,0.008649776295656199,0.0015820964754591103,-0.00594997825404776,-0.0015127789933110606,0.002098931834813308,-0.003604785545864655,0.006896467759005106,0.0038022570991054897,0.00020627120389515248,0.010705601148495196,0.008728592496775968,0.016768333094980954,0.0028535932694652576,0.0009403739865538074,0.005562325061891307,-0.00015567613214952775,0.0,0.004455943306116466,-0.007757848056826648,-0.003203148720001638,0.0036497031589843012,0.002449608162903542,0.01595779318505011,-0.023592238115613923,0.008350750473872553,0.0,-0.0047193474688370035,-0.009141636887576887,0.015159070919152015,0.03887330991634152,0.01694382894446028,-0.004582816928406066
2023-04-13,0.0,0.014752682931560523,0.017555241680007064,0.002804926382217794,0.00917904533505775,0.010484935314887185,,0.009726091620583723,0.012363438584478324,0.014320964607025545,0.008066361814234759,0.008292479300975032,0.007888525304489788,0.005701456792499439,0.006849341845574768,0.003787956639301915,0.01504536482272231,0.05828718623850621,0.005706900116890562,-0.0043098221517657125,0.016393858970461535,0.011215139550927575,0.01494327072791136,0.0038060880372923684,0.01374595789264109,0.002570652920433939,0.0046618496077354766,0.01906840628856626,0.01626053662248741,0.009637303522014974,0.010498765881779226,0.0,0.0020768368334945237,0.0012232188590641578,0.007642126102291265,0.012115383314586892,0.016783479075640446,0.0,0.0,0.011921898458879128
2023-04-14,0.03846632765763377,-0.0010466075584541293,-0.0006215987941403983,0.03306103512265422,-0.0020325950576835874,0.02192228035268479,,0.0004397898912298877,0.02550684267895036,-0.002340071541411391,0.04667374178004457,-0.003760803345447765,0.0023083491054971157,-0.0055509089229575535,0.020271071951264704,0.03437401772812862,-0.00713605292109632,-0.005494447960106957,0.014319174454473418,0.013868318912722066,0.018609135449296266,-0.0027921290023121227,0.027715412052190233,0.07279462170668295,0.010186787059751012,0.011832988293399535,0.0077220592228374706,-0.002101013363828191,0.02303028074073676,0.0032254804841869,0.023226828016229127,0.08634803297545052,0.026613558685281896,0.015767407133941366,0.015361679983456052,0.003458325616578769,0.012861929872812759,0.03229137321521881,0.0,-0.0005044143678093767
2023-04-17,-0.00423810929237613,0.013520756010260395,0.0006215987941403504,0.028387236304451068,0.013138213841265395,-0.01412997907016794,,0.00908350169347662,-0.022361220344286108,0.0019504684880963794,0.0026196078022225813,0.02456393070092856,-0.0016154052344028004,0.001953874674449602,-0.015164732487418425,-0.014719663754357255,0.004695135703128012,-0.00922529586805234,0.008158201715048097,-0.025161242264058373,-0.007180283819171742,0.01938213647099518,-0.01607393840259206,0.007897672550054354,0.00673405050772508,0.02932037903319074,0.012232649864726669,0.0010510001057364492,-0.021239685365211883,0.0036162944671985124,-0.010256413767215122,-0.0073260368972299485,-0.020408802956482352,0.004801960779297847,-0.09633549317267873,0.0065540227565674385,-0.038618412562113756,-0.026037011712904123,-0.004040365423825938,0.04102364867530133
2023-04-18,0.005863399559419194,-0.0010335634830741646,0.009894929922476486,0.00623663765458148,0.005007428280894468,0.005161359974358098,,0.0047821040508738725,0.024202218644592096,0.004277651867171344,0.007818155476649677,0.0007349847965330676,0.002306952354250102,0.004643848127996144,0.010135330564799231,0.010142883305112914,-0.001732515450599013,0.013806135680570316,-0.01713228419007142,0.0036334398866864287,-0.007790766399166395,-0.00641887433646352,0.01986319406103356,0.01116534552815166,0.010016721361671487,0.006252200107650177,0.0,0.011488448878877523,0.018609343319851975,0.0054996849040259525,0.010256413767215108,0.0,0.02645120770315883,0.01072074882711822,0.03008794149446828,0.01539617152855351,-0.0033261882657621526,0.021822592164448745,0.0006744892937142472,0.013707250353090221
2023-04-19,0.01642797618272548,0.003097553924672622,-0.0018479181725440863,-0.01649661674741136,-0.008024039274414032,0.003853528084512235,,-0.0017363452470479815,0.0015315804503166555,-0.005252453804584088,0.0063694916587631175,-0.008856225602075052,0.0018416576515447034,-0.0025439696634353436,0.0067001922088178465,0.012762351651200769,0.00731786964902888,-0.005499602358450119,0.008884783192334818,0.014832045582200904,0.0019531730815019062,-0.0009204672574752521,0.008286269345412987,-0.001273476812692688,0.009917463984841982,0.006655488294975899,0.016579050595838668,-0.008342292659902236,0.004379998105785323,-0.0015967199883778743,0.005089094756046719,0.0,0.008000015407994812,0.01528555058584347,0.005193483281715502,-0.0008043433441535879,-0.009084551676999543,0.011199362670255553,-0.006765931483869105,0.008798022890293751
2023-04-20,-0.00031937497263176385,0.0041151820416945135,0.017721325241174694,-0.005336805052561252,0.0,-0.02334745766268482,,-0.0010866656971500776,-0.012009374124504557,-0.004887966852235268,-0.020040823365778893,-0.0007415253210955466,-0.007155344526763048,0.012359553889624538,0.0016680034016705106,-0.012762351651200874,-0.009973649751282855,-0.0027610067939736332,0.005387720446443491,-0.0017168659835712719,0.0016712596571746541,0.004593551029940144,-0.020462885329454887,-0.0029077173518857174,0.0,-0.00022104328377312122,-0.02114866199533303,0.01661533798314966,0.0017469119906904796,-0.0011992578951344648,-0.012771491963644322,0.0,-0.014042420154671416,-0.00585145810580787,-0.003992816622458723,-0.002740021564784528,-0.02234171939504099,-0.0023229329984095974,0.012816422517491956,-0.0135862638067407
2023-04-21,-0.027417670923132034,-0.014478000440173522,-0.009738342456907738,-0.0010038295115175702,-0.001007624310311748,0.0,,-0.007859506509366747,0.0003098056547402664,-0.01302063705044986,-0.007517929508664929,-0.004460921342849694,-0.01188377369518223,-0.011910246589093492,-0.011735310460779528,-0.001836533981772197,-0.002047819001734626,0.007346047606288106,0.008671855668151367,0.014922611529631473,-0.006701929765284577,-0.014774098507507449,-0.01232689902210725,-0.0019192465451479787,-0.013245179113688133,0.007601169269105598,-0.015385097688069723,-0.014523115221717784,-0.0017469119906904492,-0.0006001261304826475,-0.010336129355474725,-0.011090776650285317,-0.004048575013934302,-0.010619547464785176,-0.01830209547916425,-0.0040429541360374206,-0.00344401631421504,-0.008407223176385599,-0.007399924863932308,-0.010372651651032298
2023-04-24,0.01160025826091249,-0.012578820715778613,-0.008599668320275767,-0.0036894928128638625,-0.005053035527879916,0.01433256960381457,,-0.0018647820420737563,0.010474491826089324,-0.006974214046269969,0.0,-0.015015243627805212,-0.006585494750743074,0.008500559728830279,0.011735310460779538,0.010059500645667088,0.012021468753017444,0.004563996708027579,0.006709322041194898,-0.005232902068885318,0.004473028835018618,-0.009345882162141836,0.010027150245946503,0.0013508913898457428,-0.0066890062328254195,-0.010147817775310191,-0.00934576881229698,0.0031298599911019393,0.011299675777723646,-0.002985544661181967,0.0025940481175385673,0.0,0.010090979760610845,-0.010733593941633191,-0.0021752209642454823,-0.009606784071430178,0.013219132483006038,0.029460450653644336,0.0033703345099005766,0.0050792795390246686
2023-04-25,-0.03030538743297765,0.0021075528716879145,-0.017424073635297434,-0.031401953376428926,0.002024303978888624,-0.040929833637713374,,-0.028509693086315943,-0.04257287505629186,-0.026133374474682905,-0.023316881472770747,0.0007561034341475676,-0.03995713775729785,-0.013906620524672895,-0.030459207484708574,-0.06678535705608035,-0.009667004412107107,-0.03145468455581864,-0.013110190393284623,-0.013562953175337643,-0.025997538213990836,-0.004705843414431938,-0.051172108694016484,-0.021983571482063,-0.013513756068823523,-0.02401100976206363,-0.01895796057982339,-0.0136342031312942,-0.02804738024490159,-0.020788095201955514,-0.07810154349298992,0.0,-0.049392813999490866,-0.01327719547220841,-0.039563855374540234,-0.026694950743364563,-0.047817847185531344,0.0,-0.002695389973305337,-0.02195223315026932
2023-04-26,0.013544230806910713,0.0021031843443944953,-0.0031436710726945164,-0.013966593472775566,0.002020152678556841,0.025284172486379805,,0.006418581243868937,0.00891429029905418,0.0018455683768804534,-0.02195117555137612,0.002265073543686158,0.008071464436674756,-0.01272939385576923,0.022091011874220266,0.034420167476646286,-0.0030722080215365593,0.017699486753110283,-0.00863878208128546,0.0012928633769705798,0.01759397775709315,0.0056444522220801385,0.023122381368670824,-0.01788238242771133,-0.0034070814986525374,0.004306076748008498,0.004773350199099554,-0.0042326873719675225,0.00531920136594429,0.0030996328675157955,-0.0028050647981058023,-0.02129059691914875,0.018809383087606754,0.0036385656154181846,-0.01139295895273441,0.0,0.018200668186047157,-0.04464807503030184,-0.01495616771458267,-0.027248268392167995
2023-04-27,0.007217922552117315,0.01044925602827031,0.010648276124046138,0.015698835308267295,0.005032814174265639,0.07100573547204499,,0.01710607749622474,0.031818077818132326,0.015854104505844336,0.0036213388066739798,0.0,0.01571023752255029,0.00895773400398465,0.02325686092150807,0.025059177196174273,0.00959477545318231,0.0036865528354955374,0.014864101366525728,-0.000861761379588688,0.01894744727379908,0.00933715495731673,0.031340501166190964,0.013368901193825404,0.02693755892914776,0.02036979497212472,0.028170828427875938,0.01159722726121978,-0.002656169568345054,0.015354895252570964,0.03180211830023072,0.0,0.016427418525247414,0.026285731985177915,0.019150766678184897,0.014844863697257155,0.01738320377243733,0.0,0.0,0.0050556299103099705
2023-04-28,-0.00583900982181852,-0.009399607604331475,0.006830253019935807,0.013409282000920291,-0.0020102473054658793,-0.012315533655959303,,0.007009905962247246,-0.009253544152414143,0.006432178574174028,0.011753421688460086,0.000753823418530149,0.005977267315142634,-0.0022698178199047673,-0.004938228300373005,0.009124279035733459,0.005167412233955822,-0.027986779390401888,0.005372032860465738,0.002869540306924239,-0.004980690275090737,-0.007462690579960277,-0.02078424650205271,0.00864548476709592,-0.033786919141618715,0.005405217450687838,-0.03135050234033291,0.005227541889583829,-0.010695264131583608,0.008799151802581198,-0.039553009990179105,-0.025642528749767517,0.0101318758813252,-0.032357343260722454,0.015199648837315952,0.0038006273140518635,-0.002958592928372233,0.0,0.008185735468484478,0.002266669202445063
2023-05-01,,0.0,0.006169127267903066,-0.008230488021968763,-0.0030225668687998424,-0.009962704516265805,,-0.0037769169322163614,-0.0062170200812967065,-0.002005626150802825,0.0038167952743899136,-0.009084170443359314,-0.004300036286489443,0.009648846827524989,0.0016487518240014991,-0.01925771890360744,0.007751856920532471,0.027066325487207405,-0.008391893451129938,0.0015746359346091882,-0.0061210823680843685,0.0018707289495133205,-0.006483008635276618,0.0211858491551646,0.006849360212471106,-0.02293523262848234,0.0015910609697515278,0.009340913644988649,-0.00990546068566057,-0.001209223361544546,0.0,0.06047204922037097,-0.006066843255299374,0.0036472913413066648,-0.010153683626886937,-0.0018159544705074317,-0.010424452503321576,0.002004814575017396,0.0,0.015972412424143517
2023-05-02,,0.0,-0.0018468505658787127,-0.030771738954731703,0.0010085788704345118,-0.02792047617412799,,-0.034189604211819956,-0.01729873203113527,-0.029129305006625333,-0.02681114749166938,-0.0022839481805167704,-0.03211163305227482,-0.0015014267747718443,-0.013267192236318772,-0.008368336119527484,-0.03085651357534196,-0.008321596488027114,-0.02136741975927778,-0.005162706379558322,0.03402218593880609,-0.013170353106946957,-0.01062527932052426,-0.01627900933260381,-0.01721208757412106,-0.018827189989592517,-0.027399036063012475,-0.009340913644988645,-0.014585419041554656,-0.027597927025529604,-0.026278824288570302,0.0,-0.02256498367134763,-0.020846780051216065,-0.017487607339331954,-0.016661648191172267,-0.006508251204389813,-0.023816467144450525,0.00946582221940339,-0.03913148549630686
2023-05-03,-0.016226078603598284,-0.006315701588140054,-0.013023354387467575,-0.010710586396336113,-0.011150588652943893,-0.020807021125691747,,-0.0010369245677576795,-0.024732339599564522,0.003919634281837451,-0.007199777789185354,-0.00611609109992936,0.0012351940280079898,-0.01239825176063118,-0.01006730705910911,-0.022663891321919667,-0.0026926360738718006,-0.024437392386993502,-0.014259947593254704,-0.0007193911798517166,-0.0002694985724100582,-0.005698056156991066,-0.004942422804169374,-0.02139055458946074,-0.0069687760310807,-0.018008019095370684,-0.008203423024928328,-0.0083771177247877,-0.014801639277167716,-0.0025942296077770648,0.008836510095171026,-0.08412623113045163,-0.010427587307366953,-0.011215048395914943,-0.019683280059281,0.0040242879974552075,-0.028529627510904165,0.0,-0.013550354264424568,-0.004903928808250961
2023-05-04,-0.025938028765643675,0.049443604648068136,-0.017632846262196827,-0.03172540497256907,0.04094436431805027,-0.01856827817275692,,-0.02616363880018721,0.00324688691834858,-0.0016485097768039704,-0.01700378995429262,0.040576365294733685,-0.015176341063071728,-0.027923136516131528,-0.008467287449542631,-0.018313677363499512,0.0026926360738717945,-0.035839052806011996,-0.022742237960314292,-0.014201091813984944,-0.0005399880388576872,0.05466846833460584,-0.010792887583841584,-0.013772853231591674,-0.003502640157488205,-0.025575008240746187,-0.009933756255959467,-0.0730569989825498,-0.005607311303643273,-0.007718819466372727,-0.017751957401524323,-0.006671147627420395,-0.019048363359988753,-0.017699562512809776,-0.030345410154797223,0.009493014479841043,-0.020360997582850825,0.022313178717667186,-0.03965722147073,-0.04343292010846898
2023-05-05,0.03161177847427185,0.014963007993424626,0.028188696668455,0.026326746179986982,0.015534381596055826,0.045789643404550905,,0.040244283658070736,0.03722392754459967,0.03126513626873239,0.031135926856083074,0.01824214067867382,0.03956775149428779,0.020440501697514143,0.030153034920969043,0.03723577804610021,0.00010357102621521567,0.0058995818935267015,0.017770251997155283,-0.02213446553671179,0.030837195602480355,0.024934624328443428,0.03687425044058217,0.019346380184822615,0.03787029082244112,0.02710785669456613,0.04553621534390023,0.01571280046594282,0.01396020222254213,0.02522884398568173,0.029413955579889284,0.0,0.0315484831874301,0.04611409961863393,0.02423299264208809,0.03132898293440017,0.03930175031783612,0.0,0.016191617148814196,0.032684079161250455
2023-05-08,0.011601437791063702,0.026381468325663914,0.0,-0.0007219335022193527,0.04336190675134044,0.0,,0.0029512085010989005,-0.0006248597897616162,0.005779701010010395,0.0008630729261812472,0.02991667311181981,0.002647200927727341,0.00596011352898146,0.0049382283003730106,-0.0018762601093102378,0.0010335947689080686,0.020379210600742933,-0.0015604518107749173,0.001491090166624968,-0.0002621500913285064,0.04050528965419782,0.0016077412707134703,0.0024105481148254935,0.0,-0.005315793033077512,0.0031745475940383357,0.01656612969414499,-0.000924575253418345,0.002752920866240224,0.008657992594573215,0.025116964188121614,-0.006230413922789999,0.0036472913413066648,0.008286571459967591,-0.0116337228151714,-0.0030471406574799423,0.04702141402111361,0.023465604321915943,0.01153068271296078
2023-05-09,-0.006311311835495312,-0.021443322303024308,0.0018511283792040799,-0.0010842155971466962,-0.015806794785740853,-0.006414344106102348,,-0.003860982360911666,0.002496950940433376,-0.022102410236705596,0.003445589418983807,-0.007042257983767236,-0.009174348822862848,0.0006092233041877894,0.0,-0.0018796856045653384,-0.0033113728178432757,-0.013539723262160023,-0.0053433466898869676,-0.01697902469262706,-0.0055138002043833905,-0.012749932980816909,-0.012934706362306264,-0.0048266202355611585,0.013423056740550396,-0.000711185692288639,0.012598675729390874,0.0010947197534507626,-0.024345917876448,-0.014771097415277379,0.0,0.0,-0.0020856138138582807,0.013261249890292363,-0.001303765564289015,-0.012099483302093407,-0.0030565598890020538,0.0,-0.007531660815132372,0.004160383641780621
2023-05-10,-0.03035402981048882,-0.027973814629977358,0.00614644713450895,-0.012368138935992794,-0.028519090982813206,-0.0025773160240964267,,0.0019324035758169537,-0.011285481449338098,0.0044597541222289,-0.0032299147212783365,-0.02142940508330733,0.008693779138354923,0.008944344069962341,0.04338024281295595,0.0009403351444216384,-0.0015559919312134244,-0.010768735620847167,-0.006859230572070901,0.034845837822052354,0.003417064009324136,-0.029515967186168234,-0.012280085796125124,0.0005128187198417619,-0.0066890062328254195,-0.00773389676625618,-0.004705882911062214,-0.006586367173140883,-0.014320048888469116,-0.0037269664062770974,-0.014471915012585886,0.0,0.016563469129910118,0.0,-0.006982805895678574,0.00998455841321075,-0.01077213746040832,0.0,0.01838662510625161,-0.006769333156964153
2023-05-11,0.0,0.008072660613913053,-0.0030683613026492563,0.002558825600772154,0.0,-0.009073381501848998,,-0.006265217957570457,-0.011733064731142273,-0.0020247120074085526,-0.007359253235473788,-0.004341489578217547,0.0016813498344230772,-0.0077268197976059294,-0.012658294433337082,-0.012293256292668798,-0.026082008499209844,0.007843180930808468,-0.005689681467567188,-0.01771800459581316,-0.0042632872249454955,-0.012411511260834663,0.04194160621822052,-0.0031555319126722503,0.0,-0.013104846047843717,0.010946116113527362,-0.014420735664033265,0.0019212066510157814,-0.001972626873897591,-0.008784911672484382,-0.006548753672544839,-0.008247441393261912,0.007159921127024917,-0.011304661248186314,-0.008340958947783087,-0.010368018545048213,-0.028143592380560727,-0.012236909834873725,0.001305647359043457
2023-05-12,-0.0025414405100604876,-0.025446649585691435,0.0018419647691537118,-0.01101327656617618,-0.022429034557223778,-0.0026076273915310714,,0.002852738025648867,0.010471274467609518,-0.005283318623537456,-0.01268069178256896,-0.02645273412273631,-0.00023981099625896174,0.00030407044942445764,0.0,-0.004768741264497687,-0.01918064376235065,0.0009760313739095575,-0.003811323315090086,0.02257824453925344,0.0013342386044166946,-0.02438059252635918,0.0023667647985170857,-0.014436648089894904,-0.013513756068823523,-0.002908883890230087,-0.003115210013259599,0.0065506156960604715,-0.009643157725524905,-0.0034356253461864444,-0.005899674183038871,0.0,-0.0020725325200742256,-0.002380849256347472,-0.017725882275157687,-0.00230178216152453,-0.0015645431720444714,0.0,-0.019516358359669972,-0.022159014134932035
2023-05-15,0.021931594656352593,0.026451203594991028,0.0006133513784551813,0.02046107322711192,0.029156399018987752,0.02195058839362484,,0.014816656200920583,0.00848664786281376,0.015366042448449642,0.013115177935116342,0.02427481034131087,0.017846779501749656,0.004096873056587107,0.004765644610207829,0.016121662412744965,0.025436298113761465,0.016449346553925725,0.0080117131326121,0.002205030329032728,0.02475771619659128,0.029718716376772886,0.003147177733840966,0.008391235256208756,0.00677970556109859,0.006774076340790785,0.05316362755229674,0.009122244675428458,0.019194438916077045,0.01377488974050901,0.00589967418303886,0.029775726285729665,0.020534532918193786,0.025883609645018017,0.021704288139183823,0.013569990133691132,0.011416732635558667,0.009307143279248628,0.035846059160295166,0.033572506000473464
2023-05-16,0.013072046874051377,-0.005032830452192781,-0.0006133513784552164,-0.010543667020478717,-0.012530122340732981,-0.023256818598215843,,-0.015386651516227727,-0.009118215993200406,-0.01495866167134151,-0.01686247381387957,-0.015379286178830632,-0.019048056899182077,-0.018183654191137533,0.0,-0.021874270875968185,-0.018852129525495837,-0.014499823237796574,-0.003919834826903904,-0.016284554656862925,-0.015731775173247822,-0.00801790978128288,0.0,-0.006752015216414968,0.013423056740550396,-0.013227402578253776,-0.008915422654873202,-0.01601867734922168,-0.009551281190552225,-0.02110160841759916,-0.008862692982418941,0.007623921485962368,-0.016393754386694544,-0.02469250630802438,-0.01990246856412928,-0.018520539267450987,-0.014553181569661311,0.0,-0.016329700800625117,-0.009849497386663159
2023-05-17,0.00908470650983101,-0.01014192030289803,0.011300426185685393,0.04327528694453276,-0.004861367315176046,0.03468559322778351,,0.01460040642198291,0.021559889361759284,0.01415583845273983,0.03898308787853786,-0.003696756966606468,0.014793754815744296,0.0026178864769429958,0.0031645594419020115,0.019048151917340436,-0.0018610161317642218,0.006792652283393198,0.02878874704825777,-0.0014935842642190354,0.0034296571963223377,-0.0026869864837655057,0.021756848311952563,0.030284143954264004,0.019802597580492513,0.024734142021937775,0.03375232689567037,0.004602902257697526,0.012398842237453264,0.005029814790406125,0.01472784176739783,-0.03215715173664656,0.02650514085576437,0.01183441480862389,0.026644503199177168,0.01200367710297933,0.0227753231167802,-0.005868042308818246,-0.017329051042115486,0.05251672429147689
2023-05-18,0.016899815262539294,0.014170196745791239,-0.01454341627343288,-0.0035063225202517563,0.014513890200465944,0.0,,-0.008122715457491828,0.01928199134219217,-0.002815057064501314,-0.014764637082905662,0.01104979675262081,-0.006415582620155179,0.0007687883710523657,-0.0015809770217965113,0.029251674463938653,-0.015237213175544653,-0.002905408330875162,-0.0018187200525565264,-0.003443910985244944,0.007347011841624367,0.010704896265048365,0.001536121494544568,0.007555410659166069,-0.006557418466804272,0.006888377162320594,-0.008695764669700177,-0.005757070217206735,-0.010481205427726356,-0.009135294525120814,0.0,0.0,0.012000103113670503,-0.02020268805529722,0.008725897547704479,-0.004094604905420327,0.0071392006918456225,0.0014702419132730737,0.010865826954428925,-0.006198068856558913
2023-05-19,0.0030731729203194703,0.005012587380172714,0.012029232966795634,-0.012725499823442822,-0.004814674175799518,0.008799438068411915,,-0.010476188539141224,-0.0032531995120991214,-0.00808760594575334,-0.014766743215545861,-0.004405332640729954,-0.009099652840218108,0.016007623326422377,0.011015008778021725,0.0018885153905455756,0.0179725548461746,0.006766512004277622,-0.010461810128141145,-0.002703511691611754,0.001828303600491751,-0.0008877831381402243,-0.0015361214945446117,-0.0022963991433747524,-0.030052257473383897,-0.026991320745845787,-0.03405210983757073,0.014900043086614679,0.0,-0.006349329606199071,0.0,0.0,0.009891244142042543,-0.02676557647272059,-0.015467932182752355,-0.0001641447948123161,0.02061929365265689,0.0,0.020678090985621067,-0.004486673467628665
2023-05-22,0.0027239404526988465,-0.008032195740492201,-0.008214835375158538,0.008148771687511438,0.004814674175799594,0.002500128404213856,,0.003542168849843316,0.0113399080150626,0.005466279445188685,0.0017486841827057456,0.006600788062658284,0.008145870350616395,-0.003332677738785139,0.0,0.007518891156131493,0.00425290407749859,0.0028859673053641074,-0.003778107255781493,0.0010522475164664387,0.005465367532928174,0.007079755393774421,0.001536121494544568,-0.008297041914613551,-0.006802765440605842,0.00036460918748031714,0.011976195532436456,-0.0045610372269880356,-0.0019176368097270425,-0.0004245345218197983,0.014514001320552736,0.05715835825982144,0.01368562092639286,0.006146309334799162,0.007326255384160216,0.003277787526413528,0.004965340186883491,0.01699477376756875,0.0028189962000700285,0.023455096142636557
2023-05-23,0.009475495609479712,-0.024491031666970406,-0.0019054500180109102,0.008432855385957873,-0.025293267459551835,0.003738347651271532,,-0.008361486781527098,-0.015257696155291895,-0.0068882472875418784,0.002617259983801169,-0.0229216788462967,-0.007424389705987274,-0.0030397441454469492,-0.001566221370330112,-0.007518891156131528,0.012973228954976096,0.011461356543496622,-0.004163876768698402,-0.018499506528377566,-0.009649251992969482,-0.02139121269560865,0.0,-0.010487560507251312,-0.006849360212471103,0.0044873459548567295,-0.01801847436362123,0.0,-0.007707072591350393,-0.008746976665311833,-0.01159423843304696,0.026798264927907184,0.023033567691376572,-0.013572009150701187,-0.00189973461785171,0.0014712239105576785,-0.01597646842275144,-0.004826309698537214,-0.021338034354693742,0.005596636926701179
2023-05-24,-0.023514461772430776,-0.008298827956880807,-0.012796143350625781,-0.016937429040283686,-0.013889012205991754,-0.025190333133803717,,-0.04710058627381708,-0.017822100272676094,-0.018465758520161125,-0.031418399685219124,-0.02729496476300785,-0.015992588566167667,-0.010250108009981163,-0.015798014438004777,-0.015209438694362042,-0.006141407942468603,-0.021113835853138474,-0.011688135575997259,-0.005524745723776081,-0.02547916849423649,-0.02370207229727028,-0.015468087800394045,-0.009193501350655555,0.0,-0.017332177774487405,0.003025665256443116,-0.020785898836277576,-0.012652254959863156,-0.024290920734293637,-0.02958810534629423,-0.0632572942794199,-0.009532927695824846,-0.0024876416616717604,-0.019793939352756095,-0.025313580714324557,-0.010116496782643534,-0.045023567378969793,-0.013753423525433487,-0.008284568491915324
2023-05-25,-0.0006899319611605716,-0.01469063179762118,-0.024113229989801484,0.0024880329348660277,-0.017128859268181328,-0.007682549413635779,,-0.0006030260976425826,0.006968600722684445,0.013779031982257323,-0.005861104377707013,-0.010819366987957225,0.01743367695985899,-0.01893875719769301,0.011854941537958432,0.0009574159871605129,0.004313700009539627,0.0009692202879358223,0.012646018166374402,-0.00927657027532593,0.010163275281667607,-0.014870101688171631,-0.0007799617855481771,0.00243527174996264,-0.006896597680170109,0.021679073042069157,-0.015221019283571658,-0.018846301576135014,-0.007866334304687216,-0.022198391084537084,0.005988072184417709,0.015248065039750146,0.008814266504868228,-0.011271230522030487,0.01068428292631579,-0.04489342890470961,-0.003565044331167407,0.017557458096779915,-0.0065813006304410665,0.000733953548118889
2023-05-26,-0.002072405156475654,0.01156076104097296,0.01894872695896169,0.004957425187081402,0.00506846413446443,0.0038486523843610744,,0.016867529250059528,0.0016520540300896654,0.0020404106297529662,0.008330363242157931,0.013889235302659371,0.01477281336187814,0.012923486964048969,0.02397385127290018,0.0019121862856825468,0.009531723611531703,0.004833365912823095,0.02479194722477505,0.006656828343953992,0.006366043270346094,0.00931963707051192,0.012403268310078933,0.009317405495218362,0.0034543313084473624,0.010784879734680003,-0.0030722195815807195,0.01767872110461621,0.009823258024055845,0.014595605259730903,0.01481512148939226,0.0,0.0,-0.00378548597480044,0.010571396530664124,0.0076815486209605545,0.012674453153203305,-0.00248944465703675,0.0080380209114343,0.00803594073049462
2023-05-29,-0.0038109787504872544,,,,,,,,,,,,,,,,,,,,,,,,,,,,,,,,,,,,,,,
2023-05-30,-0.02530879964659236,,,,,,,,,,,,,,,,,,,,,,,,,,,,,,,,,,,,,,,
2023-05-31,-0.03182921529424402,-0.010638365840262327,-0.021376724820351484,-0.01677119258843658,-0.009179045335057727,-0.03141620562888042,,-0.00561892808096144,-0.023498299775026366,-0.010911115075048654,-0.008537630806323656,-0.004680334364343424,-0.01803583098448464,-0.0177858937339204,0.001743657760966293,-0.030143182231609094,-0.012166603120860327,-0.017391704797780985,-0.013584138667302929,-0.006191993708343695,-0.016164331438221644,-0.0028208938425369583,-0.02495104303208561,-0.012812547015098704,0.006872724182264458,-0.02009967744043137,0.0,-0.022472951734999816,-0.007067260728935894,-0.011776462031914244,-0.024616588382786995,0.0,-0.02716981153402226,0.008722883165978489,-0.019076141002816696,-0.0070422689558105765,-0.02918386435350638,-0.03930083195582773,-0.0073207933529361256,-0.028966000279670414
2023-06-01,0.005863034193985128,0.001068917919557855,0.01007719021916671,0.007588154411310241,-0.0010251841179152639,0.01713951216770558,,0.012154397393342675,0.014708685161983108,0.009271635146057734,0.011664650866951697,-0.0015648623437012333,-0.00024264104606036446,0.01731780178676271,-0.005240223197509767,0.018582420388865078,0.006156642558870472,0.01930565901825547,-0.02342768021226497,0.005574425387971412,0.01616433143822178,-0.0037735743768327803,0.021766370630041575,0.013684988844973501,0.030356461331077056,0.0037843697861849267,0.061603091802206994,0.015430629281833955,0.025013802064592933,0.010007745430098202,0.027651467428772388,0.0,0.0021164038225495703,0.03174865360051296,0.021956546932219965,0.015080020376229923,0.03174867090497408,0.0,-0.015550125628180549,0.0062601507932110055
2023-06-02,0.025610099111358864,0.008510651105993087,0.012620596146672934,0.03292900854786015,0.013245303578375701,0.027080941505792266,,0.02872043483986221,0.028783750515542102,0.019094652051754285,0.03247318496018601,0.007800324203332131,0.03646294053540268,0.01132943573815087,0.01908130328413969,0.02677020053710617,0.00894726190894441,0.02548495154661371,0.02265535064377673,0.011056666256845826,0.01063255209845808,0.012212495231250663,0.02519810881840784,0.020788470778246908,0.013201548175732618,0.027402298784966993,0.0014214381606423208,0.007042322453165877,0.018600697428525634,0.02242846520021938,0.03571810491945527,0.0,0.035310017615522986,-0.0036122178585177933,0.028638392518139776,0.022542452311082106,0.022791441775039608,0.0,0.017752045808116613,0.02903038679385736
2023-06-05,-0.012903523633606782,0.010537473954338017,0.007889640335736588,-0.005938806127220152,0.0020221333550607306,-0.014093702407821302,,-0.012041421304330847,-0.009947060941748506,-0.013164677713501627,-0.001728658195309358,0.006196821689911508,-0.0186612360486632,-0.0057263541756770765,-0.010362757763398145,-0.020010115497977356,-0.0005434153980659007,0.0018623339565621091,-0.005701176024064532,-0.004438648748875657,-0.0023826443553462287,0.01574826605636821,-0.014884542238130322,-0.009872733460610428,-0.009884702743378746,-0.007258130033073687,-0.018638548128400382,-0.004689493380571152,-0.006812768808565767,-0.010549894103195059,-0.005865148784978812,0.0,-0.010256609904050279,-0.006049815342145467,0.003766401424587982,-0.018374265318254576,0.0015012354994442775,0.02264624014444444,0.016721570415002635,-0.019342041102730405
2023-06-06,0.005396883691970392,0.004184310105798974,-0.004594746349455102,0.023888908390491462,0.010050333380173939,0.020434832550852936,,0.022573683021353715,0.007965563275841856,0.011352278032093446,0.020972429343495247,0.0046225452980458515,0.020998824475923432,0.007576478141281305,0.003466164466179215,0.017175953831050784,0.011240023637328221,0.0009298080735924051,0.015386922456408759,-0.012503097305405648,0.012380261724326927,0.004585014832613855,0.020313141386121426,0.0017959044917739658,0.013158037019292306,0.02500134078330295,0.010079309600107448,0.0070259561935788455,0.008750730084089754,0.008925791288215463,0.011696098087275394,0.05472490723696184,0.012295243299000365,0.010863151851289833,0.0332746530565113,0.007768736699408215,0.01488856500275723,0.0,-0.016721570415002645,0.01982691419333732
2023-06-07,-0.005036090667094207,0.00728018693342004,-0.013912136978329685,0.00851664248247502,0.0019980754851330372,0.002525315724976299,,0.001024295778221948,0.007246351562441072,0.0012086016064338874,0.016591564684559273,-0.0015385710647210697,0.002099015773337672,-0.015210667569462523,-0.0034661644661792995,-0.0018939795290193455,-0.011240023637328258,0.0760313640976408,0.027018501986856683,0.00804459825510335,0.004700955118329298,-0.002748418189058453,0.0,0.009641772231429013,-0.016474882451646248,0.007426325591824482,-0.01880028009387165,-0.026006212931765,-0.0038796855386577698,-0.0028215461044184074,0.0,0.0,0.004065048360645446,-0.020619267137921306,0.005105032942624073,0.0015464568776775926,-0.0019722581769667995,0.007099598187771863,-0.010316948949249255,0.019441438086583513
2023-06-08,-0.0061494089163605685,0.025576765364347904,0.013912136978329687,-0.008516642482475167,0.0069617183042117335,0.002518821939910371,,-0.001251928549753276,0.012394271190191843,-0.0002011090101963625,0.0018731610015872797,0.009195454182618452,0.00046588398528467817,0.01026924778095183,0.01891712250818097,0.012247032352077584,0.0119916808252128,0.011986325327964849,-0.0008343531547729542,-0.0033956173459512517,0.0018222385253442578,0.012762256487621486,0.01611083946693382,0.00028412378097229373,0.006622559038950675,-0.0021990318471697156,0.005822398506027263,0.010720734222124493,0.02400487034637324,0.003471522044228035,0.011560728597794955,-0.008318452226568037,0.016097037389735114,0.006108823945324753,-0.01484919132922427,0.01584212198991085,-0.0004937753091073295,0.0,-0.004454354427525393,0.007105540644277078
2023-06-09,-0.009845135395880033,0.003025822295506654,0.00393962455926506,0.0013677066036106226,0.0,-0.008843908243676975,,-0.0070875883643319055,-0.021957281848948074,-0.0024194212156523507,0.004149106793189876,-0.005353551196214794,-0.0039668986746709866,0.000619062777314185,-0.017182639720172383,-0.0065759199383747515,-0.012535286039486983,-0.010265250944994319,0.001638099595876765,0.014885615787857378,0.0,-0.011845165529776836,-0.013793439450090018,0.001987773208690202,0.003294904945891258,-0.0011592943704485997,0.005788766532678383,-0.004750693885134884,-0.0066633797176427045,0.005292428133675516,-0.014471915012585886,-0.02537908625704049,0.01190490733785967,0.007281631432344446,0.005154662719171508,0.0016887072599801997,-0.0029672694935498362,-0.007099598187771865,0.00297171766590207,-0.005680582845745283
2023-06-12,-0.006986643859637725,-0.013178101571505054,0.007832919193999916,-0.004794720744021636,-0.005964389295924877,-0.008923023881431258,,-0.0008031913371007206,0.008249411853089729,-0.006074062044336291,0.0031008771863362335,0.002297943733518607,-0.0025748019747153534,0.004322357011196317,0.005185974043749055,0.0037629198196559724,0.012213171697798224,0.006000760722203145,0.010273850850132188,-0.026392474543727392,-0.009406937147489526,0.006395526894391313,0.001541955188117223,-7.088233436535976e-05,-0.023295457136662662,0.014166852035722571,-0.0072411729061563216,0.008298818705356287,0.00571434405633351,-0.0006465439663268468,-0.0029197628875056517,0.0,0.005899724500327638,-0.0036343400910377422,-0.011430247499275384,-0.004735292178488311,0.004940705165962903,0.015151947877144375,0.0029629956423904732,-0.007146164095449739
2023-06-13,0.034811374193765565,-0.0030658978250781535,0.006480971349756405,0.009226175397143028,-0.003995910709511979,0.017766932125108152,,0.019780060811509233,0.005897835546254389,0.013114120341258716,0.004941298667255987,-0.01076943003914542,0.008402968051258551,0.012247449802270572,-0.00172570510739376,-0.001879640783169973,-0.008414441989724403,0.0034132215148934006,0.008827158174026312,0.015056601245782402,0.009666776195682576,-0.017455615558335802,0.0076747493271895504,0.007208170404219348,0.020000552190771258,0.009560632280982419,0.012996478808709466,0.00588589753040054,0.011331538281836495,0.010721535394012029,0.008733685305518263,-0.003678758625313281,-0.005899724500327769,0.008459289110994455,0.013592761917776655,0.016309640851511136,-0.0004930450496114894,0.00200291531419416,0.00956948734432876,0.01941350053571595
2023-06-14,0.0010686265757435215,-0.012358588263271245,0.0012910697653737452,-0.009569410668946102,-0.009049827164081809,0.0025125595596993174,,-0.0016898527135866474,0.011046244454792254,-0.0036146044146152926,-0.009284978546413882,-0.008543865985887331,0.005101071343641957,0.011497951846526832,0.015424576869017626,0.006563490095596412,0.00043319608418752615,0.005097650250790094,-0.011983760995369078,-0.008509413006763925,0.004928116537805921,-0.017765735420136788,0.009132445389886203,-0.0037389752167411483,0.003294904945891258,-0.0034038979056159255,0.004295060277681518,0.01860523063690504,-0.016091410630928917,0.001172606034040676,0.011527487084943028,0.0,0.00981352551462158,0.005998886652304176,-0.011814939649194656,0.0,0.010301720063227396,0.0,0.012377199658166454,-0.01345475792020042
2023-06-15,-0.004638898595979352,0.002070463359420418,0.026107831448375043,0.008548535825663471,0.015037965038458532,-0.006293175645626594,,0.011546507907064655,-0.0025881729648313,0.014974854335928272,0.006611520224619707,0.001558957547424129,0.014920457559599483,0.019808456095450882,0.005089005467527364,-0.008446769132082255,0.006153341517856742,0.0168069362186064,0.0038927173691679666,0.003722102906923513,0.010296038932166353,0.004705843414431963,0.01204843143046113,0.011244638522287069,-0.013245179113688133,0.012088397409388255,0.0028530164382855228,0.014865964007495262,0.017967560618956546,0.01427760816647466,0.00286128404594702,0.0,-0.0019550358130390557,0.0011953751404457887,0.019614984851860622,0.016868219843562723,-0.0034221285044605115,0.03199877410863611,0.005772081326195986,0.006631899901991607
2023-06-16,0.011380047962834488,-0.001034695827490502,-0.0006287604291128044,-0.006147514009211025,-0.0009955260049262418,0.0012617941460169033,,0.005446643454954686,-0.0012966389839011976,-0.0059630769443970765,-0.007648867719269458,0.00233369583445011,0.005906441842773828,0.007200000584145321,-0.005089005467527318,-0.01806989587199828,-0.001184556920162026,0.007472025502492217,-0.004217819713958351,0.028235295051803177,0.0033236229141427914,0.0028130731850045674,0.0029894122949683318,0.0011873097506925722,-0.0066890062328254195,-0.010839240054120252,-0.01290338261852034,0.0011342227691154842,0.014884033433836956,0.002307415823688108,-0.002861284045947102,0.0,0.001955035813038992,-0.013229230969506818,-0.011858531825304712,0.002947522598670778,-0.0004898038785319421,0.022989527785262746,0.022057227695905495,-0.004258270303539823
2023-06-19,-0.0010614432190672505,,,,,,,,,,,,,,,,,,,,,,,,,,,,,,,,,,,,,,,
2023-06-20,-0.0014168406896758715,,,,,,,,,,,,,,,,,,,,,,,,,,,,,,,,,,,,,,,
2023-06-21,-0.0010639924506329651,0.004149396117742042,-0.007523528257697689,-0.01044572281511574,0.0,-0.02683872250367423,,0.0005601238762883632,0.0064329538131266545,-0.006913369181079358,-0.004209810512604895,0.0,-0.0041793323071637484,0.0010171816210838764,0.006814350828887432,0.009756173950115037,0.009664975321822434,0.017164282601560745,-0.01723138292293996,0.02432418261992745,0.001269151818738938,0.002845085639026743,0.0059744576486008135,-0.0014743796838477582,0.020270933524010017,-0.004506857375840676,0.021599147288220502,-0.007905316006717024,0.013921222556396218,0.00349096761196648,0.005763658086216318,0.004566293778169911,0.0019473215752337804,0.028848158684725584,-0.0017783321226501271,-0.0001650828396428464,-0.0019929979492104063,0.0,0.0,-0.005745664739329072
2023-06-22,-0.013576557164371403,0.0,-0.01713795259791473,-0.021582289610951894,-0.0020102473054658793,-0.02624817703783183,,-0.0006723411010923285,-0.023026829289824264,-0.00840089712244746,-0.016589021511495394,-0.0015638331445687569,-0.012407971210901468,-0.016991627253220943,-0.01885227929212988,-0.01073717003870235,0.007983586175929836,-0.02877302765352235,-0.017033157780243936,0.008075846838911854,-0.018433566401930897,-0.004746161315546201,-0.022591226182945883,-0.01944043026083978,0.006666625405137623,-0.02154133104173901,0.02392800604051228,-0.004545366153225108,-0.0327898118424977,-0.007100921550993669,-0.014471915012585886,0.02474795092883667,-0.02561707521120266,0.004728053202005022,-0.011291923015627332,-0.01345630994753564,-0.007509553746112953,0.0,-0.010657304094899359,-0.0142669358187457
2023-06-23,-0.031052611109800274,-0.01775512181786623,-0.0292321918350117,-0.007539192924322915,-0.01011118368182102,-0.014735706127824186,,-0.016959208822453685,-0.0205509456176382,-0.012630689386287964,-0.013167978510057578,-0.010224179376606227,-0.01375719328443029,-0.02740717296040763,-0.022748159346921325,-0.023834380628251193,-0.014524011169142849,-0.025339299886968175,-0.01535585373811726,0.004523210597533919,-0.012219083581592953,-0.005725125154226066,-0.03803328380739762,-0.005243548087767746,-0.013377993151820618,-0.010947414909300708,-0.02392800604051232,-0.02771537098238141,-0.010531379648726842,-0.01349185126339257,-0.03259560220387052,-0.07616122066371393,-0.001998003479203502,-0.028710051919415665,-0.015913151503158866,-0.011100082364947837,-0.007059996281898074,0.0,-0.002861341960725454,-0.011020176848995027
2023-06-26,0.02708796644128149,0.008394682414901855,-0.0026403801895961317,0.01217779227199768,0.0060790196841685115,-0.005412794405869551,,0.017295532590205977,0.010659786403878211,0.014069998649758702,0.004769023429558355,0.005518441010899003,0.022435583522386972,-0.003346109841219452,-0.0017715610337334204,0.005012646909930194,0.005257236100973303,0.014437577541731268,-0.007495138742297047,-0.008039369547962921,0.006258143442002185,0.0,0.01413982367813333,0.002445474628561255,-0.003372778717575947,0.00011956885746404041,-0.007148076715966958,0.003506776081109314,0.012434419747175804,0.013172767939817793,0.003007496857576341,-0.04537875987625455,0.009950436161343204,0.0,-0.0021129056965536954,0.019427913484724557,-0.010172995313760773,0.0,-0.019530396203256507,-0.0004927371994858785
2023-06-27,0.008630005739111489,0.010395135230454997,0.017688029580901,0.005325780606630231,0.011049839584012762,0.016151132489665508,,0.010257567944756026,0.014473822496032969,0.0075735145523099096,0.0034542421233640015,0.009389726659904384,0.004780121064109495,0.009552056333483997,0.022788038702484133,0.02566776713082883,-0.003752301546726011,-0.0016876697305332937,0.0034833259077000616,0.010365975261532387,0.013939189921470013,0.004773230312781219,0.02236904705545078,7.180406054465484e-05,0.00673405050772508,0.009998984598525027,0.017070158806378615,0.00813480229075967,0.01040191334454641,0.011214807811394802,0.04979079889519724,0.07024696662730229,0.011810964357302457,0.019231425097963245,0.023274816675849054,0.0077654010069743516,0.01622742252247705,0.0,0.022391738163982024,0.007852999008307111
2023-06-28,-0.0014331721894337407,-0.001034695827490502,0.012262138465404032,-0.006037944670820437,0.000998569281294102,0.005326234374462537,,-0.011378990516362495,-0.0013071595749894087,-0.005315907068508444,-0.00367061472313003,0.0007785683391626287,-0.002127001277419748,-0.004840387149686808,-0.001734482788008525,-0.0019512609355732046,0.0015025689347566836,0.004214062747513253,0.0006697019638140398,0.0013062191425383322,-0.002823721337274599,0.0038021547883734332,-0.0038211867587576295,-0.004391523393966483,0.01993418534651363,-0.005225101882459864,0.0056259312988817785,-0.001158053099090369,-0.00471465162164182,-0.008028010669168181,0.02817072287716654,0.0,-0.001958765201254773,0.0035651186346976915,-0.006218438386748467,-0.00016460408112240938,-0.0025181986372692284,0.05660589698603737,0.0028530183335548423,-0.00711388301404749
2023-06-29,0.011762716213809792,-0.01670183649040666,0.00639395036077347,0.020801036805552012,-0.011038811736454386,0.018421539702463713,,0.005259467737186877,0.013963554154373174,0.01404616439366622,0.0012970769949961244,-0.00938238457182493,0.005426468573215993,0.0061975038762545785,0.013793249897150065,0.01261546338422594,-0.0018248568477316602,0.012536674601922673,0.029621522076580465,0.007370458442508509,0.008192677458540826,-0.006663404741194534,0.014443425013236366,0.03432701357807714,0.0032840841908905907,0.014773118660415335,0.03986784592608322,0.006928287302726642,0.011278287464747915,0.004972313595630787,0.013793427958357562,-0.02967574262225889,0.015564424018448068,0.023447763683301547,0.013766559148451618,0.012432551490152422,0.00903634353312748,0.0,0.0056818124299888705,0.04406626662356695
2023-06-30,0.008468695537402862,0.029047522770198324,0.007619065986279705,0.0010462236217943274,0.009040736251321414,0.02447004764059997,,0.007892785450940064,0.020112355051880314,0.011456235645229879,-0.005415331076438469,0.012490417629396124,0.0042265392921421565,0.009001012137807752,0.008525193861159236,0.015311223853097435,0.004074589459700855,0.016474977178342336,-0.001703914572137044,0.003593368856825147,0.010147099652672178,0.016106481296278483,0.016467425039505504,0.013916393512071518,0.006535988783492348,0.0018751882760149696,-0.006761429762648287,0.010303558406876103,0.01760125334738393,0.007883612135301529,0.01630471910002383,0.0,0.015326075200451154,-0.0034822946744737368,0.009197702564650016,0.00809590190736468,0.01290968791292936,0.0,-0.004969708172615373,0.005403546601857872
2023-07-03,0.02155109332345396,0.010173121410025176,0.005676427026069002,0.01761999465634436,0.01094000397788441,0.01389782736761782,,0.010245051013046846,0.012563039580278481,-0.007019058790022654,0.015089833123956313,0.008497376241862871,0.007004277820152624,0.010104138448956065,0.008453128866066521,0.014144605847528297,-0.0036449301003217065,0.01701122907403228,0.012539708785183687,0.015517453814378282,0.008294833625661973,0.01028525794810455,0.01400686048663284,0.008012670571995355,-0.0032626545075786825,0.011757325015630557,0.01347738247124494,0.0011383411619934787,0.014585419041554727,0.006678524880515849,0.010723946578925326,0.07539781726781677,0.009460715865964208,0.0046404087088076406,0.01572689818853136,0.012500398355010394,0.009818509612706633,0.04590966021487675,0.03152620274309597,0.016728909557303495
2023-07-04,-0.001032227453798178,,,,,,,,,,,,,,,,,,,,,,,,,,,,,,,,,,,,,,,
2023-07-05,-0.0010331270460362076,,,,,,,,,,,,,,,,,,,,,,,,,,,,,,,,,,,,,,,
2023-07-06,-0.008652221309201244,-0.03737756880197636,-0.03138261367017921,-0.027895784535135224,-0.03352280623742516,-0.011865744650049494,,-0.020835151637093388,-0.039310631136196754,-0.029747318749829863,-0.030811524876392143,-0.036342214642504575,-0.0151803563648158,-0.028128677629712565,-0.02255084731750909,-0.029734599559238996,-0.019694405246471865,-0.017944960088050386,-0.022273728584878014,-0.009588125506338885,-0.014509789872600543,-0.034532053740201296,-0.01492561516594081,-0.009935810547973361,-0.01286202985733227,-0.03060809480870179,-0.018843010748499464,-0.02885371214437489,-0.01580690206247812,-0.018670619292513145,-0.0279349919128788,0.0,-0.04050700425956977,-0.02398739879083737,-0.009291104239131105,-0.0273590092792093,-0.025459649092533978,-0.025537040480134658,0.008510697788430038,-0.013662250034601114
2023-07-07,0.02336079937215337,0.0033350316882612995,0.011643088760230163,0.008801193950084087,0.002270101260309911,0.01709436699555681,,0.009858766022104991,0.01327591554314056,0.016543024772598804,0.00790188694714909,0.0,0.004292863142504662,0.009213762986939563,0.013937536919600677,0.027779626069545635,0.006937248371658952,0.0073802227716775765,0.0069089153954557695,-0.001657234971956274,0.006899314974510368,-0.006507638996966838,0.017884241024987757,0.007859553727815712,0.016051833706385105,0.00036004337316417057,0.013495502800854242,0.008163325502635516,0.011183687154489379,0.006368198811158508,0.014065038256544524,0.0,0.015625325706173532,0.012636636545920111,0.014040083632623842,0.01119727939479593,0.02344659061361147,0.029375853039110472,-0.01853223901524891,-0.0028018228389813686
2023-07-10,0.0003394377870117907,-0.011961745690826723,0.0,0.004546351043771858,-0.006825950692665013,-0.0026108938651922555,,0.0021159086599275814,0.0029630619404933784,-0.006458976244182341,-0.0015317089357204672,-0.007142999132203656,-0.00309852871457019,-0.004369712681689554,0.0,0.008767692612664637,0.01156463818391781,-0.006557562007596008,0.004116180266688479,-0.002113171780199422,-0.004594109781461556,-0.004362093598519673,0.0,0.005596086205386933,0.00950881309083925,0.0004797550597778521,-0.005376392473050911,-0.0011621530611790267,-0.00278424557281891,-0.0020122000841176512,0.0027893796318482983,0.01242258155775564,0.0,-0.012636636545920128,0.008356724216221481,0.0024605070326930135,0.009526373373587405,0.006788288252104112,0.0007191933412118231,-0.010577044447982744
2023-07-11,0.00777690613808336,-0.004825225721428565,0.020999888551478683,0.012482731807707101,-0.004576635885646481,0.02197889922816961,,0.0069840701534581405,0.022107456870840533,0.007497040422576848,0.018655368539021618,-0.0017936996005769078,0.003336323156965406,0.008870071027744593,0.015450958042001665,0.01157201085052102,0.006056106586453181,0.004922224875564554,0.01383893013523204,0.01544375082830421,-0.0010238997490933828,-0.00109342622511457,0.028396400430266505,0.015517929793201587,-0.003159648542741013,0.018532360204628177,0.008053720922770803,0.02639280731529322,0.01384423993545481,0.007919319359082118,0.02203949879623496,-0.041242938039433095,0.019194553891484962,0.0069125720128097885,0.015450609857668616,0.00832036595147148,0.013383045431693696,0.0,0.005019681981067226,0.009875576851949742
2023-07-12,0.018355325205737516,0.004825225721428497,0.030390023995452254,0.011648088194597636,0.007995467334871552,0.033944211262552884,,0.007703432391033962,0.012144574021069917,0.01748107916441372,0.018103123998781626,0.011602148137047028,0.005694017473062601,0.019418204517070537,0.0219047584361334,0.0057360733100549075,0.012642056547374917,0.00733789106270499,0.017056410405649237,-0.003129460675854137,0.026284023358313143,0.006543000315925784,0.01990128704040465,0.004939534372109218,0.03421797148778283,0.009488538594544647,0.03287605823739385,0.026817281643730435,0.016364016976777574,0.0062906607545861444,0.045280756847524355,0.01739152870316035,0.009460715865964208,0.03386332560925298,0.0023759512568751998,0.01114804839738024,0.01853711685589416,0.010515352063998723,0.021932380618901386,0.01209292466408138
2023-07-13,0.003301448281003871,0.005998691777710596,0.025928358604565403,0.010503205513515124,0.0011370179831300387,0.020795784985567937,,0.014258645723407648,0.0188804849750765,0.018582626798530538,0.006311759389417728,-0.00891280380456148,0.024305895322406946,0.025794702444342735,0.024692688571489978,0.029123828473014153,0.027821881241360175,0.01611631462848538,0.006960853273967582,0.00773123138541716,0.011408846868325656,-0.0010874804922914095,0.022957432525675253,0.0048483589139122025,-0.003062797823464269,0.005116941921175047,-0.0064893260601144595,0.016402778076776047,0.033691137740148536,0.015555714044464949,0.015504128722358958,0.03278993633257851,0.03151328064309871,0.012134671200566768,0.02113578006455469,0.019884572420841913,0.021516468823559298,0.03292482698171305,0.014588592286107782,0.01034858951640443
2023-07-14,-0.0112696640864467,0.004773205101273838,-0.003577845518246744,-0.019054594462743848,0.00792300518823586,-0.012180331267738653,,-0.008247474643463079,-0.010025194250697375,-0.011674871746720949,-0.04132013016023793,-0.007187719975098013,-0.010911068404722064,-0.005738729869541367,-0.006525226560398412,-0.004640379106196683,0.0019653263064093656,-0.012062820420124132,-0.007604507381132625,0.0005923315855226681,-0.00469648834459145,0.009745615828239521,-0.01245693555777144,0.0060271974246652186,-0.018576357486597812,-0.0050002290629170216,-0.015748396268038273,0.0021668020791592744,-0.006121656923066126,-0.00329825217633056,-0.015504128722359036,-0.038553531214039545,-0.01470615430172918,-0.011025373948693752,-0.128784427292532,-0.000945493928378501,-0.010939540685264251,-0.008130114246383125,0.008925522533304128,-0.003437644300248208
2023-07-17,0.00664459460625874,-0.005970041581733648,-0.0011955751408456706,0.009912763791652733,-0.0022571635551694664,0.007326025944670647,,0.004891852692267675,0.005651480948908235,0.006055732874554605,0.0110859617383532,-0.00905801979900918,0.009524882377074799,0.002155780256885456,0.0065252265603984155,0.025712943506996266,0.01751655350940046,0.01366038147807003,0.003091571737940691,0.04330561319433255,0.009125727263416735,-0.007571714265298783,0.006247904152239778,0.023817740697751128,-0.0031299014217738893,0.006854631416702923,0.0,0.0010817593479043614,0.023408267405234207,0.010169063696408118,0.002600692433663685,0.0,0.0018501401633450694,0.0033204167576856044,-0.023624703169321686,0.007225976976976245,0.007148020101227048,0.0,-0.03902935496202473,0.026728713224677784
2023-07-18,0.009228687132804246,-0.0035992614234683154,0.023057637192071396,0.04326811829640372,-0.01022169106542144,0.021661392791029983,,0.009496917000443127,0.014916307012038327,0.012797757633604029,0.01629544002136881,-0.007305874544039404,0.0142333975387458,0.012130058862089106,0.003246715460671141,0.003619989155616693,-0.001117542872534853,0.0007978244716788682,0.03031213402064997,0.002265224125627476,0.005630997596376805,-0.014215638320647407,0.012379826724807587,0.0018239625293761203,0.036927293882236104,0.062495864734267645,0.03764242920884339,0.02666825320876762,-0.00860600382930736,0.00601150195794251,0.02056624740920937,0.0,-0.0037038045616521556,0.024018500655212976,0.026411015511359548,0.010277240859738475,0.012739073130972445,0.0,0.057316294764879115,0.01903963692936456
2023-07-19,0.0003280486686077797,-0.0012025938737822216,0.008149025163683111,0.0266767421341426,-0.0034305599669918444,0.01769969931736119,,0.006744168502225311,0.0033872663451168807,0.01165433478297362,0.010577462544256112,0.004572422747464255,0.0020494086070969976,0.0074896984908193725,0.004850393668039191,0.01612934414815046,0.005069841084236448,-0.014458205949748915,0.009678246674103566,-0.0024070271156250798,-0.004158971992603955,0.0043955865255053805,0.0006832645454544724,0.0038322177887844797,-0.01522103497386431,0.013182218923206626,-0.016699246446906388,-0.003162937607131276,-0.00519935783546227,0.004358535261999586,-0.007662811120513953,0.0,0.0037038045616521573,-0.00324137906949557,0.015835298497775138,0.012317142384035014,0.0,0.0,0.006689094494093755,0.014369956069378794
2023-07-20,0.009466504672121621,0.01788945226593544,-0.004648478706227359,0.005061734263671192,0.0011448281249712624,-0.003515089960007272,,0.0013860544007486349,-0.004004242399029786,0.0017658845252985073,-0.002317530772485315,0.0009119810462441444,0.00022749629807965226,0.004915325209966518,-0.009724523500789813,0.002663173037007959,-0.011085631187987938,-0.013849469174690118,0.029825298260208615,0.006640875024574146,0.014844132227400648,0.0021906304085671235,0.0013652081848252867,0.012242245196674545,-0.006153804355967916,0.006846386730945117,-0.0025939875319724343,0.0031629376071311156,0.0,0.001415152536688943,0.0,0.06922412340997808,0.001846723465118852,-0.0010829797713376864,0.013741983802267555,-0.003525616117314397,-0.00422835176026806,0.0,-0.024292791203027943,0.018632108231236667
2023-07-21,0.0006495193938467394,0.0023613051161784945,-0.00995031227567389,0.009109393755409496,0.006841581274375665,-0.009434140150895312,,-0.005448356779512135,-0.0009264539965314029,-0.002748385394516095,-0.007622304321359961,0.002730963476020686,-0.003645286370360527,-0.006465242219110418,-0.0016299718811232896,0.003539715666600685,0.0052021656287936004,0.005725983046612021,0.003130249048319936,-0.00791767139828237,-0.0007252386898074178,0.013043710418256558,0.002044362959537254,-0.0077144502430019895,-0.01869218302282892,0.0022360768288460105,-0.02099822113395496,-0.006336025202596539,0.006926452747495323,0.0010094770452111228,0.0,0.009661770135035525,-0.007407444785126982,-0.03304258914203535,-0.00099590610365515,0.0021477377139550533,0.0023514210854975316,0.0020386674000129738,0.0027285428226581083,-0.025138107741831648
2023-07-24,0.015783974185927918,-0.0023613051161785674,0.0011757654797685602,0.020734234053903677,-0.002275458048684877,0.004728381914726895,,0.0043823741246981525,-0.0015458159096460198,0.0015715897428870106,0.012881560064360274,0.0,0.006370630062079713,-0.0002818691560908568,0.004882061628119779,0.002646818697553291,-0.006532738722583998,0.015378667063075505,0.019609987691867718,-0.005551249336987529,0.0,-0.006500710102330935,0.0,0.019492487674113247,-0.0031495377427807753,0.006996033233466873,-0.007989310005250853,-0.006376196953351716,-0.003457074692162167,0.011735745466297064,-0.010309353973209838,0.0010679596955617127,0.016590156596361698,-0.004489374037634231,0.013709798489730918,0.004433767086904142,0.006087478730341732,0.015360013361638615,0.01353206945007889,0.009958830510805722
2023-07-25,-0.0038426023157739804,0.018735945605934903,0.005858244246527264,-0.01543223864313221,0.019177326907653613,-0.007100670427891899,,-0.0027769030790912815,-0.003719764472882577,-0.026450979386106976,-0.012031782536118899,0.021583601448712828,-0.011405026689039218,0.0012684898808381492,-0.006514694655760513,0.02264897767043067,0.006939485506976803,-0.008064524619849607,-0.011855071985297436,0.006260744575976679,0.004101010598344972,0.015102984565236078,-0.0075164142089637585,-0.007496338753713225,0.003149537742780839,-0.002644040625000504,0.004002666930689447,0.004255464490677858,0.002593951534629729,-0.005505968974489433,0.0025873026642595173,-0.05146197565191895,-0.001829640395844454,0.003368890490008976,-0.007184644193336743,-0.013051939743154661,0.013447808838293017,0.0,-0.03209554514749401,-0.020457878716134557
2023-07-26,-0.02337015722101871,-0.0011607804426786953,0.004080497567502731,0.008054413325647462,-0.006726467882572819,0.02115239699205523,,-0.0006419345595854638,0.006500569988446979,0.0030185033599052363,0.008458560479850361,-0.0017809214815293593,0.00114631499123216,0.007158455803818401,0.0016326330276407106,0.0042973851353068655,0.02013563513623749,0.0,0.00803059741499236,0.004387492039871944,0.008867644246344975,-0.007523010315395699,-0.002059645744358089,0.005976308690225212,0.006269629892199,-0.009363774614056483,0.01191276126423607,0.0063490931173184155,-0.011289862099720415,-0.0012164888913241217,0.04792841213515173,-0.004504472262762683,-0.0018332755951289753,0.0067039227018134495,0.010407825177627525,0.0064704349422954254,0.008713748909979923,0.005998874990750876,0.00760450272279291,0.020888568065701236
2023-07-27,-0.005928805896836561,-0.0034905124376114387,0.0,-0.014294628039919415,0.007843170558401785,-0.09252338641172421,,-0.005070905055635794,0.005538450928454507,-0.0008040729959110853,0.008178872720596555,-0.004466432918765599,-0.0039031593439697206,-0.005047875167534508,-0.019769946544015798,-0.052829183855192925,0.005268726009106396,-0.015504266461778477,-0.008566546673566166,-0.0365297308444825,-0.016601159594964665,0.0032311229461649145,-0.015235819663446391,-0.011090725487311302,0.021639155310061983,-0.008481665322705143,0.024692614196248037,0.0031597200925132614,-0.015845312392724603,-0.0027423106756118334,-0.012391632379574682,0.001128194274040938,-0.011070323847032097,0.019846258334235155,-0.013948648353694134,-0.0038464226797262123,-0.008253172354330813,0.0,0.02583412686089829,-0.01453219398564636
2023-07-28,0.02994035835824364,0.024180967068989936,0.0,-0.0015663666148316717,0.019890053524370198,0.02020273555977727,,0.0014141012952200859,0.01431865982056356,0.0036131168303580375,-0.009864906407328249,0.02911555145848578,0.006649083312110388,-0.009036982842706456,0.031124441925928937,0.0045106074722556155,0.020995563893964755,0.016950418979157365,-0.0036169643651416923,-0.002640183542792014,0.012296784512866327,0.02757340419012554,0.012482852076166473,0.005688207166750007,0.047770255100157206,-0.003597193248203824,0.043949390837704654,-0.006329227786709243,0.0017730282931572548,0.002031994041925996,0.007453325465707654,0.06966900898278126,0.014733239838005636,0.031168681452218964,0.00974220808815493,0.002463345951484588,0.024557754812997025,-0.008810625852585793,0.0,0.008051404445937013
2023-07-31,-0.008694250164445732,0.029149966835946554,0.016729515472062778,0.0031299622973409145,0.0119631308871777,-0.0012508784814590777,,0.01005914904726847,-0.000605163504383206,0.008975741111438125,0.005259255743000348,0.01210044768632979,0.0070589821121146475,0.01100304192294259,-0.008097109128710315,0.0017985991801485815,0.007351468620287482,0.0008442125266030063,0.007446036070017647,0.0027867011903647027,0.0011975319352480033,0.016597679235714938,0.004126535991216448,0.006669559617588445,0.002911291553369644,-0.00010933544293730045,-0.008636785790726496,0.015748474470739605,0.008818500561277982,0.006172648077923108,-0.0024782310893436813,0.004197240407395409,0.0018265788620306365,-0.013852120550853969,0.017687242623506984,0.01389661450846936,-0.004051244204663216,0.0,0.006689094494093755,0.0004333023954567624
2023-08-01,-0.012038585046727616,-0.03256881531355137,-0.02314916830951753,-0.011946102555569152,-0.0174485862845752,-0.025349853310680247,,-0.019781160004833355,-0.014634409674481095,-0.021070138663851958,-0.012456581035011434,-0.01733162840875843,-0.022256033604251317,-0.019550151172375754,-0.011447337571098904,-0.011748948856169457,-0.009100485698611679,-0.005924718800234317,0.00518502364936716,-0.010748750257483126,0.010239511458065025,-0.014507943774860577,-0.00412653599121644,-0.004950264981731972,-0.017595808813112138,-0.006794433604629338,-0.016240221626320647,-0.01574847447073949,-0.007933111167876464,-0.015452033910707309,-0.030228888404160277,0.0,-0.01655981870003629,-0.027190346063593294,-0.004288635601195907,-0.010059571654275378,-0.014081467469736186,0.007613726320822768,-0.037355768957586556,-0.009796445896913844
2023-08-02,-0.002950424995571097,-0.01495151972608986,-0.03819074890629589,-0.013692270118857148,-0.021123659537889014,-0.039272058197249195,,-0.02029230407080374,-0.03373217581095351,-0.01656323056572294,-0.01627780927032552,-0.030170795295429258,-0.012608215425273267,-0.0468606169196315,-0.019934255520963697,-0.024851755134682546,-0.022125912995066544,-0.006814445849299064,-0.018679482405239468,-0.01296306224790906,-0.0374122714521157,-0.02858839444655098,-0.01667856467168692,-0.011389139798130533,-0.014903445896520583,-0.017974789424100978,-0.01907238342065747,-0.031168597151458595,-0.018758959341623947,-0.013927204232992475,-0.02853641551098468,-0.048266692239933434,-0.016838381065768977,-0.01331881671098444,0.008009172669916608,-0.013882596337390269,-0.02080036038973985,0.0,-0.0034663407888084813,-0.01343494002385057
2023-08-03,-0.0202293613936098,0.01152094261368358,0.0036429489459782432,0.007028649723540043,0.012283945657528042,0.021136880211734023,,-0.004040885189054271,0.0188804849750765,-0.008489581234961218,-0.0021619172529738556,0.0035970802268865563,-0.005655108640166143,0.005680999426684307,0.01663930477233679,0.02120878293664647,0.0017882084379164326,0.01104992196916515,0.0058501501773012,-0.006016947573538459,0.008083177563318117,0.00321714216480186,0.015989255320818144,0.006094661769130336,-0.0030075292887468187,-0.002017008354194675,0.0076727227269112646,-0.003280296618369467,0.004498431401031702,-0.0068799878330000905,0.02083419082531291,0.04301743702104889,0.03339819976580535,0.0011167298404727065,0.003980429147249052,-0.000310709129206902,0.011609053446037625,0.0,-0.017513468322982263,0.008899014226847402
2023-08-04,0.006344939549560126,-0.011520942613683537,0.016827323231215153,-0.0035081167899213652,-0.023583455781409145,0.007812593366030188,,0.0035927140774490596,0.0086902467178642,0.00020795815953157727,0.0006565765202624178,-0.01173813319333023,0.005420074578765265,-0.0026869476072332076,0.060818816964981814,0.005459635960475986,0.02169823157765059,0.018425941686181176,0.00016981786055665366,0.008263927964956404,-0.004891122804700592,-0.014016563494586853,0.011655840737781802,-0.0021130237736063317,0.011976223652139002,-0.003934257584774328,0.011399660693746394,0.009809251376145002,0.0035842957886167114,0.002298534611691105,0.0077022246856717535,-0.00951881293283443,0.01987428686434212,0.022075872032739925,0.0019158673291439223,0.0029478130739240853,0.010105741930531945,0.0,0.04895835750993482,-0.006666870849406373
2023-08-07,-0.005005889947997742,0.0069284555673868875,-0.001789454821212622,0.018360604473189036,0.00792300518823586,0.007751961756037218,,-0.0007848548096536092,0.015028596891668354,0.007456486291957674,0.002622094865785825,-0.00455171404486662,0.005858242160911069,0.005664001774551727,0.0015514805864373167,0.0072331717574780335,-0.00048577770429653977,0.005792451694051795,0.006603173174612514,0.0019433151933663838,0.017738250940504654,0.004333737434026247,0.010847569990837575,0.004731845533064997,0.0,0.0032608286022072328,0.0075283165229261375,0.0021668020791592744,0.013327496234528727,0.0055160789527094085,0.010178122015112609,0.0010619628862346357,0.012444519228494573,0.0032697514868066865,0.010337294128843055,0.0037112172868598173,0.013167032482906404,0.0,-0.05178924476524913,0.004671399969769311
2023-08-08,-0.015849337591380738,-0.015072547322214806,-0.021116977896163708,-0.01931954521265482,-0.007923005188235948,-0.020807021125691747,,-0.010938948304458683,-0.029972907278632555,-0.018536466022755327,-0.014727471263602031,-0.011932276039836917,-0.017678801575755215,-0.006561382347368208,-0.020360850431067543,-0.032039256478622706,-0.004382177130214546,-0.015800778504398327,-0.02074475444016196,-0.006592826877568805,-0.014800799507915387,-0.010869732595486554,-0.0156305087396868,-0.005629563968261364,-0.011976223652138945,-0.006871276048169657,-0.024036578949476226,-0.013072156699513022,-0.015118091610053775,-0.014005348104204635,-0.023048410407153008,0.00845685004659988,-0.012444519228494601,-0.024230139373635728,-0.01595877585253056,-0.017280794685699593,-0.006334823845186412,0.0,0.005653704197447893,-0.012955263650350697
2023-08-09,-0.021299280556611795,0.0034983943710030284,0.011518803007285508,-0.013198372325977743,0.005665841633066551,-0.003949999454390212,,0.0010201057171329091,0.008744598045720905,-0.0004204115362534921,-0.016071679333429293,0.00827601193549702,-0.01123995862672379,0.026719425610076578,-0.00953908918877032,0.006490363596626354,-0.002540751680881555,0.010008326810346607,-0.01612315910948185,0.004649511684202275,-0.002937451432589278,0.0021833946700980833,-0.003430625050783808,-0.01349852442094001,-0.015174762655147249,-0.010339042857369363,-0.0233170782487139,0.02704330287434724,0.011581438134098914,-0.00031569175767970364,0.0,0.01359125241566247,0.010676261877058411,-0.014598807641686619,-0.006898471052044725,-0.0026731804199122567,-0.003182618913076988,0.0,0.0021119352033383237,-0.01723394484805644
2023-08-10,-0.0034781230696632297,-0.003498394371003118,-0.00362315037545691,0.002588949284439591,-0.0022625875631226817,0.00803211494448155,,-0.0036313492893186553,0.02244526430081165,0.004197279087994496,-0.0022526790104039286,-0.0009161586431243332,0.0024021537537090103,-0.006869900876475063,0.007955577502846799,0.01285608516404222,-0.0030378629679745747,0.01890729989902133,-0.006705042092564468,-0.003898115238597263,0.002231512657592271,-0.0021833946700981653,0.018386548881579676,-0.0014964974481215451,0.0,0.0009130327674799858,0.01560490642324924,-0.00320677609422581,0.008818500561277982,0.00021050151470641842,0.025576836297031044,0.0062502144508334734,-0.003546104292786961,0.006764386577309284,0.012383325105479874,0.005339167076147182,0.007259556086131188,0.0,-0.002816853230980128,-0.0011443888809798556
2023-08-11,-0.016157853830737742,-0.017678866411220698,-0.009115894951951352,0.011248797127482179,-0.010244835344319338,0.0013324817976198607,,-0.0003411887742143091,-0.009163194483254566,0.0058467685106521365,0.005173670754915744,-0.012915351814233299,-0.0002398942257766295,-0.006917300079501715,-0.004765728943539444,-0.0009128443378245216,-0.011513400847328095,0.0008139762433217617,0.0009690069485616485,-0.0037625219031969066,-0.006709068875868618,-0.01875401514707757,-0.008835726555317945,0.005778962211976907,-0.003062797823464269,0.0006844901810139426,0.0012895961666119205,-0.009682610732704135,-0.006164785905415187,-0.0016856939180091215,-0.01015235591444273,0.0,0.0,0.0,0.007492745331430587,0.004375633250057648,0.05454297488616781,-0.031632843031523444,0.014005817663468026,0.0013730536156748533
2023-08-14,0.005649623530313137,-0.010759151817044524,-0.009816051430974667,-0.011572016235728939,-0.0161479087794426,-0.004002714596419451,,-0.005473936736677822,0.0003068055572020194,-0.007104140057161744,-0.01060112277063928,-0.011204774091181924,-0.007950832870809124,-0.00607356189430024,0.0,-0.004576667027411867,-0.002318711746099077,-0.03899285824378958,-0.008813890628040739,-0.008199662629535028,-0.008261288998405364,-0.012325016218284206,-0.0013985677213189716,0.0020698177663021973,-0.01234579106703065,-0.004228138910630815,-0.018206019671336476,-0.002164690166459061,-0.015131654251683994,-0.006028190690977104,-0.0102564166762196,0.0,-0.005342937669671126,-0.01243661618862594,-0.032274474229269066,-0.005315860788225481,0.009797889563412486,0.0016468734781401617,-0.012596478167597108,0.00022861245908742286
2023-08-15,0.0,-0.013309427316343594,-0.012407031784694308,-0.03253116607492054,-0.009345863949642125,-0.02162235741092103,,-0.025479016732959544,-0.02139278638111674,-0.018197658940020008,-0.02038780257779821,-0.008486505649952708,-0.02970668143618536,-0.011507260822994195,-0.01120913111476899,-0.011070262552373276,-0.01987721812147084,-0.0067912014914691225,-0.016509133065126226,-0.019231382904091196,-0.029594170141080886,-0.013621017833711736,-0.010552310620818914,-0.025786937910532604,-0.01564973405454695,-0.01348782947223877,-0.003944705614832205,0.0021646901664591376,-0.007200662770865871,-0.025461988140299117,-0.01036283845551786,0.015456214628538354,-0.0035778229843159213,-0.010291550703785618,-0.02526717958070435,-0.021550410206615463,-0.007659728411619921,-0.0061894734696676616,0.0,-0.02336181758220944
2023-08-16,-0.0007364474546261035,-0.008562644716320907,-0.012563110716125002,-0.02194918361565065,-0.014184737530425573,0.009517316017575583,,-0.008836596596540196,-0.008497364454331616,-0.0036368323378022753,-0.013279293501778896,-0.017192397429938007,-0.0017456473917211973,-0.010729235677794881,-0.011336201428473433,-0.008383821208156141,0.0016458552299523082,-0.0042680149941854255,-0.009375347604920916,-0.004551594804381917,-0.016447382206070102,-0.01612954884561685,-0.006385267830705972,-0.004252082397648125,-0.0223296172505056,-0.0019750193660989833,-0.026703966267424356,-0.01086991013673532,-0.005434837040943332,-0.008084844719693564,-0.0052220387778566775,-0.05679765427827457,-0.007194186640491125,-0.0162228796753397,-0.010549893464874937,-0.003530231901166365,-0.0004272312077165519,0.0,-0.014899110804254089,-0.012006876651688644
2023-08-17,0.0007365327787235084,-0.0073983981003996335,-0.012722811874407635,-0.0003414301505035527,-0.002383741780009706,0.002702708600145145,,-0.004744982142618353,0.0,-0.00666582626098883,-0.004230347694599428,-0.0009639527362417087,-0.007265652985997251,-0.003195688831701583,-0.0048978121883189105,0.0028024891833659826,-0.009708806442632351,-0.004286415086527002,-0.004842836952223678,-0.0052045909375582795,-0.00158065063550487,0.0023203037614477656,-0.001424546507677118,-0.010441210643113206,0.006430908088425322,-0.002328465468113444,0.0053981596760158445,-0.026579432958300012,0.0027211106976353775,-0.007487448300680002,-0.002621212388275505,-0.017467644692224133,0.007194186640491073,0.0058239611950677605,-0.007730190196471764,-0.0035425318278033305,0.004264385213542719,-0.019645358802179862,0.0,0.0059037068448203585
2023-08-18,-0.020458069658315158,0.0012369423304089216,-0.004491418749797683,-0.0058229261491552315,-0.0047846655311177605,-0.006770411782259895,,-0.005723838552740576,-0.0018981962116701996,-0.006276455624070709,-0.004957982406791472,-0.005802650229392792,-0.0020135389338598684,-0.013408615280482612,0.0016352072795550764,0.0,0.00010368551308435229,0.008554430080712522,-0.007939309465572985,-0.006186138348185362,-0.00714385575262573,0.003470067998395227,0.0,0.002284933839781939,-0.003210284480765636,-0.010546206727162749,0.0026881914704393376,0.0011216209088473709,-0.005449646046591295,-0.008546579022130355,0.0026212123882755167,0.018549307596739763,-0.010810921084660585,0.0,-0.00513765454228162,-0.0011300444585996693,-0.002983238780310404,0.0,-0.006453954594271882,0.0007061121915205184
2023-08-21,-0.0003759409019195072,-0.014944282851703013,-0.003220612874645201,0.0013731994534416073,-0.009638630629506855,0.004067703182114697,,0.0,0.011335223993949496,-0.005224275774199136,-0.0042694801258541205,-0.008767711851158707,-0.006318731343951752,0.0004745919755707409,0.00651469465576051,0.0009323230057534682,0.0010372572988068852,-0.0025586646214851567,-0.008871925877128888,0.012805452249711241,0.0023871040058327164,-0.013953570701420732,0.009929234832518025,0.0034176957753775735,0.0032102844807656715,-0.007567777849757458,0.0013414242309897609,0.0,0.006355075936826826,-0.0015617340260995448,0.01300411619126538,-0.047601662860788464,0.016172957826447617,0.001160802853598436,-0.007830385721442802,-0.0038833601409431076,0.0025576441315607566,0.0,-0.041121727094997375,-0.0002353793395613813
2023-08-22,0.004126816226787156,0.0,-0.0025839508387422924,-0.024658373758547385,0.0,-0.016371469419563158,,-0.017370443531681608,-0.010069218523274148,-0.008327924358273899,-0.025275135799034114,0.0019551208431279783,-0.005338681707130707,0.0006325033863022104,0.001622040085754069,-0.011246545327909743,-0.006552755545426111,-0.018096019152376446,-0.010205318617782403,-0.011056823164634319,-0.009849720669872115,0.004672813607843626,-0.006371705933785089,-0.020956499742187384,0.015898709162080298,-0.015188812155248374,0.01859275664464528,0.00892880135060138,-0.004535153205073043,-0.014506956921518247,-0.01825342978320373,0.0,-0.0035714336720712478,0.018391326416532815,-0.023562313326870334,-0.013383607504929522,0.010165309268461795,0.0,-0.005261140400904812,-0.02357536071198852
2023-08-23,-0.007138917944064755,0.011229131704354495,0.019219099685941383,0.00035144054843536744,0.010836961742051015,0.009582601602608147,,0.015814380358804794,0.004417737574365971,0.01550432387787841,0.001461640604916016,0.021256785549281794,0.009134774541601994,0.017860483715000944,0.0032363027662702295,0.009380931649733148,0.014194906420625417,0.0008690537457689786,0.011043216099054317,0.013723778825860415,0.006134084470539948,0.017331488279407163,0.011299517004554118,0.006740355355335892,0.015649734054546973,0.004928521226325426,0.01436993780644535,0.01434110803237791,-0.005469625890738088,0.006548657062205002,0.005249313591938517,0.0,0.014209655364170928,0.013574956102552294,0.025488669695680786,0.010948662063954385,0.024558848340234554,0.0,0.02823358651153968,0.0026471540604133636
2023-08-24,-0.003021114243992044,-0.003729143198592659,-0.015345672923070134,0.005957609061158715,-0.008418631245913697,-0.001363293546901016,,-0.006006688519063918,-0.008220076859791946,-0.004343112969927782,0.0,-0.009606317450938049,0.003278244704780474,-0.007168496743598198,-0.00648301822694131,0.0,-0.0058813780417615105,-0.0139984874982106,-0.007379921462086593,-0.012295234837759827,-0.0015966338750287039,-0.0034422601507056055,-0.005633838061639407,-0.0009504357210827928,-0.0031105094092937304,0.0005996888635841083,0.003883493485929075,-0.006593526700631036,-0.018450591710850468,0.01618607371347993,-0.010526327951021024,0.0,-0.0017651361356763075,-0.0022496776064380164,0.002956464741445147,-0.0350622718405532,0.013477978475411203,0.0,0.005115050800140754,-0.0043353445680905075
2023-08-25,-0.002650993844781496,0.011145625874477547,0.008341411695632997,-0.004201751586354703,0.009615460968885627,0.0013632935469009286,,-0.005558206017298664,0.001585953504569068,-0.006550243008380032,0.003887599991432653,0.0028916409195380998,-0.0010075299201706685,0.004057985850843428,0.003246715460671141,0.0009332906724231115,0.005572780888351164,-0.003530346883819044,0.0005938051416540129,-0.005088358472833461,-0.001065675260411005,0.009153329659386361,0.004931282899547786,-0.0012233176271496044,0.0,-0.0026401795019934246,0.003868470287957206,-0.007747581331746815,0.0046446883387851945,-0.014836565403673296,0.0052770143590825545,0.0,-0.0035397376416964384,0.004494305521595654,-0.0029564647414451737,-0.005570020917476958,-0.0028437786942861337,0.0,0.0,-0.004838811690478305
2023-08-28,0.01131239852442147,0.02071986641641425,0.012067434880218256,0.00908156131910648,0.014252059111583972,0.017556079603327533,,0.01598702311055229,0.018838917543679577,0.011759587429435716,0.0019375905190473894,0.017175991873475793,0.010778378507002102,0.012384159718400282,0.009677562046576276,0.022141105942399857,0.012680359475683342,0.011428674742281606,0.01801579008698204,0.011885125897702638,0.01192530407476764,0.024748217714497943,0.01672518928068837,0.0034620215387640325,0.027651529899848235,0.013842575842238507,0.015326008432836581,0.015435893343170692,0.01927552926280324,0.007836179855206864,0.025975481092154046,0.0,0.014084566159432033,0.015573217142806305,0.012504960324682415,0.020439570631690045,0.014138789269860046,0.010497689843446673,-0.01468453814446941,0.015642037103649323
2023-08-29,0.027368479427817012,0.022660493366036583,0.01814246898641207,0.014155231444455912,0.016374556737326393,0.025116991209286465,,0.005233331448041049,0.01420658966085758,0.02964915314238436,0.009634040215608194,0.013158129552873602,0.01607536646159117,0.011776440277722325,0.019078426656483533,0.01897934992426524,0.005775498399746993,0.01043488289224371,0.01998485838123394,0.002203040832843468,0.00656431805203701,0.013245151242157163,0.00962860518567023,0.008099569135578372,-0.003034835297342965,0.01377079742968711,0.0025316636790156115,0.01196302749241566,0.016231209266258637,0.008217630473616934,0.010204221398110882,0.02242240287097237,0.012163580994425247,0.0,0.001752534556443248,0.01791484674317242,0.008388171255276012,0.023938456938587076,0.03488729122195507,0.0028610566746160525
2023-08-30,0.028414153944106204,-0.0035440518818336177,0.003712968846049669,-0.004466615403965408,-0.006984748989828348,-0.006548720536615878,,0.014017163401851579,0.0,0.0010504018816761581,-0.008424646606631376,-0.006557422885894724,0.002939869309411367,0.00455095427796856,0.0,-0.0017922463951117636,-0.006588868008393204,-0.0052037769982647905,-0.003706063216776385,0.0009426503546799306,-0.005247904801609971,-0.008810517466257549,0.0013681085885586,-0.004041364182691628,0.0,-0.003395802484479337,0.002525207438880609,0.012889386826929965,-0.001790595375525054,0.004634306361464952,-0.007643286979280257,0.016493018644802477,0.001725626728818408,0.004405211242041007,-0.0010218823534236445,0.004064160099347807,0.0059489619996735184,0.0,-0.015113651630951415,-0.011012661277400549
2023-08-31,-0.03647273021032992,0.009422905198084435,0.007997658068489382,-0.004523994560869347,-0.0117511009817589,-0.013227726469278436,,0.006994120819556635,-0.008005162103307298,-0.00399720826195098,-0.0019354489012499356,0.003752301613217931,-0.03155929200745024,-0.005920326199069116,-0.012678484960365676,-0.023594390372170978,0.0011182735475342232,-0.02286847659170621,-0.0026514329200865634,-0.021748595720245928,-0.018319833789850803,0.013186928622930425,-0.03335971177165258,-0.012428517208297886,-0.0030442275805927684,-0.0012906960815964159,0.0,-0.005350354117675413,-0.015350269647966965,-0.00817975750443815,-0.010282985727780993,0.0,-0.01388920772324372,0.0,0.004227629142776403,-0.010273368499714178,0.05462890382738835,0.0,0.010818723441732172,-0.006036674715650816
2023-09-01,-0.0003679200996799967,0.009335006730826604,-0.003683270037265758,0.010754671403500388,0.007067218128714079,0.005312105698338713,,-0.0002324863474271808,-0.008381027495309524,0.014647683548089955,0.007239251856557043,0.0074628375029805166,0.005287600244281615,-0.0004567505051497173,-0.004796112247813471,0.0,0.0029415868156985043,-0.004458187704704322,-0.0009464294704616362,0.007833075449149322,0.0061437917250670455,0.00869565761996275,-0.005669773902613008,0.0033431482178563807,0.024097617585162382,0.0070213909703171085,0.01997576523256318,0.005350354117675478,-0.00455997013350474,0.0024389512833034224,-0.03149861878896134,-0.007662851478621743,-0.003502632433249481,0.019587204289180846,0.01601883292534911,0.0035994730746848943,-0.01394927855828362,0.0,-0.010818723441732177,0.008681283023514983
2023-09-04,-0.001841292045926197,,,,,,,,,,,,,,,,,,,,,,,,,,,,,,,,,,,,,,,
2023-09-05,-0.006285754542946272,,,,,,,,,,,,,,,,,,,,,,,,,,,,,,,,,,,,,,,
2023-09-06,-0.005952499623055332,0.003434377279375967,-0.015679210054856424,-0.009116460667493697,0.012903365771813436,-0.005340544203392353,,-0.009190573337626393,-0.011095313555744774,-0.0029647189930552516,0.00024180217950031565,0.010068606115290795,-0.006824328123656143,-0.009243646347462173,-0.006655709547295065,-0.012578741482051386,-0.0025444512549161937,-0.0017794158780242244,-0.008125586513464879,0.010058400576757512,-0.006468996903751724,0.018056798568021677,-0.00361663347175231,-0.001654025544293201,0.011834489485238527,-0.008047467059650235,0.009732439732462394,-0.017429615968281627,0.001821363289984816,-0.005944084518379074,-0.02462528007238629,0.0,0.0,0.011745937494989214,-0.003144233143140633,-0.011443739450617128,-0.022601868383968767,0.0,-0.025770955725850787,-0.012597082705349275
2023-09-07,-0.0026153369534438853,-0.005730681269920069,0.0025252942857436254,-0.009200335752757463,-0.01408477559111675,-0.014834914968487373,,-0.008678820025201085,-0.0031928126734625927,-0.011518956987621601,-0.015591146959503732,-0.01652930022613721,-0.008404639170076255,-0.0037214029166731184,-0.006700108659191195,-0.004880438965667792,-0.0032662754935610747,-0.005357103816430962,0.002581352254139811,0.0033303807367531415,-0.002979097834708483,0.0,-0.015334317639974188,-0.00859094107494629,0.0,-0.003809452176233638,0.0024182758003536836,0.006571625654235048,-0.011899362772715392,-0.011312267799671585,-0.013947042518648296,0.0,-0.012739030519417143,0.0010610413606637285,-0.0050223986841226404,-0.015465072058008567,-0.0027157946169171906,0.0,-0.0131389697024575,-0.014487706157980836
2023-09-08,-0.0007484723881251024,-0.0011501643368123354,0.0025189332346680156,0.008143165120819968,0.001181409819303254,0.008118996902363696,,-0.00047761547567349574,-0.0025616531295077657,-0.0019327456996600576,-0.0034431074441197717,0.0,-0.0033300944344700264,-0.002333111085913852,-0.0050548056508692065,0.010705718164337314,-0.004611266835210124,-0.011706662909878313,0.010996659085988349,0.018821158418273146,0.0027085228272068313,-0.0010532390376902664,0.0007355467271566432,0.0007650231098768654,-0.011834489485238672,0.012799407475403767,-0.010929113035020862,-0.003280296618369467,-0.0027661644535069314,0.0021591593358120265,0.0111732105214916,0.0,-0.0018332755951289753,-0.007450933634292959,0.00930754807418533,0.001523405260583557,-0.00936786542175918,0.0,0.0014685676254822763,0.014000099920885932
2023-09-11,0.002990620648323114,0.012578999331774095,0.023003921106428696,0.004222208157867897,0.004711401619048073,0.016043150367810944,,0.016703603191564192,0.025013147160258743,0.01175343750536177,0.0,0.012879707687183556,0.017802858960569042,0.02080366020870705,0.016750893356998683,0.0220210532334229,0.012351455804508638,0.013495518040809952,-0.0026764905133373185,0.013273840101996776,0.013433963834536676,0.00315615913031308,0.012422544283434683,0.004370862141879649,0.04651999513299815,-0.016743201204936286,0.052330600433845485,0.027013843856027862,0.011019368425815466,0.006337015823366423,0.013793427958357562,0.0,0.02357317864763071,0.06213186630343415,0.01737940722603801,0.019762812231481547,0.004694861821787948,-0.07053801457085672,0.0007333525544537241,0.008016440995210981
2023-09-12,0.017024827204178358,-0.005698153725041769,0.002455399363793532,0.017058728549215373,0.004689308363356716,0.02617947951393536,,0.007024116170532937,0.003745306045157242,0.004662984174975108,0.02649976326015785,0.0036495925389535924,0.006031847039453569,-0.0015262020576141005,0.01483951926200617,0.0009464423537266374,-0.006718300801196165,0.002677516969331929,0.019068611955493458,0.005199556796682363,0.011410400798719364,0.011488370638356622,0.004347646980302138,0.012929614958851577,0.008486565770054008,0.024134673742127875,0.0023148891815479205,0.0010658517180671934,-0.005494451278841518,0.008536283549194704,0.0054644502069773615,-0.004405281167827824,0.007142890773596677,-0.0010045519981116066,0.001399750471950397,0.004632711573965787,0.006613574758908166,0.0,-0.017006026834170386,0.02885623373106193
2023-09-13,-0.0022041721993247532,-0.011494456779034951,-0.014202158460006635,-0.0031114205457983377,-0.004689308363356784,0.014111899634863756,,0.011944301208786213,-0.004058060609797599,0.011354350489141017,0.016419010326297726,0.005449741460866523,0.008979830121111181,-0.003212738394175663,0.0048978121883190015,0.025223233727154033,0.006413896263490131,-0.0026775169693319056,0.01225472093577441,-0.0006103112019396894,0.016745620282227265,-0.0062499848928049455,-0.005801181352164209,0.0004782766453256623,0.008415290732302943,0.01967633586050232,0.02849200129327004,-0.0032001640771938066,-0.005524917146974061,0.00635500868472125,-0.005464450206977457,0.0,0.005323974173177294,0.010994658284571721,-0.0033626279554779138,0.008055905938212838,0.0077250038296021745,-0.0030681882199362896,0.03444834560459395,-0.00684058956132496
2023-09-14,0.03327602115409641,0.010350995566722847,0.037832487538546435,0.011019332381260065,0.010520270640004941,0.015170919406214607,,0.015101452506562339,0.024410267953785567,0.008327996872574019,0.018009935287645256,0.012601367396389356,0.011112671063407107,0.015961336704039965,0.011336201428473516,0.015560896550153925,0.01730420942241788,0.012433615019890409,0.028226554122346776,0.010324970721500076,0.021307440911884253,0.010395161265968523,0.016588912577107717,0.019211845060770172,0.016620856038181347,0.020645102167944653,0.008948552733230829,0.020095666090422737,0.009191236948353634,0.014672882788449339,0.021681032529320562,0.0,0.012313085869171778,0.010874990595979569,0.015873219351236853,0.01704744174415347,0.007665785316442116,0.0,0.033301069193849564,0.01875797003361935
2023-09-15,-0.01867198195812427,0.0011434612123121398,-0.010836958187306999,-0.012405299518528886,0.0046404127794695315,0.0037570871834325995,,0.005548354824280888,-0.0027509870490643917,0.0043446320658859176,-0.010017174089598003,0.0,0.0066086385795686205,-0.005140590006394442,0.00801928255546156,-0.00729261014144943,-0.0003989545818524161,-0.002651378145832458,-0.005909063620246595,-0.01798551604388898,-0.002542963688446012,-0.004145176373163549,-0.008620774454118785,-0.0029525200892305203,-0.01941813892083013,-0.007437602781366904,-0.033978294580774726,-0.007356796123299861,0.01182360234865231,0.002188004959800357,-0.01621658232234311,0.0505754596062854,-0.01054482851773553,-0.021869648880551467,-0.007487347309934184,-0.00016109766563604785,-0.006512076944473196,0.019561491179550843,0.0,-0.002325392046446843
2023-09-18,-0.01203289183205379,0.004561067029575537,0.006035083989378316,-0.002777710335034833,0.001156616664091193,-0.01765496288881942,,-0.0016952442794257875,-0.01666697733611234,0.0004128688746248151,-0.001640559078973068,-0.0026870372854615986,-0.0014648050421550041,-0.00015157828141468442,-0.020985455865058178,-0.018467841923265504,-0.001298205151426939,-0.0062139881885585856,0.0022746684236925447,-0.025230984548107842,-0.006386799169239234,-0.005205545714825983,-0.015267426351002523,0.002081178500833855,0.002797282882648754,0.0033876819433106965,0.0011513893765057498,0.0010543875551039692,-0.015489922150031985,-0.0013121736414599102,-0.008207913837767256,0.0,-0.12398593713818995,0.0010045519981115563,-0.008245639576621512,0.0006438225206100094,-0.0019235608081310685,0.0,-0.04271115445750783,0.01111368120378081
2023-09-19,0.009129029015993446,0.029149966835946554,0.0036034996628194604,-0.003832207389549959,0.006912519962430116,0.01012668473738146,,-0.008177164998420253,0.015748251764776552,-0.004964627150124519,0.0009378478531443266,0.012477923589920609,-0.0004887455476763462,-0.00227668271359962,0.009740404480144115,0.0,-0.008931654992847876,0.008865366334391197,-0.004174011795887935,-0.007281994049411803,0.010959676685054797,0.011416710794137771,0.015988649462770614,-0.0012750012323072873,0.019364418599228564,-0.002257084501026992,0.025001184197024795,0.00210533253740919,0.004580639945743593,-0.0037272488097536303,0.010928982000004951,0.0,-0.006018074794869586,0.031623093228702194,-0.010013546061662769,-0.007429034400405711,0.0034595588884484456,0.0,0.0,-0.004847056436293347
2023-09-20,0.0036286387650756296,0.005509784178598758,-0.013884858667572487,-0.003496491477991315,-0.0022988036287535226,-0.015228678532835303,,0.0019365655004739875,0.003974994395635303,-0.0066584419107713405,-0.008943488522468594,0.0035367520516322985,0.0012212594776726687,0.00015198549688663903,0.0016140909017689727,-0.0027997761958275156,-0.007589359268175047,0.03639913347257395,-0.015296813041237972,-0.06193625480096209,-0.008655855479778122,-0.001032460814502237,0.0007207836319165422,-0.00423917783499109,-0.016575079401015005,-0.015599624065475645,-0.020408838050628392,0.004197076030786622,0.015419888113357257,0.0008781480680087967,0.008119200730808754,-0.03741752207513714,0.0199209856119329,-0.007812393599368686,-0.012264808737155746,-0.0011353350927193688,0.0045942058026546455,0.06257267398653393,0.04549468352789918,-0.008130972847886503
2023-09-21,-0.010559064512254293,-0.005509784178598705,-0.03589500384936494,-0.017668224563238334,-0.0139053070139639,-0.014166355138268583,,-0.016294056183375913,-0.0070433176679386405,-0.018329978772425693,-0.014046107169466871,-0.013327638356091482,-0.014261094013498586,-0.0336816609121188,-0.009724523500789813,0.0009341625176508281,-0.016282098357895895,0.005939801069276951,-0.019372558198665492,0.0038802371287409753,0.0038279464653611277,-0.01666707490316616,0.005030511393982084,-0.007852799492876284,0.00832184607734032,-0.026277364977788105,0.01025653993925924,-0.04060369903956466,-0.007226789344306383,-0.017266551585274598,-0.010840268893046382,0.0,-0.013902910817063276,0.006839322126670537,-0.012562348673874815,-0.015372395983089492,-0.020062449254250738,0.0,-0.060147028311529266,-0.012912584257664152
2023-09-22,-0.04568375865866403,0.02185875900927014,0.009407470698997649,-0.014724705843359127,0.02078598900829373,-0.006506315008305288,,-0.008247533763246719,-0.01174676557229823,-0.0012765406493576337,-0.01912212563683894,0.012444547037742601,-0.007457169759073677,0.008605269802948479,-0.014766381274877146,0.0009332906724231115,0.004840921802409232,0.0008456404152651922,-0.007141356370025519,-0.008794259738987805,0.007106765160603668,0.015633547011520255,-0.07129969031800945,-0.009628920148552251,0.008253233323674653,-0.018910181469513423,0.009029466385382611,0.01622534696470357,0.007226789344306361,-0.004812368989543233,-0.0027284925811245715,0.0,-0.014099033910531631,0.007759447371739954,-0.014784831766901778,-0.000659424618531033,-0.012154647668374543,0.014452240573247394,-0.015619437557923284,-0.026093474372478012
2023-09-25,0.004205531220756157,-0.0032484335949222796,-0.004379164925894203,-0.0014482640254059398,-0.006880681994330002,-0.005235622564491735,,0.0026791752513906624,-0.003114190533648064,-0.010487046934336957,0.0024409274493509426,-0.008873059041969649,0.001993858792036445,-0.00468461867827596,-0.003311219675091018,-0.0028024891833659357,0.008898926472977901,-0.018771840494514472,0.00289299747434637,-0.004085091009705837,-0.003039709024504558,-0.010395161265968497,0.009957967941805226,0.004928561708303844,-0.022161701481877225,-0.0031263173824932545,-0.029648602298296953,0.0,-0.008133753704686539,0.0039188266227732655,-0.008230432190624562,0.0,-0.008146688810050089,-0.022472974765821812,-0.0029537832516512643,0.009682517400930223,0.0007886737801578153,0.0,-0.0022514100378573073,0.007971897955889165
2023-09-26,0.0007629221630900808,-0.01750588828258775,-0.005028305773103551,-0.0157023316644773,-0.01741199165421566,0.022064558962891466,,-0.014058281169676114,-0.012871068902596174,-0.012992824946041778,-0.019695375852573974,-0.010752857478137883,-0.008753266304255209,-0.0006262644935276499,-0.006655709547295065,-0.008454704356547023,-0.008180164946990455,-0.004315908187816757,-0.015383586287571601,-0.007189379548555248,-0.011481081280076293,-0.016860155117658846,-0.005349605281556874,-0.010433144756587357,-0.01126761300664573,-0.010411938460320899,0.0,-0.010787594136317948,-0.014625527047881259,-0.017586061403352157,-0.013869953656334174,0.0,-0.02066179622538668,0.0009877845059978816,-0.01160383105475536,-0.017131056810154543,-0.011895506099075947,-0.05278383480799189,0.03542800839516718,-0.022139382537971798
2023-09-27,0.006839092368918013,0.00879118995156691,0.01748951937894149,0.0036736823247762373,0.010483572658951137,-0.005147957806149886,,-0.010794427769610607,-0.00284760451932273,-0.007218594564644746,0.0059494806970004244,0.01164361347881671,-0.017410549302729745,-0.0037658457329436705,-0.0016708232923989387,0.027908788117076658,-0.001027241671180935,-0.007816016995231899,-0.005791292327320455,0.003943438818206056,0.0048639271992827054,0.011621769372107208,-0.003069852339804619,0.005847678386637127,0.00846262527853369,-0.0063482746618413475,0.008069059103531406,0.0010838712606044492,0.0018400138380800415,-0.012358277400079137,0.01386995365633422,-0.02425679936850424,0.00831595390799301,-0.0009877845059979142,-0.0007483704392202414,-0.0003323421200527316,-0.02955073912578976,0.0,-0.02273663523339419,0.0051526120779228
2023-09-28,0.013539011812370187,-0.0021905474266997503,0.012919368636961172,0.010578358790848324,-0.006976888018699358,0.010269615900614763,,0.013739562230717619,0.010088265909846121,0.008743322522774426,0.01812442336164628,-0.004462243996451772,0.015212471839704896,0.015288817844099275,0.01986824452903605,0.0036629886433899293,0.009410763271573001,0.014712493690116386,0.010044069078438024,0.011737861991255958,0.013191043546061407,-0.002102920092622759,0.016012494004773344,0.012339617596099618,-0.008462625278533758,0.0065918161201770934,0.0011474259738395198,0.010776086253171308,0.015504157896941711,0.013381399283301086,0.04313330292596661,0.011098861837355896,0.010298757624244518,-0.0039603272882265984,0.011612468023727309,0.00942869880874114,0.014682209871962603,-0.0008406061125104968,0.025633118791193454,0.0012229423566005062
2023-09-29,0.004100662985647896,0.008733665682393855,-0.0006114603540591643,-0.0065526118010764065,0.009291590680287292,-0.005121658094465063,,-0.007557071912765113,-0.004086051906192378,0.009388044983499712,-0.0017005344461576803,0.0017872877022169944,-0.012099474520192307,-0.0057448887866168455,0.003273284351862274,0.004560066650559565,0.002643673532331939,0.0008587117689776622,-0.005024927215377999,-0.002031544424903398,-0.005559468971185659,0.004201544881575552,-0.003030231907323604,-0.017566446739547485,-0.028737686953189547,-0.006346621458047119,-0.026730329520667753,-0.002145877952741499,0.0009045031084774354,-0.00661126537796972,-0.00794706684770109,0.0,0.0,-0.023081828871878363,0.0013450536256432379,-0.00793406375419851,-0.002026378559133759,0.0,-0.016770422971825155,-0.0012229423566006274
2023-10-02,-0.004100662985647973,0.002171580075326605,-0.022889998051007967,-0.025149231916617377,-0.0034742615503296275,-0.02600924143247256,,-0.03289238496005568,-0.020042042280171136,-0.0457787283697871,-0.015435741030649378,-0.0017872877022170883,-0.02544414286170295,-0.02363424805626948,-0.021470705588499374,-0.035188872193269244,-0.010924627313351233,-0.028735208312213413,-0.015792982405157467,-0.018644245064778523,-0.011213244300819067,-0.004201544881575494,-0.012213850851730892,-0.008656755028629913,0.002911291553369644,-0.015548730180822585,0.005872134879077691,-0.021716503797513043,-0.009995470871190513,-0.030657249049631602,-0.018792559105824284,0.0,-0.014448037061855287,-0.0010156741764346833,-0.011565967644038555,-0.024186591752502058,-0.011834444630285944,0.0,0.0007349697115682882,-0.031069972714698968
2023-10-03,-0.030724937852166623,-0.04889867338394184,-0.004390081678438146,-0.030034520016556716,-0.024663592581073073,-0.011928623769441224,,-0.018794116959277095,-0.011635574616020819,-0.026525643395473204,-0.01592874884648396,-0.03643384868507704,-0.025018026788804718,-0.0033538397182956664,-0.008382272022086195,-0.022879909762250995,-0.0005132394847915293,-0.023235927232091235,-0.039645438123517174,-0.006929931558917314,0.00765897105795693,-0.04521770908083008,-0.01003483404274292,-0.007400270485993556,-0.011696070861002028,-0.030173017298613002,-0.01533948741434397,-0.006607813293951956,-0.026841204504464197,-0.027254862128832946,-0.008163244781816697,0.01858976705151537,-0.018888292628613655,-0.0081633624318111,-0.021378258984094997,-0.012316117612352209,-0.02115830376508475,-0.04868512505184805,-0.026807207221656037,-0.02401754420516769
2023-10-04,0.01718592603979633,0.013574785006222211,-0.0031476936637809027,0.0011571554618860934,0.007109152428788979,0.009290232469731687,,0.001372160151585267,0.004217355509728747,0.014281203113244328,-0.001255237405493139,0.007393654278618662,0.00948893256646989,-0.0022421585141060444,-0.0016849978051388925,0.011505339899321156,-0.007422860359454916,0.013471276727722102,0.00806895658766212,0.029801743088226005,-0.00025447058278171364,0.012041736757706747,0.016160364076900267,0.0044744527392776585,-0.03288787948980808,0.013620981380869047,-0.03386065376258881,-0.0022126412172282575,0.00933724422648204,0.007124417108177181,0.008163244781816728,0.0,0.010537617046952285,-0.02805383695856278,-0.005106421305199314,-0.0050039425024209225,0.004184179840774933,0.0,0.006769578566803652,0.00772801275690794
2023-10-05,-0.0011367080128313492,0.0056022625155371306,0.008788542789408884,0.004615278063111627,0.0023583763454909,-0.005298170518721098,,0.007450643975238525,0.016375348987519373,0.012014841831383996,0.0017569754074747103,0.0018400079088542161,0.006455086472845385,0.012745023763496352,0.00839644653482625,0.004755220003513595,0.00546929667183214,0.007996465932102974,0.006137797747941793,0.0003374371296639158,0.011885636718274924,0.0,0.011385300069677196,0.0042077123251560876,0.02698814153769796,0.0007585644890885926,0.029093032858811593,0.008820454511180232,0.007407460480807826,0.009937356964976257,0.005405516692354236,0.0,-0.004201795860923201,0.03010088233797881,-0.002951827094489044,0.014411190681111805,0.005413287668231006,0.0,0.017094337921870387,0.008432481509032077
2023-10-06,0.018032088743261326,0.029721625862182594,0.022250690957877347,0.0003837249506672193,0.02673030064937875,0.01711686685250347,,0.002718172776995487,0.012972884319671526,-0.0018391810763196848,0.017154078173233576,0.025409596842702702,0.001874944136233478,0.01835203295114148,0.0296562235366587,0.015066118991498487,0.01896089280371809,0.01841348116812162,0.006356514314172312,0.00016877471999056045,0.017443619786774302,0.017260609922957106,0.02017252900951603,0.015278216822253738,-0.002963048064104002,0.014798094774390414,-0.0011955550899280603,0.009830799890761646,0.02280079643142476,0.0016663948142836415,0.0213341092611712,0.006479596440317557,0.01877011068924596,0.005099508214767919,0.013906359343669667,0.007908054547359766,0.020958227664278142,0.038965870258181295,0.02474658251433885,0.009874581433363547
2023-10-09,-0.017274169112404546,0.00540834804767429,-0.0024479531309492667,0.00916387272552732,-0.0034462589585792314,-0.018445738353593606,,-0.001976004891514581,-0.01329141681108035,0.0018391810763196358,0.004181196924456208,-0.0008964476305602287,0.0016044142676406702,0.0015531122393367025,-0.021329690696964717,-0.014117881545784932,-0.008314857774328641,-0.015762103022289083,0.000415846532341875,-0.007109064140482171,-0.017946621228319793,0.0053331952338225635,-0.017910908189913526,-0.0022771059091092395,0.0,-0.005241913791828949,-0.0023951068043521874,0.010811035659329534,-0.013618107967348336,-0.00023784392658790317,-0.02673962595352539,0.0,-0.012474179529842904,-0.0030565423406340828,-0.006620183658971469,-0.0003425091801798318,0.0012193532249118817,-0.004681715530780876,-0.020334724155874576,0.0002520852928982006
2023-10-10,0.028749360333446057,0.0075229641905915365,0.01339031797429843,0.02625810744354453,0.009163804532273598,0.03141617637067463,,0.012530908014557102,0.005718047820316971,0.01753029471602499,0.017036183338292255,0.018658979988054897,0.01695373740495537,0.009267919033807371,0.01154171168934192,0.0215666667606492,0.018062016542203345,0.010535553161450896,0.006885873350920115,0.002544700303722621,0.019180904697763453,0.013734891274499934,0.016430476360898498,0.006060353130585236,0.020558856877216106,0.0027492854327351565,0.010733655783671853,0.016000231080070943,0.0261630280983078,0.01217858782813021,0.024097637917954672,0.0032239582791593305,0.00417537319343811,0.01719823103888982,0.010754639669013372,0.015804361365012332,0.0036488284269627896,0.0,0.010219048813236889,0.003018130812302588
2023-10-11,-0.0036873397882424097,-0.0032173192243385627,-0.009110425215099603,0.00037015550727785844,0.01133794493254296,0.007702232129492784,,0.00644958006266041,0.012590580533165245,0.004503501511822888,0.00216952249885679,0.017452425027242983,0.002623555632795836,-0.007252611077532631,0.009787979007622785,0.0037036887535674317,-0.010858572482502275,0.019888287083770988,-0.005574954361682122,0.0016929645891270815,0.007374675736936189,0.0207691788950533,0.011782211735474543,0.003426949356725605,-0.008759203344842589,-0.015469106987785924,-0.005949045582403993,-0.0021184857282602124,0.013268655473062073,0.00585880096897018,0.007905115562745433,0.0,0.010362685995151916,-0.00805638799543008,-0.0021417075675557325,0.009564635269636978,0.02082562642424432,0.03685516641117849,-0.02202734226467469,-0.0032702161052006245
2023-10-12,-0.009278103553392382,0.013866940393554298,-0.006119831969019452,-0.004451010631815607,0.011210898294679006,-0.051158740891048014,,-0.014416966882104877,-0.027911660782024044,-0.01767963024545941,0.0,0.021395785112250668,-0.013982643692135924,-0.015293653196111015,-0.013072012946015977,-0.02054221431827065,-0.0011127472705181217,-0.0008566109653371303,-0.010178923570466064,-0.00542746012807319,-0.013065682933665586,0.015298701055102601,-0.02295540749932818,-0.002329082802438855,0.0029282675760733713,-0.013911298968258021,-0.004784610201267934,-0.017112696990018262,-0.007940005655799286,-0.014000924757582136,-0.023905466984787675,0.0,-0.020833990347993138,-0.010162804266922022,-0.01870385420666606,-0.013280762384904873,-0.017593260676517737,-0.007843341208467346,0.012541646005891449,0.0012592782262031944
2023-10-13,-0.006358900215288993,-0.005310633847720366,-0.01173225228235915,-0.005217920873691638,-0.007834393359033773,-0.0026954236510398637,,-0.008899984123861351,-0.030701356881280673,-0.006423618386239636,-0.002410613425867594,-0.004242633322925007,-0.00746681039269206,-0.0031500664143367736,-0.023295659320330075,-0.017126924654241517,-0.005479935555406185,-0.012069174208020712,-0.0017766736918350472,-0.010256447421824653,-0.013741434628187155,-0.012220041473753602,-0.021196933679214876,0.014907793047073622,-0.014727921108446857,-0.0002567148469025259,-0.016929174781377707,-0.005408459675404587,-0.014273250229972983,-0.00641851720111056,-0.02173995253437175,0.0,-0.03208843975674669,-0.01233312250127253,0.0029602347703566274,-0.004579855651736654,-0.019552629276732396,0.0,-0.010316948949249255,0.03023755394615172
2023-10-16,-0.00037528959816357467,0.005310633847720417,0.012345761636762386,0.008558129234850121,0.007834393359033713,0.017391735487914756,,0.018818793186321525,0.011541770020017524,0.015982383084401804,-0.011653408154341733,0.010152337298608097,0.01987616892103673,0.011917952204204621,0.013378251069024445,0.0265166650040805,-0.0022413816030799954,0.011211934682472079,0.016322561735504993,0.013821528483345728,0.008517081497149531,0.014242275375672938,0.013678032262567622,-0.001013977331127256,0.0029630480641039823,0.012011172757914959,0.012121501694695405,0.008639411313612257,0.00805379576982674,0.017845922517916654,0.029772129309739003,0.0,0.017241815935663624,0.003097466457633927,0.020327199429598885,0.014682701576986404,0.024782968322447422,0.0,0.02052854446395034,0.016705522361096972
2023-10-17,0.00187530163152519,0.007387986403383243,0.009160498819828958,0.023073593511498576,0.0033389254503015664,0.0066094538735263705,,0.0,-0.005259735047121897,-0.0043128494253990715,0.006086326966679864,-0.0033727371580100926,0.003143768434897965,0.00590610027566659,0.006622457502678583,-0.004683849312426314,0.0008156913563079097,0.0008572395255486042,-0.016128379416171224,-0.013134415798121997,0.0,0.0060423930238374815,0.006019603594667731,-0.0021665940746836143,0.005899737952110076,0.02011857640412544,0.003607874936268621,0.006430868807144029,-0.003571388298427664,-0.008115309855915274,-0.0026703471596121707,-0.04386656500249367,-0.008583638195786725,0.007190806469660208,0.024989989772358834,0.004179515325011776,0.006001074589730979,0.0,0.009389776086719658,0.007891924035398555
2023-10-18,-0.017766632739091542,-0.014830843207130137,-0.012848161787762937,-0.011287079412353608,-0.011173318809335198,-0.032131328270896174,,-0.02792390619514754,-0.011602991086321322,-0.027677065274059824,-0.017877243172747803,-0.005929535701861874,-0.02919503297624162,-0.012788762039682485,-0.00995040025176424,-0.03050754829148883,-0.014886473802075905,-0.0008572395255486366,-0.024211260784440847,-0.014528160120726274,-0.010531894008993743,-0.016194706625089927,-0.022762783549051074,-0.011041666613266766,0.0029368675161594985,-0.07025614589361434,-0.00843877344866503,-0.007506809113316648,-0.003584295788616608,-0.021244224131384624,-0.024358318519337126,0.0,-0.015201168084230662,-0.004102698558328792,0.020164079922572815,-0.022268207693830568,-0.02749874856488502,0.0,-0.005045087367759114,-0.010777450252461065
2023-10-19,-0.004970264109479107,-0.01072972855606058,0.0006155330714976297,-0.012898778526637976,-0.012436528107011097,-0.023400931635398244,,-0.009568179223306206,-0.010053583908216781,-0.007276229754657098,-0.010182633034770733,-0.015411357145284334,-0.012193682721352742,-0.01359053201557816,-0.010050308319938858,-0.009727804784457377,-0.0005174131026693333,0.0008572395255486042,-0.009215638593244462,-0.0026166814596111747,-0.014216964907630397,-0.01438865443161585,-0.005386741467876515,-0.0042581485040434925,-0.0029368675161594044,-0.02652397579475627,-0.0036386878944517967,-0.013001223835825311,-0.014466836209395817,-0.00568580863493286,0.0,0.0,-0.011001216013003202,-0.011369573987202833,-0.033635273692861505,-0.006503459882666447,-0.014038154812038142,0.003722893920590722,-0.047346194729710064,-0.008463157254652909
2023-10-20,-0.03351840732906276,-0.02512420894833317,-0.026186076102277106,-0.02440519625267218,-0.00914292266469732,-0.015438818035388246,,-0.019544593234390152,-0.01322290222055842,-0.026738100032829854,-0.009531100800625995,-0.007795620277120552,-0.03326238572270686,-0.016847544044907563,-0.010152244030994179,-0.011799485362449642,-0.009566455259859663,-0.01380512625759572,0.002870158540467804,0.0003492821720618119,-0.03698334640137583,-0.016701869927362882,-0.016336458377876194,-0.016236920596601128,-0.008862786016214055,0.0028757723992380003,-0.010995754602629821,-0.022051616481069892,-0.009149081960114843,-0.017870729702479153,-0.013793427958357493,-0.001121702046908458,-0.01785762555359402,-0.012552545736442365,-0.02286341086317972,-0.014528113290405258,-0.013816387387286052,0.0,0.0,-0.022345879948954244
2023-10-23,0.007502561572151844,0.00771344798686492,0.015047271006906565,-0.02852922373001885,0.002293531248480359,-0.007097383123939008,,-0.0010326158600289209,0.011874619689432056,0.000967352601609396,-0.020109978901489918,0.003472279661561859,0.003937940366202016,0.0017783477451399179,0.016863692760681386,0.003948754786465685,0.006560745070670701,-0.016645296595855404,-0.0027697818565306713,-0.010884882560955456,0.0,0.006296009555298999,0.004694992333911319,-0.013734918090669016,-0.00595233968552086,-0.01974795678379564,-0.004926089041464536,0.006666490561796432,-0.0046061782915869515,0.004190285398894797,-0.00836818230227733,-0.005627575908053775,0.008968674095954206,-0.004219442546952113,-0.009449445284367083,-0.000522761524050275,-0.0033784234457865303,0.0,0.011299650684578303,-0.019812801793488696
2023-10-24,-0.003941872561373937,0.002193071072890271,0.0074397067787349246,-0.003918562430193373,0.0034305599669918305,-0.07235611908691474,,-0.012866470510544422,-0.004394118704331565,-0.011181665700352348,0.001028019033767945,0.0025961484479251305,-0.01413653626842132,0.006600717721712138,-0.016863692760681507,-0.00890651910712902,0.007651831807016959,-0.01333927657725573,-0.00013369311849783933,0.007211286660853725,-0.0002652921189397439,0.015568406710787741,-0.003910830217836053,0.001204773203123331,-0.0029895469750980085,-0.0019542454648815706,0.002466046999561476,0.015385125919273372,-0.009276722130193708,-0.011379262160420497,-0.014104640422423423,-0.02862236973943159,-0.011223467522947762,0.0021119996261241,0.007597548050729349,-0.02524182855143078,0.008005186642252398,0.0,0.020022934187701017,-0.005078626806276532
2023-10-25,0.0027609597170836124,-0.014341232082365924,-0.028824061503253624,0.003136109315319429,-0.014951313839490294,-0.003067650543023595,,-0.006561639599300789,-0.003733142023711186,-0.008099151962841781,-0.008254112904256037,-0.009552806519533448,-0.005138539136293184,-0.01585021263694323,0.0016991151649276188,0.0709789415494876,-0.006821568927567994,-0.017156215139516543,-0.008121867632297193,0.004197256425917234,-0.0026574799963304577,-0.009312139145495661,-0.00628926359646495,-0.005469305870196394,0.008941886660618906,-0.002238461254028234,0.013455796644532787,-0.020937553803421532,-0.01218935021838572,-0.003747014557479138,0.025246654721857397,0.0,0.0022547934269937305,0.012578861545414545,-0.01118372717997342,-0.0030435378140107163,-0.001679943938962194,0.0,-0.04045499207352499,-0.006385005613437538
2023-10-26,-0.007511460055317192,0.013245328165549226,0.0,0.022063832969610613,0.009227222624018044,-0.01392132106146944,,0.009696083204806102,-0.025832405310119058,0.0,0.01873055504582771,0.012142428374170944,0.0022870556138699246,-0.0004892074708032945,-0.00681435082888747,0.01196512864109097,-0.002180289761174752,-0.030515534110152155,0.0007748653546558103,-0.008412204094101067,-0.008014953008538472,0.011369625882618282,-0.005535929047141415,0.0025608093666253974,-0.008941886660618811,0.009340059435735801,-0.00976815278781548,-0.0022295481349824306,-0.0009438860804924134,0.007430106992386479,0.011019595961200883,-0.13005308735206741,-0.009049839707897066,-0.008368302340648745,0.009947349412501165,0.003579659162116217,-0.00801861246793854,-0.0012393355520222086,0.0076163036150512144,0.015760489040181375
2023-10-27,0.003565195432676098,0.010905245757720557,0.0044402064994470535,-0.03704844941971974,0.003438359373451601,-0.028437898895543243,,-0.018779675442426584,-0.003145231052128216,-0.016147373396466106,-0.02835977747862881,-0.005185770302562589,-0.008315400201938515,-0.0021227132193703114,-0.0034246180653339474,0.0,-0.004061950342294965,0.07068157318020996,-0.024128090956206546,-0.008661043979947243,-0.015407762486272979,0.0020534924875774993,0.0015847480315634864,-0.036683620587098946,0.011904934724722743,-0.02344455846256878,0.010982459736404483,-0.005595926901182177,-0.0056817632746291105,-0.01912775200722588,-0.011019595961200933,-0.018692149463199557,-0.006841535008014307,0.009409250752134422,-0.027119811707125453,-0.019302388971435852,-0.010221680431293519,0.0,-0.011446233444838187,-0.022702198431590166
2023-10-30,0.010228110323148774,0.001083783687447779,-0.0006331392762715602,0.020449054164820964,-0.008041328018546989,0.02843789889554328,,0.018422484048320264,-0.0007003030533625589,0.017624949010178113,0.01788333533705698,-0.009577857974533187,0.016845513581334872,0.004403592549003184,0.02037426112318282,0.014532517202514103,0.009348759100111655,0.02505529537817946,0.03697493409798375,0.01707324807404823,-0.018974908746295822,-0.023872475398164287,0.01882415395792981,0.012669143915899706,0.023392868775746267,0.014842196722277684,0.020421235342999076,0.004479135592656377,0.007568420777284108,0.01875114771192621,0.035377914480537995,-0.0013486141824881955,0.022625409989052006,0.014463205982194173,0.014983392933500414,0.016797875379583844,0.014871739721601598,0.0,0.0,0.01713828215375853
2023-10-31,-0.007069835499058023,0.0,0.0006331392762714762,0.024986812057775854,0.006896499893575623,0.0015564632919701485,,-0.0006614522516612323,0.004891775874043003,-0.0041919004526628405,0.014282072933660446,-0.013210363427901198,-0.0014166521144766742,-0.003096845787571111,0.008368144957043742,-0.00723990706106456,-0.008722868631094508,-0.005990634419251514,0.009198566408941511,-0.013175387880007291,0.008569385836743474,0.00628282492353066,-0.0023337534979734546,0.011863565017138937,-0.005797059962634119,0.003253187660817319,-0.0011898653181674707,-0.005602197422623221,-0.005671023414744338,0.002632534398208827,-0.006863324139771723,0.0,0.006688991201369369,-0.008239027663586604,0.011672430909142571,0.00017909119770025646,-0.01059997939861203,0.03613137930009087,0.01598817392895786,0.008585642165531619
2023-11-01,0.0019689026428409357,0.006479644428064946,0.01756632770084254,0.002275334598328314,0.011389663469290516,-0.01567424513825892,,0.0009261330870445261,0.0034794331036057035,0.007140202528264644,0.002781711494656498,0.011458972374188848,0.006499927976969094,0.014262826370967966,-0.0016680362978526862,0.004531045273733051,-0.012277758044403099,0.011097084098602848,0.011624981210801062,-0.00017681483563295594,-0.0019287421142609657,0.008316124911209411,-0.010176228428566383,-0.0008631503402768318,0.025826395399819832,0.0018339103852383363,0.017699606362040272,0.01781794480386637,-0.0009483617012305657,0.005244061021058709,0.00549449280525518,0.0,0.01324523273074868,0.01945785441629759,0.0017003656319549562,0.00125281662126627,0.024006294566423454,0.0035821271146634606,0.02682718370661907,-0.004031103321596794
2023-11-02,0.0082272097359808,0.009641328262969664,0.027600699353117986,0.04517614666574045,0.013498614789025023,0.04176943554221541,,0.03826910088969619,0.02436218949771392,0.05047116367381824,0.04324308499986302,0.007856969366683581,0.05160316344661069,0.027459899104304825,0.02147070558849929,0.025001357061805084,0.01404937225285473,0.01600037627076906,0.021259576435965252,0.02255937319747378,0.020743193014931344,0.0,-0.006314172031390092,0.01769181944977271,0.011267613006645758,0.03476579151288083,0.011628056939717432,0.023992386530006057,0.014131289248344388,0.03979542281959763,0.04027387787863217,0.02136263727103325,0.017391750445569187,0.014098862947959659,0.02952589202440618,0.03807813125839654,0.011173170222335028,0.0,0.036105091754524664,0.0313427874199557
2023-11-03,0.018171746688827355,0.005316280550235097,0.016201951643545712,0.02855306358150616,0.006681586922440517,0.026907416147403183,,0.019160859266054184,0.02543638085616159,0.009980213328010691,0.03466911936677486,0.013817066731100686,0.014079108506085652,0.02198913168024729,0.01941812623639507,0.012270073476057242,0.02721580563516279,0.0008350478133176118,0.04322588602181532,0.0012096048612911612,0.011281187316569696,0.00824742169750161,0.048677076349773,0.01111069128209038,0.013908468158202543,0.03740737763585883,0.01605543932249865,0.02448238234445865,0.01669788177000404,0.01567334849975892,0.0026280761831033654,0.0,0.014973548341640792,0.014888583841194833,0.01606707116061893,0.01960686546633182,0.00697149670408612,0.01224096554213789,-0.005689974078913742,0.027031839649337995
2023-11-06,-0.00038311066789720134,-0.023606177241799958,0.0017841338140558696,-0.003171945435436939,-0.008918740325892873,-0.004434642181660818,,-0.010038938707000379,0.002310615332884534,-0.0009242153074927813,-0.005219483605195168,-0.006021446453980179,-0.000263821280505557,-0.004144060113626881,-0.004819319899157703,-0.007870594640384407,0.008072760636252934,0.01819741985286823,-0.011388582437501531,-0.010765874625860736,0.013002831709287134,-0.01239701450427341,0.0,0.0075239237203101545,-0.053913768118037844,-0.004468303253216405,-0.03826564668497011,0.0,-0.003686484975956687,0.00011794165900893751,-0.010554137339000324,0.007894822705877897,-0.0042553274220335415,-0.03509121748071739,-0.008001359732819699,0.002697643201201499,-0.004915961432035719,0.0,-0.001427526630633826,-0.006750156734204213
2023-11-07,0.008396828925047548,-0.013114980656740294,-0.019196791913866865,-0.006018777466159042,-0.004489314479120428,-0.008928567491594307,,-0.01371432908871309,-0.018636087960851224,-0.0064934353713579545,-0.0019047330892071439,-0.016529386933764607,-0.00901125309643066,-0.010668683243216931,-0.011336201428473433,-0.012367722249184714,0.0020080723921680347,-0.005754358889626602,0.0001234865011879632,-0.01636930173953019,-0.0063474594068933755,-0.009399553012435015,-0.018265244157504187,-0.0004860475962896939,-0.020619268792870953,-0.005415086552250831,-0.008308500158194248,-0.011634167286634758,-0.012076336200409862,-0.00911187648153803,-0.010666785126320327,0.02331705422811438,-0.010718220919607235,-0.009226084719835685,-0.010167424754021588,-0.010153995982468867,0.023138929432408317,0.0,-0.010772106811217728,-0.007283487229422319
2023-11-08,-0.0969077235372238,-0.011062195523744522,0.0006055364543867337,-0.009634381654659319,0.0,-0.0014959275808926757,,-0.01054005533177465,0.008695766964546452,-0.011466196740361242,-0.0033423339413390287,-0.0061592015227574515,-0.0032002737602850385,0.009283629990392141,0.01775678262536217,0.002663173037007959,-0.01658607941154731,-0.014113957673671322,0.001881182115423486,0.004603453173326042,-0.00265677414410958,-0.009488624686645799,0.0015348824267125314,0.0049183047112093346,-0.05820930925232793,0.006073424271714592,-0.0563876112600305,0.0,0.012076336200409887,-0.0004756802329143658,0.00801071972397071,-0.06890143199113127,-0.002157499092118213,-0.07039148727400543,0.0003004083985834678,-0.0017025578799475377,-0.005633782465404404,-0.0011780988540437537,0.022841815413789334,-0.001463104787398503
2023-11-09,0.0215418257978176,-0.003342538961401327,-0.0024243489773345885,-0.012991706516174978,-0.004509559343329408,-0.002998507648680013,,0.0006458395062463682,-0.012397651226710667,0.004695850233710536,-0.007681050085336498,-0.004422973561470902,0.0021346159844313015,-0.0021585636820946764,-0.011263144945426911,-0.008904777845486352,0.0007135103884498128,-0.005029299668675204,-0.011714976546377907,-0.007802870784094375,-0.0032406595348941645,-0.006376180621182586,-0.007698338241775283,-0.0029757544506256108,0.006289266213205752,-0.023709093389957983,0.01997576523256318,-0.0280491689591099,-0.0009238312112949331,0.0010698890840547847,0.007947057734098198,0.050813133289977906,-0.010857986443865994,0.009895607386342459,-0.0006012815790016158,0.004759561399387391,-0.010955802881041135,0.0,-0.021017230490649904,-0.014254082854065344
2023-11-10,-0.009470931571662056,-0.0022347273105891995,-0.010369021913898296,0.005433676329282301,-0.0022625875631226817,0.0074794394520897815,,0.0043809194033524335,0.006720450415251824,0.0014045962384654253,0.01387892868962429,0.0008862215098384728,0.004255275275197267,-0.0026272622815543267,0.009661883647695766,0.009790835796865236,-0.006338220509924179,0.0008399578213421242,0.014637613121337665,0.0202668642490685,0.001621549551549431,0.0010655838686388552,0.014576388548022767,0.014722275524445869,0.021706258908371853,0.015249001110513525,0.023214176967760538,-0.016547837985246745,0.0055300095028820466,0.0056863363915402,0.018301177527462256,-0.050813133289977885,0.004357307796107375,0.01627813429019926,0.01610547195378174,0.007265420398301733,0.0012232462927336764,0.007437959210618811,-0.014465373607081649,0.012055601821808835
2023-11-13,0.02452108621634195,0.011123721864899126,-0.02924006898950448,0.0007224117465939507,0.017957837966921294,0.0,,0.0037215947155565627,-0.00066996396229118,0.0021031020255297263,0.014626421047066022,0.014072371707409352,0.0026503393357696038,0.013526204043677045,0.0,0.004419012425124746,0.007051514793562289,0.008361309069376793,0.004291826450864823,-0.002445471710420501,0.010477166002947357,0.01374941742365613,-0.0007618863573175366,-0.004448864364050161,0.02124508976735818,-0.0038569827289079302,-0.001208376639732796,0.027429106129758258,0.008237985644650404,0.0003546470330859041,0.0025872780792006314,0.013624220845780934,0.017241815935663624,-0.003234497639470423,-0.008169417016736536,0.0075470832828192025,-0.017677784724247112,0.017781681562586336,0.03021372931272594,-0.0029390120883648102
2023-11-14,0.014429074324638762,0.02296429449558128,0.03535248697937081,0.05342088132302068,0.014356935758152571,0.029370732552533484,,0.030527106381516445,0.019579162219259268,0.025807904353495236,0.03813913594300475,0.029262097274585848,0.02972849837641269,0.03022563391407101,0.01747459720817915,0.025251648410370264,0.0014245769922486351,0.02548426045367385,0.03548889982691625,0.02623560691758528,0.012217927625311015,0.02592164477429242,0.032248818046259,0.018082296186238515,0.02958796315626309,0.04265383685359064,0.06438728812799262,0.015037790400723654,0.02074951681364069,0.027258235707582526,0.028027342385569417,0.0,0.03154837470127834,0.054635362082636134,0.027798104071303984,0.019851796797937044,0.03183945856241938,0.030190928995769754,0.0,0.031626017731699554
2023-11-15,0.006742043849930562,0.01608615689868976,-0.006112417989866396,0.013596548918320777,0.010905251363888577,0.011510936035605912,,0.009274765359379804,0.005244219410793691,0.005670931201998415,0.011654198919452808,0.00591950695889132,0.00461406097315198,-0.015224322209618803,-0.007905172936755094,0.017895679630835593,-0.010966261441731214,0.022472967163903238,-0.003312030218214298,-0.003071134713510538,0.015455287535159498,0.009169707571579953,0.007352959841275931,0.00871940708796946,-0.020619268792870953,0.01734342595605014,-0.05236795379525472,-0.001066644225889484,0.009773549824239692,0.006757375150238946,-0.012642430626746741,0.0,0.006192078732028534,-0.032210442475025414,0.011393966038172802,0.003923530004989097,0.022642478614618284,-0.0074627106239104485,0.024257086640943885,0.01789964476290892
2023-11-16,-0.006344208529787598,-0.02041973080669468,0.0018376852217464128,-0.002704602116554432,-0.018610167904454248,-0.007178829940845396,,-0.006669181675247112,-0.005901703128252601,-0.004307178362089767,-0.004690007868515389,-0.018723808023522758,-0.003843534803731628,0.00015049238299768693,0.0015861158877265864,0.0008442557130768927,0.00623967271098912,0.0007933119386107952,-0.002758608624034542,-0.012552861450936374,-0.011240345947768009,-0.019457805334352252,0.0014641751625434633,0.011355379020294104,-0.00896869436339208,-0.0002513961366062234,-0.0035906618942802937,-0.015054076993388985,-0.010666848008642517,-0.006871956281049004,0.015151862414990244,0.0,0.006153763585365,0.015715325006186893,-0.0063300195293309975,-0.006383515996630361,-0.0007858847462654805,0.0,-0.013158171976708233,-0.007262642078627324
2023-11-17,0.009895245923695645,-0.01091727260071128,0.0012232948206496426,0.01478532595228849,0.0,0.03677923617691279,,0.011948183004936308,0.016955130177407653,0.011743789613776784,0.0153284265127865,-0.0008595624106564826,0.014780891377127897,0.005697860323484397,0.011032374229336693,0.02910799592098708,0.0079507253233677,0.031228063478824623,0.00745719221921012,0.006038080066493324,0.014095975154860376,-0.006224167432729185,0.02242402564257795,0.009005093978007193,0.03249925470963278,0.007753131787913849,0.020178769856623646,0.006674184169766785,0.02296913654238014,0.011313466565200074,0.01245337008634236,0.06673503988554538,0.0182375969989694,0.02666815929668171,0.012905328514858176,0.014993784635643739,0.029054948239962193,0.042169400675178985,0.0,0.010059935807421823
2023-11-20,0.005107126421670984,0.018488881541537355,0.015165649158637332,0.001000005861750182,0.022939270861818472,-0.0027816473660631316,,-0.003925781610409681,0.005802698137755858,-0.002472698540668083,-0.002207076638998311,0.01789562784859354,0.0007587470779877284,0.014252031307323844,0.006249942197568297,0.011410049791361615,-0.0009259941219518329,0.006893918202272261,0.000766352962596177,0.002233575204894732,0.004138385573072593,0.022634698578357045,-0.003582942030819405,0.0030707479089281346,0.014430230325408872,-0.007250921059883119,0.015160709919997132,0.015401868395101081,-0.0034994188499324268,-0.001933562732786666,0.002472335824143664,0.018809343518429018,0.00800014862095776,0.009068155085180291,-0.003425113622217577,0.003068657742252348,0.0007633880221118967,-0.007569039125660337,0.010977079755804777,-0.003964988670908483
2023-11-21,-0.013015566381277072,-0.006486468627743464,0.0024051326003287333,-0.011731235528841448,-0.007588227796762501,-0.006988050891656655,,-0.006536524059330374,-0.01163933672975684,-0.007908806479797748,-0.0037630445734561763,-0.01703606543793698,-0.015026283983831577,0.0022088116452332837,-0.009389622759816238,-0.012230075192593226,-0.022170932492243396,-0.011516377674762419,-0.013285917010265292,0.009904334949222483,-0.004397976025979794,-0.021594721129179685,-0.0028756414528089743,-0.0020896251034769535,-0.005747157689675204,-0.01555297199274059,-0.015160709919997038,-0.0076713397915693544,-0.008802869683805191,-0.004450314156252207,-0.0024723358241437224,0.0,-0.016064609102219168,-0.004020131341649209,-0.01294989445382731,-0.008420933589274026,-0.010354796944403291,-0.02565175253331884,-0.005107557233354412,-0.0044503821715285476
2023-11-22,-0.011981040293769464,0.0021666943547233777,-0.008823273722580672,-0.0010120186755179553,-0.0021786659441438636,-0.00845076714373171,,-0.0023535815833994225,0.0022738375691202174,-0.0029534942408158816,-0.001553770647306954,0.002573970864333286,0.0058846049725057815,-0.0025035729645557737,-0.001573636618060342,-0.008237192522894189,0.0029426624133491092,-0.004644021620657226,0.010896793677075578,-0.003574724626593805,-0.013836384701953268,0.0,-0.004329147741315248,0.002350627013502214,-0.005780378528553051,0.0002545763481159938,0.001174376585385482,0.0010994988889562796,-0.0070986453830923875,-0.00630995050815235,-0.0024782089241354287,-0.006230532429169833,-0.006091496068303327,-0.0060607139379677466,0.011948505954788748,-0.009313100752791976,0.005765941244945598,0.0029652697952593085,0.0021920924833725747,0.004216490447021002
2023-11-23,-0.005236548044538125,,,,,,,,,,,,,,,,,,,,,,,,,,,,,,,,,,,,,,,
2023-11-24,0.014036708989884373,,,,,,,,,,,,,,,,,,,,,,,,,,,,,,,,,,,,,,,
2023-11-27,-0.00039821841633770047,0.006514580530202973,-0.01493491345195238,-0.005734604691153463,-0.0010875555840255328,-0.011142266691859325,,-0.012941693432314407,-0.008368235854754023,0.0,-0.0033217976682618036,-0.004290150672023076,-0.015333596370902806,-0.008648057901103167,-0.0015637024088991527,-0.004950435971472446,-0.0050606547761774465,0.0007666487104118278,-0.004254669513827301,-0.010304995714231274,-0.00025884617028422045,-0.003113807780891064,-0.0028735756656294792,-0.002282131076313645,0.011560780202577791,-0.008940000441794596,0.020882510720527808,0.0,-0.015817567791926158,-0.009977641465586898,-0.012330585011722388,0.0,-0.004008125721612389,0.016145659828951726,-0.009135193003043935,-0.008000822853493744,-0.005713155338868003,-0.005820369870479249,-0.014337215608628818,0.0023272489092414695
2023-11-28,-0.008401942529008595,-0.006514580530202922,0.020478570422601743,-0.0010153060436400864,-0.007646126524490207,0.002797281546915211,,-0.008471419057581734,0.0003231645360093898,-0.04202894759894921,-0.00489226867155846,-0.002582835311548896,-0.005681806578700899,0.015628803622243646,-0.0015661514041222313,0.0057731599204601915,0.004008473996649049,-0.0069204231410970605,-0.00017778353022318316,0.007780850077841247,-0.000518369122515232,-0.0041665321044376995,-0.0014398501615343028,0.002282131076313671,0.002869450122830927,-0.013821938040970766,0.0011474259738395198,0.021460036818673544,0.006181011815489848,-0.003926589347294802,0.019656621434040875,0.0,0.0020060197557353215,0.001000431469936626,0.0052912573505143785,-0.0018049650672305301,0.004573195564270899,0.005094673575045453,0.016470083397249594,0.008102842524244994
2023-11-29,0.006407820722547888,-0.009852234794343353,-0.016099407469038648,0.026071093845454172,-0.007704916540565704,0.008344985144944101,,0.013421391837826055,0.009646333585846866,0.035676834183599,0.01964519104690965,-0.020026830590019883,0.01669479512131464,-0.00902615842836768,0.0046911148737421296,0.01712232647999016,-0.0020021289373148062,0.0030815733551164837,0.015878192717565156,0.020017311054651214,-0.014617759046489449,-0.013662830881895339,0.014306446984514635,0.005067209085172227,-0.02318943367025132,0.021489633356152803,-0.017351534237710565,-0.02037603225934871,-0.009730217615604421,0.010474986616074733,0.004854355353341818,0.0,0.005994128865222381,-0.014098862947959775,0.02298327027129213,0.0067108644799133135,0.039147579307942035,0.0,-0.02226294707057978,0.009409001561844793
2023-11-30,-0.016908482660260446,0.007671242637527962,0.008701079996655144,0.013870558049083805,0.010989015542213086,0.0,,0.015677016478211455,0.00415136439058088,0.01871307612497179,0.007621266710540995,0.013106476872982685,0.050656210631247395,0.004814409972759107,0.01548035241854463,0.006446402695181241,0.0007379095973059064,0.0,0.0037547944326556935,-0.008458387123491068,0.010463074519430461,0.004223846828051705,0.0,0.011340289184654052,0.0029282675760733713,0.01000677256034915,0.002330960699509943,0.009703635468773536,0.0026630317975993665,0.03455018253175455,-0.004854355353341749,0.0634563643662303,0.0019900512180537834,0.0010136150677101134,0.014942186475345384,-0.005069840005103805,0.03237689947586217,0.006512307123132028,0.0043477327398431095,0.0183326541915328
2023-12-01,0.004456066105663982,-0.014293741616201972,0.020821308725463145,0.015297393694099002,-0.013201545877952199,0.024625085658112507,,0.02318289202492659,0.005719793801855191,0.009780132737179169,0.02421636086482677,-0.00959466561377092,0.014423435284317668,0.022165609930964416,0.004597651215981318,0.011182291586171443,0.007560761542171641,0.0015374225316630533,0.01997223919683586,0.011097397102411342,0.005967089837467483,-0.008465610241794166,0.003544759963823066,0.004857654655243753,0.011627995731403214,0.01934794531880496,0.005804088460829762,0.023330829253795524,0.01670374179444159,0.00760368029582952,0.007272755712510042,0.0,-0.0019900512180536707,0.0050532266088899195,0.014992525628660405,-0.004766284452394163,0.015106589792811879,-0.008328776307790848,0.022167502055152354,0.009597221753686234
2023-12-04,-0.0008087950028538533,-0.0011079853207418768,-0.019584435913266123,-0.004532304523266815,0.0011069391415902557,-0.0442061620353596,,0.0015421543450542731,0.004426188383139631,-0.007548982974669272,0.0029597876947464468,-0.0017542642495117675,0.0035734107823055237,-0.01246187919354823,0.0,-0.00797452338681887,-0.011045054192720023,0.0,0.002751606715951195,0.04114473430908843,-0.008051072691418457,-0.002127648051549096,-0.0028348020325038885,0.007305406841093015,-0.020438648942513134,0.003948147932535927,-0.015160709919997038,-0.014783708065714881,-0.012280914315971328,-0.0008785606000385729,0.0,-0.021102718360737956,0.0019900512180537834,-0.016260623621712694,0.0024323322852497697,0.0004940899621620015,-0.009106878156890638,-0.01391459317390338,-0.009950253741484482,0.002218812436323124
2023-12-05,0.02556065342009371,-0.010028123482293372,-0.004335764558330964,-0.007817608012640595,-0.010005651201334391,-0.005665599668118011,,0.009204697133710917,0.019060094032087884,-0.012107685575916823,-0.014244953828240347,-0.01147930893472433,0.005927686489738126,-0.007087511554872397,-0.004597651215981339,-0.0024048609673033893,-0.009992747410204186,0.006125502394916668,-0.022109168237475378,-0.006024976643783928,-0.004180859837580608,-0.016103556447655515,0.0014183265297324002,-0.00012648962676456253,-0.01785766572975359,-0.012889095949987224,-0.013010352376733581,-0.0010643896610608536,0.00791218913068321,0.002414457745234986,0.009615413064042342,0.0,0.007920836699664204,-0.016529199201278138,-0.011947101449053676,-0.006608303770214681,-0.02493901613994601,0.002945617810233296,-0.004294978400110061,-0.014060976684022172
2023-12-06,0.010590340248455376,0.0,0.004335764558330923,-0.0016363726926826824,0.0022320346239463554,0.004252279381402111,,0.008305779818772544,0.005555544796448418,-0.009291908037161178,0.024535978420159636,0.0017746008100471336,0.0037754253852064173,0.008528115808625203,0.010695243300117091,-0.0008029072320491442,-0.0040681228758274275,0.0030488786424972174,0.0006433053814542758,-0.002388489238708033,0.008604069407907946,-0.001082891838896914,0.0070622414559910465,-0.01056422940114238,0.0,-0.009524881582280768,-0.002383807278622074,0.012698507488010598,-0.01056345321323629,-0.0015358971451965688,0.0023895679167093794,-0.02762936948409663,0.005899724500327638,0.002081127111855658,-0.02461040546612311,0.002648661862047352,0.00396036633239118,0.019297751671460816,0.014245232141594523,0.00022453945539243717
2023-12-07,0.009706802224924918,0.001119145985974125,0.0037014004244399442,0.004249038472109042,0.0,0.012649411519019065,,0.002675636284213933,0.01678660287762855,0.007259760185241506,0.013283683097398056,0.007067277907972577,0.004464981396069706,0.011305899521895695,0.012084675503465927,0.006405196066348501,-0.0024703222215623545,-0.013793376924193529,0.007719423046566533,0.009993049084039841,0.007757940172295092,0.0032451638890848345,0.01467014595676294,0.0030662745304419494,0.03829631467226676,0.01176782984206285,0.03517373002610575,0.009419275154627399,0.016674317693125062,0.003616331211813685,-0.009592353389918538,-0.024662156292919568,0.011695945327414269,0.03473277049585118,0.024064057543266678,-0.01902608429182382,0.012143100973026998,-0.028531514231601125,-0.008522658398570927,0.020022923480102203
2023-12-08,0.014576514360387602,0.0022347273105891166,-0.0018490857871068993,0.009737246756481114,-0.004469188027398699,0.02482890064412248,,0.013387616286830724,0.009938333025576625,0.013024928627522532,0.008009083086349868,-0.0070672779079726245,0.00863777808892962,0.0014220245301069998,0.014903392788172763,0.018972883819441212,0.010377112433649211,0.0015419736888815578,0.017859430115292774,0.018452465487489494,0.009996290933955654,-0.006500710102330935,0.011720254360830545,0.010973614106662656,0.008633170362774717,0.02373582298764515,0.01145478284975089,-0.0031299834583094098,0.0078024391127611056,0.008278990636534608,0.011976102783122888,0.023443328653090355,0.013474802988137757,0.009990106286460116,0.010737508292050951,0.004539120851329459,0.011997267960886787,0.0,0.009936053734832362,0.0153008604101357
2023-12-11,0.0,-0.006719032922750889,-0.0006169697897860712,-0.00355930474537015,0.00223715340345252,-0.00683527175282056,,0.007196031490035478,-0.013880712241721568,0.0020059727205373745,-0.01525176002005214,0.005305185499032551,-0.0030265674481644135,-0.0008529026653643383,0.0014781783628472012,0.003127511061497913,-0.006941875898743724,0.0030770221978982377,0.0026473036777012113,0.008485726982051408,-0.0053702525544141585,0.0032555462132459667,-0.0013717855877027954,0.0036521899507819676,-0.014430230325408789,0.006541501668158171,-0.00915344330218896,0.005211028557956574,0.0025872403547875307,0.003032752663294702,-0.00477331730991375,0.010915907666711164,-0.00960632429710396,-0.008986562400449018,0.008481022195278238,0.010511440302185336,-0.001052747515881349,0.0022238913829114005,0.0,-0.002171505465770984
2023-12-12,-0.0015244164549034062,0.024418642619999147,0.0,-0.003572018661814021,0.012215612607526275,-0.005502085573804099,,-0.0028493586517256927,-0.00273843095875211,-0.0017828349171936037,-0.0018709222241600054,0.014010756241839997,0.005348306127707884,0.005672899994575092,0.0029499038213020644,0.005449555526718299,0.0053442383205088055,-0.013921393889287717,0.0024135671406133757,-0.006782847462507867,0.006644499857786523,0.006479649458215217,0.010242625365957863,0.008885575120239735,0.0,0.009373903427010652,0.0,0.0031137407493141513,0.006011159198881073,-0.001190440662432276,-0.009615413064042394,0.0,-0.0038684786910337674,0.005002468115915353,0.006946383585046808,-0.010343732861439922,0.002454834335864412,0.018705861759758507,-0.012078288148228165,0.01016554880190317
2023-12-13,-0.0007629478803857113,0.005467427835797991,0.03636761378179358,0.04142030217818452,0.007696444800024608,0.027212535263224574,,0.03090651592423312,0.008797214793766836,0.02554644388777008,0.026285069807969918,-0.0026121697086458535,0.031277493031865555,0.030638820293203507,0.017518647158953033,0.008504045199101784,0.016911909196736408,0.023095774926701652,0.028296148587313774,0.019453710471030426,0.005588106132932326,0.013896516132752595,0.011482680453617132,0.0033584559539331102,0.014430230325408872,0.0239924529432446,0.011428715431426916,0.03462668381505877,0.013605788517923052,0.031339212605304645,0.009615413064042342,-0.015805941762016443,0.017291603004711224,0.010918266865993793,0.019640570711999716,0.025824946529186103,0.014258564188070982,-0.015010331370631293,0.05357802764767046,0.02738145253358822
2023-12-14,0.038559790284792686,0.005437817921922451,0.016529242974163662,0.057609253837168584,0.011976155932000031,0.04334227232038187,,0.026321474115402713,0.04344016305676753,0.024273440315209765,0.018076215957451177,0.008680597818132758,0.02134840574100771,0.012268353528401235,0.021475396125056345,0.010719921511967533,-0.009266141440141483,-0.0015232773640765883,0.05560258717723132,0.014458126846907837,0.00404458439457488,0.006349191469061187,0.006693452334196016,0.018028585748801774,-0.008633170362774662,0.06126313760765771,-0.004555732929620441,0.009960182597928467,0.02006751440496425,0.024055086840514467,0.007151519760106506,0.017011545117516087,0.030020933257452535,-0.014918398156477325,0.025007870104952843,0.02788022160350299,0.026913571043610394,-0.03490698707218722,-0.006116122602331531,0.05598278600615169
2023-12-15,0.0,0.0021666943547233777,-0.0029315409801755014,-0.010068314705527737,0.0021622999177507794,-0.03932354104668134,,-0.0030225853456395104,-0.012220186137980213,-0.016260443310145787,-0.008194142703186219,-0.006068428109486919,0.0008797137532814997,-0.0081621560147542,-0.008534878811438206,0.0007613406203040597,-0.018039660514023847,0.006079049497185254,-0.007748987178597093,-0.012033777326676279,-0.020130616585969027,-0.013807773842609334,-0.005351202788501703,0.007532717779570376,-0.02635591683985009,0.0059140159947780515,-0.03958616597306155,-0.010961783693983181,0.000827412651686738,0.005618988277085803,-0.021609534149941222,0.008398285107141615,-0.011152441670795227,-0.0662768527142587,-0.01178137871344122,-0.00829870442301053,-0.01592438491914664,-0.0007641581438445719,0.010172974610564383,-0.0039673845294696105
2023-12-18,-0.00036729442363306433,0.0,0.00527081239361903,-0.005072337631309314,-0.007588227796762501,0.0,,0.016406805195676628,-0.004400783012536569,0.00451958830599883,-0.0034173377633395677,0.0008692749411890237,-0.00021976327610737006,0.010462786850707938,-0.005730686698000631,-0.005341517079675922,0.015179368783730558,-0.01603707923944099,-0.010860108696977304,0.0007562799191792666,0.005134530547981341,0.004268865069132863,0.005351202788501661,0.006034021326623637,-0.00595233968552086,-0.0089942060228198,0.0023725555550999063,0.013930595683430821,0.00987660049450108,0.007105781688206802,-0.004866291351300108,-0.024185031537179203,-0.005623259710298697,-0.010764165558186708,-0.00568406491811142,-0.006914979174646914,-0.0027359425718484075,0.0015278156443657104,0.0,-0.013004121030089227
2023-12-19,-0.008485564673287488,0.007547298659203992,0.01564777066910623,0.002390013674017802,0.00866744538345296,0.018543539037821945,,0.02198598367660881,0.007323937364218871,0.013860940038108555,0.025252256883807122,0.0026030047203726126,0.024113239531649816,0.01808368567330253,0.004301111794746961,0.013677992795810773,0.009923125417007099,0.037027275224561826,0.015945646790185498,0.0009069468386591396,0.00892334955524715,0.004250778826341466,0.0046588715952887725,0.013266715075639505,-0.021116981368665976,0.012699761957827778,-0.02034772429723816,0.01665889030276588,0.006530749622937947,0.01176526563667541,0.009708892677092427,0.022989516814198523,0.0,0.0,0.0063278203312603825,0.02360189540101271,0.05041951184325459,0.017779849703988104,0.017391700428249668,0.0086216117432361
2023-12-20,0.006278789957133372,-0.029429853914586176,0.001149560671365727,-0.015942344277846358,-0.026231018784248064,0.006540290037118096,,-0.008883397314082069,-0.004974438865029824,-0.012573477147147441,-0.01703026156902423,-0.02545130496937184,0.003428289311818459,-0.015653498278795024,-0.008620803093454843,0.0037664827954768648,-0.013643192662049225,-0.01720949431546801,-0.012974541313586456,-0.00925860446080291,-0.007899317726649513,-0.024692773326139852,-0.020121364386327962,-0.011343325537295945,-0.0030533687221237743,-0.008521812257735259,-0.009720736395288036,-0.012714032310800307,-0.019721314081869595,-0.010653256082543012,-0.021978832398271777,-0.00720277038416093,-0.011342280989584914,-0.0086958714249497,-0.021206913627322507,-0.017328186636309358,-0.01245094590900829,-0.0007501132788233478,0.01839743362713106,-0.015086186894110315
2023-12-21,-0.010362706155419352,0.03585393750439374,0.013124327457893725,0.0066486316955248394,0.026231018784248154,0.011665770544454734,,0.02088058875781416,0.015427513429831216,0.015956146979854875,0.010529675293724998,0.02545130496937198,0.019907320872574845,0.01565349827879495,0.010050377996708501,0.01640606632230127,0.020969177745110288,-0.016743123764176904,0.008046663004516239,0.015734097727759508,0.015988055093889886,0.021506324664488256,0.014127337034573606,0.0056875050627575655,0.009132431600059663,0.016216370340436423,0.019347829120518127,0.020458560050969632,0.011551239920701182,0.012151921232661407,0.017136231072479406,0.0,0.016965540699883645,0.015168372626596236,0.012544351706795078,0.02282920404579652,0.011147674813145018,0.0059857770583624575,-0.021053416601558492,0.002226963124867346
2023-12-22,0.0007438266546960537,0.0,-0.0062553635784025775,0.006903698908303753,0.0,0.01407565104581487,,0.009821090574374799,0.0002888824991981897,0.00777882961380538,0.0051251860423845545,0.0008660663216899499,0.014571573548823944,-0.0005311854611389396,0.007117461850881836,0.0103017679017045,0.01654646698917733,0.0015336961783189752,0.00021025898950497322,0.0056878153356846135,0.013751961278963307,0.001063317886859359,0.004000057054516151,-0.0005972603793546314,0.023953306240355052,-0.002377797883759944,0.02483860620556479,-0.001930390047677841,0.007355937839872876,0.0059712382063967845,0.009661803198341357,0.0,-0.001870908651765663,0.02547903375855516,0.002334741589267006,0.005938445557753399,0.007147532590226723,0.01994168428524371,0.027542721327455656,-0.005475113386288917
2023-12-26,,-0.01180907266407116,0.0085204562947749,0.012780775924897056,-0.0054083205440547495,0.012626450584518546,,0.007505198301440389,0.00919802576038376,0.008549785845801319,0.00939327127328824,0.0034572742938687013,0.008642067883886308,0.007146716065990202,0.005657735522435383,0.005111396021223112,-0.0061729097661640826,0.008393726729692411,0.0025188217193718703,-0.004187956431748018,0.006928960844143918,-0.0010633178868592514,0.007952283251879513,0.005896558017019539,-0.002963048064104002,0.004642272134617722,-0.004683880050328071,0.005780227582174368,0.008110438264243751,0.011542652441664174,0.004796211191493518,-0.04812791196787736,0.007462629002552619,-0.006309156552320452,0.006842633291699138,0.00899648660777551,0.0048441393220810085,-0.012879784262585287,-0.010403253445856965,0.009309865680983253
2023-12-27,,0.018192032989053572,0.0033877193294564374,-0.0005908701797326506,0.012931127500390122,-0.002512568137546794,,0.005843270743331583,0.0022863158114692587,0.004764339313834744,0.0023345957869232545,0.004304827409209167,0.0014949131549879151,0.007226920720312535,0.007027511730259539,0.002909153575048601,0.010266954016234078,0.032152345742908345,0.007492487991908938,0.004784673526160752,0.004429337938832634,0.012685087258966346,0.002636794291288268,0.0059801527605393145,0.0,0.008793671305317736,-0.0023502516919344358,0.0019193750260574887,0.012043496812919503,-0.00343902265238911,0.0023895679167093794,0.057720163235534847,0.012927240605388204,0.004210559204765794,0.003211563611376615,0.0006175122883375881,0.004820853186184702,0.02234121229119679,0.00391394871995984,-0.006264472357305521
2023-12-28,-0.005509600470581094,0.010548516537580096,-0.003387719329456523,0.0011815705662664507,0.01170857456937647,-0.007575740351921264,,-0.007764816421814389,-0.012062190047463539,0.003506924748753099,0.0011653373152497298,0.015345469561016269,-0.003949740531887766,-0.0007858716426970305,-0.00985225432435437,-0.010953087618558453,0.024916804273486855,-0.02006759864191292,0.0050072402447272355,0.002681410512613862,-0.005169321085224225,0.010449357027968459,-0.011920603348980879,0.005298924523331325,0.026355916839850183,-0.00021360320766599576,0.009367812029318865,-0.003842340536443709,-0.00962314662955516,-0.0026609045440294864,-0.012004980980751702,-0.0023894808834965787,-0.018518960956175202,0.011488319031326116,0.0057548654505165196,-0.005571058877832335,-0.009017785636794973,0.0,0.02887597777804969,0.0030363104844536603
2023-12-29,0.0011043171215887363,0.007318470823806734,-0.002832273720305498,-0.006217963088511628,0.0010576492147161027,-0.0012682001106030713,,0.0016182727975698277,0.003749225662362963,0.0026735698265774334,-0.0015539780667810218,0.0042211427776414085,0.002704034153369251,-0.0017048257658578815,-0.0014155759677841717,-0.0051527069369684915,0.008828164687312859,0.0,-0.001657530417845408,-0.0016377205390387887,0.0004934584026274204,0.010341411670422766,0.0006660587357838615,-0.0011752203107942014,-0.005797059962634119,-0.004173566394258885,0.0034903407260992564,0.002883213835642607,-0.001612979819096433,-0.001975769252573004,0.0,0.0,0.00373125381288679,0.005178630725355595,-0.0034797590543183786,0.0027893437006456002,-0.0003236181720256791,-0.002901655356310237,-0.05259252165493235,-0.005268532843382982
