Bank,Delta_CoVaR,SRISK_Shortfall_Billions
JPM,-0.038423,161.6
BAC,-0.036528,121.6
C,-0.036461,65.6
WFC,-0.040633,25.6
GS,-0.03749,9.6
MS,-0.03773,0.0
BK,-0.041851,0.0
STT,-0.041172,0.0
